嘅	2147631
我	1012913
佢	939113
啊	906561
你	860507
咁	806635
就	800249
啦	789687
係	701648
呢	665094
咗	581103
一	512058
個	487203
都	470016
有	466608
喺	416559
咧	402725
到	383005
好	380532
唔	344090
人	310156
去	301780
嚟	274514
啲	273530
要	268078
我哋	266485
講	264917
呢個	256723
同	255737
會	245336
的	243641
一個	238357
話	236478
又	219908
俾	186829
住	179661
自己	179435
冇	178260
可以	174060
大	161081
但係	158910
十	157102
佢哋	156691
過	155657
做	151502
得	143502
如果	140847
就係	139193
誒	138439
三	136247
因為	135845
咁樣	129096
時候	126876
所以	123407
繫	123009
即係	122396
其實	116328
幾	115657
下	115115
㗎	115026
對	114617
想	111573
已經	111437
亦都	109571
真係	106782
是	106515
不	105724
將	105705
睇	105052
上	104682
小	103159
大家	102600
翻	102262
兩	101902
唔係	101890
而	101473
仲	101354
再	101233
咩	99992
年	99355
同埋	97966
之後	97867
二	94548
先	93725
點	93271
聽	90258
用	87841
度	87756
覺得	87250
都係	87153
而家	85817
知道	84276
咯	82546
呢就	78134
見到	77742
好似	77214
出	76931
五	76647
行	76519
可能	74020
兩個	73981
走	73727
多	73504
嘢	73442
成	72466
四	72360
一啲	71620
呢啲	69900
只	69615
曬	69481
出嚟	69087
邊	68295
喺度	67698
了	67564
打	67449
等	67038
嗯	66477
見	66340
諗	65931
條	64808
最	64429
叫	62718
中	62425
或者	61880
好多	61698
㗎啦	60401
個人	59953
問	58665
種	57586
點解	56971
之	56898
有啲	56859
張	56755
你哋	55860
亦	55859
跟住	55783
阿	55553
食	54221
嗱	53573
在	53491
事	53440
帶	53206
位	52843
六	52842
八	52300
就話	52268
一定	51582
老	50933
啫	50354
為	50321
不過	50003
裏邊	49988
向	49864
太	49857
未	49538
完	49443
哦	48780
今日	48672
入	48653
心	48583
馬	48000
天	47615
攞	47233
呢度	47202
當	46893
日	46585
頭	46508
唔到	45904
起	45719
仔	45706
家	45110
開	44911
王	44601
死	44528
七	44473
山	44139
但	44100
間	43872
能夠	43789
唔好	43639
埋	43567
一齊	43461
高	43312
然後	41901
乜嘢	41776
應該	41634
時間	41527
九	41445
仲有	41408
每	41050
手	40915
國	40856
吓	40244
地方	39518
李	39278
開始	39187
一樣	39145
係咪	39120
落	39061
百	39027
陣	38867
唔知	38840
唉	38809
幫	38665
噃	38604
請	38324
知	37916
系	37806
金	37491
門	37147
殺	36760
緊	36583
龍	36353
更加	36335
前	36305
咪	36246
説	36114
雖然	35701
好啦	35464
咁就	35190
邊個	35020
無	34836
第一	34533
子	34338
穩	34308
都會	34287
面	33731
長	33490
哎呀	33430
而且	33344
次	33342
零	33305
連	33303
嘅話	33126
朋友	32894
學	32891
萬	32863
生	32789
一下	32754
入邊	32604
真	32537
來	32442
我們	32336
由	32165
從	32136
放	32094
原來	32054
上面	32013
水	31882
屋企	31826
聽到	31810
買	31760
句	31726
班	31640
新	31634
黃	31583
點樣	31538
也	31517
後	31516
兵	31511
林	31428
他	31397
這	31329
女	30989
正	30923
即刻	30852
先至	30839
所	30836
信	30750
隻	30605
就是	30537
飛	30356
件事	30239
文	30180
楊	30130
嘛	30048
眼	30015
笑	29963
問題	29887
嘅嘢	29797
少	29691
派	29678
明	29644
軍	29559
以	29514
白	29405
即	29352
送	29292
時	29281
道	29264
城	29252
聲	29104
喂	28963
係咁	28931
叫做	28666
那	28649
快	28641
之前	28512
把	28465
坐	28415
錢	28139
比較	28105
係啊	27958
啊你	27954
陳	27939
其他	27639
當時	27233
路	26995
唔使	26850
説話	26803
被	26732
驚	26670
千	26589
愛	26584
就算	26506
劍	26490
花	26401
神	26136
這個	26084
添	26082
人哋	25983
只係	25919
一次	25788
咁多	25770
望	25749
都好	25736
比	25689
樣	25537
於	25493
翻嚟	24973
辦法	24924
地	24902
所有	24776
很	24665
一直	24431
令到	24337
變	24327
當然	24164
越	24099
睇下	24062
於是	23929
寫	23638
過去	23507
分	23366
玩	23304
沒有	23303
刀	23275
哇	23127
落去	23079
落嚟	22997
拉	22951
一個人	22898
敢	22764
雲	22758
希望	22536
啊嘛	22452
跟	22354
車	22310
唔可以	22234
㗎嘛	22178
啲人	22141
飲	22095
教	22010
玉	21941
仲係	21936
黑	21765
趙	21711
歲	21699
法	21695
令	21653
西	21625
唔同	21580
最後	21551
需要	21504
發現	21462
細	21377
紅	21352
更	21323
早	21309
係啦	21229
劉	21220
第二	21143
怕	21141
以前	21046
部	20945
出去	20930
繼續	20810
可	20761
兄弟	20750
能	20663
發	20593
難	20486
啱啱	20391
石	20332
公	20292
看	20259
身	20133
故事	20087
上邊	20054
風	19984
半	19915
香港	19865
嚇	19840
書	19734
為咗	19711
嘅啫	19667
氣	19653
着	19578
定	19574
成日	19416
雙	19398
拍	19369
段	19258
乜	19255
響	19217
回	19120
加	19103
啱	19100
寶	19098
將佢	18885
感覺	18835
武	18833
究竟	18821
得到	18792
口	18790
腳	18765
光	18705
東	18693
一路	18668
生活	18596
開心	18562
先生	18551
哥	18525
江	18496
嚟講	18452
曹	18438
中意	18415
名	18352
遠	18312
接	18280
依家	18260
宋	18248
船	18231
一日	18212
孫	18182
關	18172
出現	18137
還	18111
和	18091
突然間	18067
另外	18060
清	18051
起身	18024
睇到	18009
鬼	17954
一聲	17948
就好	17868
一邊	17795
識	17763
呃	17715
呀	17632
呢種	17594
節目	17587
羅	17460
如	17455
全部	17441
翻去	17393
媽媽	17317
件	17273
快啲	17260
好好	17221
海	17210
發生	17127
美	17105
肯	17022
周	17007
官	16985
本	16955
樹	16879
跳	16828
一陣	16811
月	16805
兒	16756
南	16736
慢慢	16736
只要	16720
入去	16680
方	16597
真繫好	16580
秦	16565
完全	16550
中國	16534
意思	16500
師傅	16498
歌	16492
點知	16461
晚	16443
特別	16413
不如	16393
屋	16388
離開	16314
企	16289
房	16247
衝	16193
準備	16183
裏面	16090
機會	16078
低	16032
非常	16031
處	15998
者	15989
各位	15953
擺	15951
除咗	15939
莫	15931
師	15903
讓	15902
支	15823
字	15818
那個	15800
青	15753
曾經	15732
元	15731
耐	15723
粵語	15696
主	15694
第	15527
女人	15514
轉	15513
情況	15509
力	15377
世界	15311
歡迎	15305
安	15305
華	15231
平	15202
交	15148
既然	15127
入面	15111
成為	15085
仲要	15065
酒	15007
相信	14927
竟然	14885
救	14827
收	14821
嚟㗎	14818
什麼	14782
多謝	14761
皇帝	14758
工作	14753
頭先	14693
夫人	14691
斯	14644
根本	14614
肯定	14598
公司	14595
搞	14528
蚊	14522
清楚	14487
怪	14476
木	14458
外	14449
事情	14427
爺	14413
留	14399
英	14373
裏	14345
各	14316
冇錯	14288
對於	14234
性	14164
嗎	14146
唔想	14143
明白	14120
淨係	14065
集	14057
錯	14048
塊	14045
只有	14040
老師	14011
傾	13991
以後	13973
捉	13966
吧	13886
追	13790
變成	13749
之間	13709
全	13653
實	13648
夠	13644
哋	13630
並	13629
算	13619
女仔	13576
關係	13556
銀	13544
百分之	13525
德	13504
讀	13492
之中	13462
州	13342
跑	13333
首	13329
當中	13300
鐵	13286
嘞	13276
有冇	13245
整	13218
招	13179
相	13144
台	13141
任何	13124
唔通	13113
無論	13066
一點	13058
世	12994
國家	12990
所謂	12980
封	12979
受	12966
呢都	12946
小朋友	12941
甚至	12934
自	12877
強	12860
將軍	12853
死咗	12785
唔得	12784
記得	12730
男人	12722
肉	12703
小姐	12681
重要	12636
賣	12633
至	12629
粒	12627
府	12606
簡單	12582
冇人	12581
少少	12578
包	12558
身邊	12556
火	12527
姑娘	12499
揾	12480
座	12479
非常之	12464
使	12457
今次	12439
香	12392
之外	12381
朱	12348
哈	12346
武功	12340
靚	12335
魚	12326
本來	12305
身體	12260
然之後	12225
哼	12100
認為	12058
係咩	12051
齊	12044
才	12042
馬上	12036
幾多	11908
命	11892
上嚟	11869
韓	11844
良	11837
個個	11827
陽	11799
換	11756
給	11729
只不過	11698
入嚟	11676
嘿	11643
計	11603
梁	11593
現在	11580
似	11570
戰	11567
虎	11556
病	11550
呢樣	11533
內	11526
喊	11502
份	11496
何	11483
一百	11430
又係	11417
諗住	11408
唱	11384
流	11367
某	11324
親	11314
其中	11312
市場	11306
吳	11267
徐	11266
咁呢	11260
滿	11222
試	11220
場	11206
傷	11193
鳳	11171
大哥	11166
到底	11153
深	11152
好多人	11129
項	11057
操	11050
郎	11039
反而	11039
廣州	11036
一切	11012
嗌	10994
重	10979
嬲	10975
估	10964
提	10952
有時	10946
單	10937
容易	10903
情	10879
睇住	10859
天下	10842
奇怪	10842
夢	10826
舊	10799
傳	10773
歷史	10767
立	10764
照	10749
鬧	10740
對方	10714
波	10698
美國	10646
點會	10635
會唔會	10628
經過	10614
邊度	10610
唐	10591
利	10569
米	10543
亂	10524
面前	10506
經	10503
超	10483
跌	10471
今晚	10449
君	10445
首先	10431
狗	10419
第三	10414
差	10412
望住	10401
堂	10347
大人	10344
幾年	10343
這樣	10312
胡	10281
撞	10273
叫佢	10264
直	10257
身上	10244
與	10244
村	10232
影響	10222
爾	10205
唔識	10182
特	10161
影	10127
個月	10104
飯	10104
牛	10074
居然	10061
貴	10055
化	10054
極	10023
最好	10012
夜	9991
其	9958
皇上	9905
聲音	9871
求	9869
布	9847
槍	9839
叔	9820
總	9815
都唔會	9815
大聲	9799
平時	9795
套	9795
門口	9794
沒	9726
血	9715
絕對	9707
同時	9707
民	9658
郭	9652
公子	9648
爸爸	9641
微	9624
克	9599
揸	9597
蘇	9586
日本	9584
聽見	9574
結果	9566
星	9557
河	9556
里	9496
似乎	9478
終於	9471
煙	9444
升	9443
等等	9418
熱	9414
原因	9408
收聽	9393
分享	9388
樓	9375
古	9375
上去	9364
志	9363
北	9357
陸	9350
唔見	9332
右	9326
唔單止	9294
達	9277
決定	9277
老婆	9273
片	9257
近	9251
此	9248
和尚	9241
假	9230
它	9205
宮	9196
靠	9184
通	9130
梗係	9119
燕	9107
斬	9091
直接	9058
以為	9052
藥	9036
本身	9030
報	9028
睇嚟	9026
朝	9014
後來	8984
掌	8981
停	8966
士	8931
理	8929
今年	8921
人生	8919
靈	8918
作為	8916
衣	8899
畫	8894
主要	8859
之下	8834
號	8829
人嚟	8806
方面	8787
揀	8780
誰	8779
忽然間	8776
旁邊	8775
趕	8743
遇到	8742
吹	8725
而係	8713
湯	8697
指	8693
播	8675
電影	8653
工	8651
大概	8644
功	8643
成功	8637
越嚟越	8632
十分	8630
雪	8625
空	8611
今天	8602
佢咁	8599
離	8594
仙	8592
陪	8590
瞓	8578
燒	8577
發展	8577
經濟	8571
方法	8570
鄭	8569
葉	8563
店	8554
社會	8548
定係	8545
裝	8511
菜	8505
宗	8496
區	8495
田	8492
禮	8484
擔心	8479
高興	8472
選擇	8459
一般	8456
丁	8440
武林	8428
急	8408
實在	8404
永遠	8370
消息	8369
贏	8367
每日	8357
搞到	8342
沙	8338
樂	8330
最近	8327
就嚟	8280
冷	8272
你唔好	8259
咦	8248
姐姐	8245
味	8237
吉	8235
莊	8212
幾乎	8201
呢次	8186
裏頭	8172
頂	8159
搶	8156
草	8148
應	8144
啖	8132
毒	8130
練	8127
自然	8116
鍾	8110
從來	8093
唔夠	8088
數	8083
願意	8069
率	8068
洪	8065
內容	8059
客	8054
多啲	8049
股	8041
但是	8038
夫	8037
差唔多	8027
解	8020
亞	8009
地下	7998
榮	7980
分鐘	7971
電話	7964
講話	7963
我而家	7959
通過	7954
像	7931
街	7928
一場	7926
機	7904
雨	7892
作	7884
講嘢	7876
底	7870
痛	7865
福	7862
打開	7842
佢呢	7837
俊	7834
盡	7819
架	7800
皮	7778
蘭	7772
言	7770
點啊	7737
真正	7720
準	7717
盤	7702
雷	7699
豬	7696
雞	7693
拜	7693
帝	7687
喜歡	7665
洗	7661
步	7619
合	7614
漢	7613
左	7610
做到	7605
阿媽	7605
咬	7597
進	7596
隊	7595
未來	7592
經常	7581
韋	7563
廿	7562
層	7561
興	7553
果然	7541
奇	7520
苦	7520
外邊	7518
記	7512
江湖	7511
不斷	7493
即係話	7492
當年	7485
聽日	7483
支持	7469
推	7466
的話	7451
關注	7441
借	7439
代	7427
例如	7413
權	7410
即時	7398
運	7397
啫嘛	7389
鋪	7381
逼	7380
唔記得	7373
然	7360
賊	7354
心諗	7349
接受	7335
伯	7334
心裏	7332
方式	7322
管	7320
包括	7309
呢陣時	7305
老闆	7301
惡	7296
還是	7293
吩咐	7292
文化	7279
唔少	7279
哈哈	7273
生意	7266
輕	7259
楚	7255
卻	7225
又話	7223
煮	7212
吃	7175
寒	7175
姓	7165
學習	7163
講下	7162
今	7159
輸	7155
峯	7153
梅	7153
杯	7148
政府	7124
勝	7118
能力	7116
嘴	7110
卡	7107
董	7100
退	7085
父母	7082
餵	7079
春	7056
真繫有	7048
義	7029
破	7026
守	7014
音樂	7006
反	6993
依然	6977
執	6968
意	6958
程	6931
改變	6925
宇	6925
線	6924
貓	6923
兄	6919
色	6915
道理	6905
前面	6891
袁	6891
油	6889
隻手	6887
位置	6873
如何	6870
康	6870
巴	6850
員	6837
城市	6831
經歷	6812
衫	6807
非	6802
鬥	6794
期	6780
返	6779
要求	6764
仍然	6758
代表	6750
秀	6739
圍	6739
圈	6736
緊要	6717
他們	6709
呂	6704
億	6685
匹	6681
食飯	6666
過程	6659
皇	6656
醫生	6654
魏	6651
副	6649
喐	6642
劉備	6640
任	6639
親自	6628
怎麼	6627
辦	6626
震	6621
唔該	6615
燈	6614
團	6607
始終	6596
另	6594
幾時	6590
下邊	6583
同學	6581
突然	6576
恩	6573
直播	6569
起嚟	6568
由於	6564
人馬	6562
尾	6557
音	6547
解釋	6535
筆	6532
一些	6505
家人	6504
進行	6493
研究	6493
節	6492
介紹	6463
查	6443
搭	6438
敵	6436
短	6427
玲	6423
功夫	6420
附近	6410
小心	6386
抱	6382
摸	6379
散	6379
撲	6375
譬如	6373
父親	6372
還有	6369
唔講	6369
勸	6365
高手	6364
東西	6359
存在	6358
足	6355
一步	6353
恐怕	6352
剛	6351
醒	6342
詩	6322
咩事	6311
餐	6302
唯有	6293
格	6288
史	6286
領	6275
羣	6272
幹	6262
動	6262
商	6255
依	6234
前邊	6229
偉	6218
絕	6215
爭	6215
硬	6213
歸	6211
約	6204
保	6195
答	6178
物	6158
已	6154
谷	6151
呢陣	6121
壓	6110
一片	6104
精神	6093
毛	6087
碗	6081
你知	6066
命令	6062
商量	6043
瞭解	6041
公主	6038
養	6038
休息	6027
哎	6023
投資	6019
男	6017
營	6016
爬	6014
戲	6011
蛇	6001
謝	5991
市	5989
中間	5974
生命	5973
院	5972
賢	5963
輪	5959
忍唔住	5958
父	5956
老人家	5956
部分	5952
辛苦	5952
好彩	5932
倒	5929
鎮	5905
放心	5901
思	5900
喝	5897
一眼	5893
建	5880
的確	5872
將我	5869
做咩	5857
老公	5841
喜	5839
因	5827
認真	5819
拎	5809
老爺	5803
周圍	5798
情緒	5796
威	5794
學校	5793
總之	5788
加上	5787
努力	5785
橋	5778
遊	5774
冇咁	5772
明顯	5772
你呢	5770
拖	5769
排	5762
一度	5759
咋	5757
改	5756
罪	5748
年紀	5741
基本上	5739
妹	5732
陰	5731
娘	5730
湖	5728
氏	5723
善	5714
解決	5704
足球	5688
諗起	5685
正常	5678
許	5672
通常	5661
必須	5646
到時	5641
冇乜	5638
環境	5637
佛	5633
呢又	5619
基金	5616
章	5607
那麼	5603
方向	5599
酒店	5599
進入	5597
未必	5589
英雄	5580
女子	5580
本書	5580
活	5579
紙	5578
島	5573
閃	5570
麥	5569
亦即係	5565
別	5564
年代	5562
醫	5562
以及	5559
調	5554
表現	5554
同樣	5552
弟子	5552
唔理	5552
搬	5537
確實	5532
洞	5531
受到	5525
贊	5520
目	5520
勁	5518
處理	5517
壞	5516
中山	5511
茶	5500
基本	5498
角	5488
堆	5486
牙	5486
人家	5484
遲	5476
屬於	5471
爛	5461
報告	5456
認	5454
姐	5449
聽講	5444
本事	5432
轉頭	5432
咁又	5431
感受	5427
人類	5423
粉	5419
快樂	5418
科學	5405
孟	5405
害	5398
個名	5395
輕輕	5392
敵人	5390
精	5383
廟	5372
保護	5372
普通	5371
魔	5368
安排	5359
厲害	5355
牌	5355
同一	5335
尼	5332
係唔係	5321
小人	5321
量	5309
意見	5309
結婚	5301
案	5300
廣東	5295
就咁	5291
危險	5291
斷	5290
軍隊	5290
變化	5281
學生	5276
分別	5274
參加	5272
俠	5265
手機	5262
狀態	5254
計劃	5253
人士	5251
寧	5250
重新	5243
犀利	5236
左右	5235
可惜	5217
感情	5207
板	5205
大學	5204
大王	5201
活動	5201
味道	5197
一千	5197
你們	5195
一起	5189
甚至乎	5188
原	5177
司馬	5175
潘	5170
間房	5168
食咗	5165
若	5161
扮	5159
戴	5157
腦	5154
蒙	5150
省	5144
嶽	5140
蕭	5132
暫時	5128
日子	5127
切	5127
夜晚	5108
修	5105
射	5101
偷	5095
飲酒	5095
當堂	5091
人物	5085
忌	5079
做乜嘢	5070
站	5064
你而家	5058
業	5051
雄	5049
時代	5045
北京	5042
夠膽	5042
出手	5036
霍	5032
廣	5030
騎	5026
留低	5021
夾	5020
記住	5015
家庭	5009
行業	5005
則	5001
一塊	5001
算係	4994
扶	4992
佬	4991
根據	4989
仁	4987
算啦	4985
冚	4983
結	4981
基	4980
眾	4973
控制	4968
孔明	4966
互相	4963
穿	4960
遊戲	4956
表示	4955
不要	4952
面對	4952
日日	4946
有關	4939
忙	4932
使用	4926
傑	4917
再見	4905
松	4901
袋	4897
完成	4893
幫助	4891
攻	4890
並且	4879
有錢	4874
殿	4872
秘密	4866
雅	4861
再次	4859
十九	4859
探	4857
發覺	4856
大部分	4856
月亮	4856
習慣	4854
體	4851
常	4848
理解	4841
類	4839
失	4838
及	4838
忠	4835
餘	4827
又唔係	4826
力量	4805
啦嘛	4800
鄧	4788
博	4787
地區	4786
掉	4783
猛	4783
肥	4782
地球	4778
露	4776
曾	4776
千祈唔好	4776
蔡	4771
反應	4769
骨	4766
做嘢	4764
熟	4762
迪	4760
產生	4749
圖	4748
上咗	4748
麻煩	4734
唔緊要	4718
土	4715
懷疑	4715
細路	4714
綁	4714
竹	4708
呢邊	4707
超過	4706
一時	4702
哥哥	4701
掛	4700
關於	4698
將你	4690
叻	4689
傻	4688
佔	4688
抬	4688
至於	4683
縣	4683
撳	4682
初	4677
插	4673
們	4668
演	4668
連忙	4668
順	4664
一生	4658
歡喜	4652
自從	4648
柴	4644
幾咁	4639
富	4638
肚	4634
興趣	4631
批	4630
一早	4629
我都唔	4626
講緊	4626
炮	4622
細佬	4621
負責	4620
底下	4615
對手	4614
事件	4613
心情	4611
品	4611
百萬	4610
聖	4610
考慮	4609
降	4609
願	4603
男仔	4598
唔明	4597
可以話	4595
制	4594
盧	4591
有咗	4585
注意	4584
太太	4569
按照	4569
扯	4565
該	4564
咩嘢	4560
級	4558
年輕	4557
小説	4555
個字	4545
晚上	4538
手上	4533
傳説	4528
往	4526
讀書	4526
人人	4525
醫院	4523
幾好	4522
太過	4522
緊張	4512
式	4511
柳	4506
麗	4506
臣	4506
老虎	4505
認識	4498
擁有	4493
主人	4489
幸福	4488
維	4488
見面	4487
靜	4486
秋	4486
媽	4484
唯一	4482
衣服	4478
心中	4478
嘆	4472
慶	4469
身份	4464
隔	4461
冇事	4456
手下	4453
浩	4453
彩	4453
懷	4453
倍	4447
舉	4445
背	4438
目前	4437
先得	4435
愛情	4435
甲	4428
冇幾耐	4428
網	4427
債	4421
果	4418
點算	4413
姜	4408
感	4402
買咗	4399
不可	4398
之一	4396
詞	4395
因此	4394
選	4392
多嘢	4392
登	4388
念	4385
夏	4378
眼淚	4375
甜	4367
孫悟空	4361
虛	4352
呢件	4351
踢	4349
百姓	4348
表	4348
聰明	4347
啊吓	4342
主公	4339
拿	4336
上次	4335
聽眾	4324
柏	4322
侯	4321
母	4316
聽過	4315
幫手	4311
啪	4308
老豆	4307
丹	4304
語	4302
野	4299
價值	4298
面色	4296
冰	4296
狼	4291
母親	4289
揾到	4286
細個	4281
這裏	4280
大師	4279
太陽	4274
趁	4270
朝廷	4261
大佬	4261
靖	4261
行為	4256
眉	4253
喺邊度	4247
臨	4247
背後	4247
經驗	4244
嚴重	4243
一半	4242
大軍	4242
淨	4242
取	4237
續	4233
值得	4232
感到	4229
配	4227
唔應該	4222
睇見	4222
永	4218
為你	4212
甩	4212
覺	4207
天生	4206
銀行	4201
凍	4201
天氣	4197
牆	4196
款	4188
禮物	4183
烏	4182
空間	4176
證明	4176
時期	4175
太后	4172
考	4169
劇	4169
頭髮	4168
室	4166
棍	4163
忍	4163
起碼	4162
好少	4158
行動	4158
碌	4154
價	4151
捉住	4150
橫	4143
倉	4135
擔	4134
界	4133
眾人	4129
找	4126
達到	4126
組	4115
魔女	4115
提醒	4110
跌咗	4110
好靚	4109
馮	4109
拳	4107
照顧	4102
勢力	4101
或	4101
嚴	4097
唔錯	4096
容	4096
電	4095
根	4095
耳	4095
阿哥	4090
衞	4087
服	4086
傳統	4080
炒	4068
回答	4067
敏	4059
結束	4057
赤	4056
起上嚟	4055
慢	4054
餐廳	4053
整個	4049
企業	4045
同事	4045
你睇下	4040
樹林	4036
感謝	4033
保持	4031
祖	4030
沖	4029
屍體	4023
科	4021
對付	4020
設計	4018
掛住	4014
試過	4009
打算	4007
必定	3999
箭	3995
突然之間	3989
大約	3983
一番	3983
聯	3981
慘	3980
最多	3974
話説	3973
太子	3971
敬	3967
窮	3964
明明	3962
別人	3958
幅	3957
憑	3957
如此	3955
咁啱	3955
問下	3954
乾淨	3953
恐怖	3952
眼前	3950
未曾	3946
京城	3945
熟悉	3945
翠	3945
犯	3944
婆	3942
建議	3941
比賽	3939
迎	3936
炸	3933
內心	3926
珠	3925
疫情	3924
㗎你	3922
留言	3921
盒	3919
立即	3918
瞓覺	3918
倫	3915
係呢	3914
人話	3914
出聲	3913
留意	3913
啱先	3909
安全	3907
咩啊	3906
以上	3904
婷	3904
謝謝	3902
鞋	3899
不停	3897
棵	3895
政策	3894
在下	3890
紫	3889
劈	3889
暗	3886
魯	3880
角色	3880
健康	3880
元帥	3879
景	3877
等於	3876
黃金	3876
將會	3875
呢處	3875
瓊	3873
卓	3871
動物	3870
各種	3870
壓力	3865
桂	3864
課	3861
直到	3860
旗	3858
都得	3856
痛苦	3855
挺	3849
秦國	3847
簡直	3845
英國	3845
堅持	3845
窗	3840
媽咪	3836
璋	3836
共	3831
仔細	3827
針	3827
唔中意	3818
同人	3817
衰	3817
抹	3816
靚仔	3811
後尾	3808
猛咁	3808
素	3803
核	3801
忘記	3796
少林	3795
目標	3790
塞	3788
一手	3782
方便	3779
冇用	3774
得多	3770
浸	3762
並冇	3759
蔣	3759
賺	3759
齣	3757
發出	3757
煲	3756
按	3749
小弟	3748
消失	3748
台灣	3748
顧	3747
合作	3746
中原	3740
得意	3735
長期	3733
造成	3733
估計	3732
冇得	3728
敗	3726
放棄	3726
頸	3723
密	3722
投降	3719
收到	3716
屋企人	3716
下面	3708
後面	3708
比如	3703
民間	3699
寨	3698
費	3698
目的	3697
成長	3697
仇	3696
球	3693
啩	3690
友	3687
應承	3687
何況	3683
快活	3683
房間	3680
蓋	3680
欲	3680
當日	3679
普	3677
晉	3676
食物	3672
一面	3670
易	3669
一旦	3669
這麼	3669
熙	3664
上升	3663
角度	3662
之內	3661
師兄	3655
當地	3653
最終	3653
細路仔	3653
自由	3651
拆	3650
唱歌	3649
爆	3646
痴	3643
既	3636
曉	3633
飄	3633
諗法	3631
現場	3628
踩	3627
增加	3624
懂	3624
即使	3624
弟	3623
情形	3621
另一	3618
獲得	3616
製作	3616
舒服	3615
提出	3611
治	3606
彈	3600
勇	3600
手指	3599
型	3598
租	3596
芳	3595
窿	3592
創造	3579
唔好意思	3576
得閒	3574
圓	3574
上前	3574
利用	3571
睇過	3570
索	3569
顏色	3568
爺爺	3567
至少	3562
番	3560
成個人	3559
冤	3552
大事	3551
心理	3548
只好	3548
意外	3546
嫁	3544
將來	3543
刺	3542
動作	3541
適合	3534
嘞噃	3533
印	3533
挨	3526
就快	3521
跟住我	3520
士兵	3518
灰	3516
琴日	3513
大漢	3501
石頭	3498
唔知點解	3498
條件	3498
局	3498
羊	3490
範	3488
提供	3487
收益	3483
大臣	3482
話題	3479
一一	3479
產品	3479
滴	3476
避	3476
語言	3474
抽	3472
原本	3469
居	3468
賈	3468
凡	3466
廳	3465
新聞	3463
版	3455
皇后	3454
第二日	3447
蝦	3440
淡	3436
王子	3434
你知唔知	3434
投	3433
國王	3431
朕	3430
星期	3429
曼	3429
除	3426
錄	3422
女朋友	3421
管理	3419
郡	3418
從此	3417
一世	3414
微微	3412
吸引	3409
展	3405
會同	3405
妖	3404
瑜	3403
中心	3401
反正	3400
接觸	3395
對面	3393
形成	3392
腰	3392
那些	3385
建立	3384
出來	3381
知識	3376
她	3376
屍	3370
意義	3368
如今	3367
萬一	3363
唔要	3355
週	3355
你有冇	3355
前輩	3354
引	3354
剩	3351
把聲	3350
儀	3346
現實	3346
表達	3344
沉	3340
報仇	3339
作品	3339
財	3339
係咪啊	3336
相對	3336
人員	3336
浪	3335
尺	3333
教主	3332
想像	3330
我哋而家	3329
第日	3327
程度	3326
遼	3323
兜	3322
梗	3321
消費	3320
稱	3313
喬	3311
態度	3310
辣	3309
蓉	3307
總係	3306
琴	3301
多少	3301
靈魂	3300
週期	3300
阿爹	3299
術	3298
亮	3298
少女	3297
好容易	3293
少爺	3292
充滿	3291
返嚟	3284
坐低	3283
信息	3283
暈	3283
正式	3282
後生仔	3277
價格	3272
最高	3272
一身	3271
性格	3271
補	3271
輝	3270
蛋	3270
數據	3270
加入	3267
細聲	3267
復	3265
於是乎	3265
紅色	3264
鏡	3263
官員	3263
忽然	3262
咩話	3259
論	3259
寺	3258
失去	3257
專門	3257
技術	3253
標	3251
曲	3250
服務	3248
吸	3246
傷心	3246
老人	3245
塔	3244
唔似	3244
賽	3244
落地	3241
死啦	3239
棒	3235
朗	3230
金融	3228
運動	3226
乾	3224
瘦	3224
拜拜	3224
隔離	3223
統	3222
歐洲	3220
放低	3218
貨	3218
殺死	3215
政治	3213
穆	3212
正話	3212
必	3211
蒙古	3210
開口	3210
一陣間	3205
湧	3200
警方	3195
牀	3195
觀眾	3188
下次	3178
杜	3176
好似係	3176
出發	3175
髮	3175
大量	3174
恢復	3173
教育	3171
專業	3170
黨	3166
箱	3162
膽	3159
作用	3157
隨便	3154
白色	3154
思想	3151
帶兵	3151
港	3150
掟	3150
以嚟	3150
藍	3146
瑞	3145
證	3144
攔	3142
穩定	3142
收入	3141
擋	3136
起來	3135
客人	3134
糧	3132
主持	3132
傷害	3130
內地	3127
丞相	3126
孃	3124
刻	3121
薛	3119
兵器	3116
道士	3114
户	3113
關鍵	3110
泰國	3102
加埋	3099
一向	3095
撐	3093
政	3093
組織	3090
男朋友	3085
負	3082
後生	3082
普通話	3082
肥仔	3081
温	3081
斤	3080
邦	3078
老伯	3078
真實	3077
孩子	3074
慕容	3071
繩	3069
世紀	3069
電視	3068
嚟自	3068
轉身	3068
指數	3066
靈異	3066
相當	3064
謀	3062
掹	3060
睇唔到	3059
厚	3058
攞嚟	3057
珍	3056
當初	3055
端	3054
土地	3053
為人	3053
一刻	3051
禮拜	3050
錦	3048
階段	3048
久	3046
徒弟	3042
戰爭	3041
好像	3041
挖	3041
世界上	3035
答案	3035
智	3034
失敗	3030
豪	3029
呼	3029
肖	3024
視頻	3018
昌	3016
挑戰	3016
尖	3014
鎖	3012
柱	3011
貼	3009
督	3008
期間	3008
之上	3005
閉	3000
本嚟	2998
調查	2996
而家我	2995
形	2994
類似	2993
往往	2992
涼	2992
茂	2992
蓮	2991
奉	2988
關心	2988
琪	2986
幾耐	2984
餓	2983
對唔住	2981
唔係啊	2979
打電話	2978
一下子	2977
千萬	2972
會話	2970
名字	2970
歐	2968
婆婆	2967
妹妹	2965
講法	2964
點樣去	2964
滅	2962
京	2961
演員	2961
顯然	2958
跪	2958
祝	2955
思考	2955
壽	2954
跪低	2954
碧	2953
廚房	2951
一味	2947
一嚟	2945
好嘢	2945
觀察	2940
少年	2938
麪	2938
望下	2935
點鐘	2935
恨	2934
接近	2933
孤	2933
資料	2932
開門	2932
攻打	2931
一道	2930
好食	2929
薩	2928
醉	2927
藏	2926
之所以	2924
後事	2922
認得	2921
有點	2919
英文	2916
出邊	2915
舊年	2914
出名	2913
碎	2910
特登	2909
全國	2905
心口	2904
聞	2900
庭	2899
唔係佢	2898
譬如話	2896
地位	2896
好人	2895
酸	2889
用嚟	2888
持續	2881
好處	2881
唔多	2879
延	2874
你諗下	2872
路上	2872
攞到	2871
訓練	2871
迎接	2870
迷	2868
主動	2867
不同	2866
這些	2866
卷	2865
擊	2864
效果	2863
大夫	2863
阿爸	2860
池	2857
資金	2857
族	2855
待	2854
個位	2853
劫	2851
東方	2851
迷信	2851
難得	2850
太監	2849
享受	2848
強大	2846
勢	2846
麻	2845
季	2836
風險	2831
爹	2830
飛機	2830
伸	2827
丈夫	2824
撈	2823
熊	2822
全身	2817
打仗	2817
邊個啊	2814
鍾意	2813
欣賞	2813
長老	2810
分開	2809
上海	2805
眼睛	2803
能量	2803
器	2802
要嚟	2800
專	2800
藝術	2799
生日	2798
搞掂	2798
好聽	2798
攰	2797
為什麼	2797
便	2796
古代	2795
獨	2794
談	2790
歡	2790
醜	2789
印度	2788
掃	2781
平台	2778
軍事	2778
施	2772
環	2772
傾偈	2770
嘉	2770
經典	2770
至得	2769
花園	2768
篇	2768
巧	2765
黑色	2764
導致	2762
何必	2761
帶領	2760
皇宮	2757
打死	2757
參與	2756
一帶	2755
請問	2753
偏	2753
仗	2753
烈	2752
討論	2750
實現	2749
理由	2748
乃係	2748
園	2747
畢竟	2745
神秘	2745
任務	2743
可憐	2739
霸	2737
捐	2736
美元	2725
奔	2724
邪	2720
會見	2720
巨大	2715
到處	2714
秒	2712
美麗	2711
大將	2711
諗咗	2711
欣	2708
軟	2707
體驗	2706
放過	2706
腳步	2704
網絡	2703
喐手	2698
國際	2698
狐狸	2698
回憶	2697
信心	2695
出品	2694
各自	2692
隱	2691
報道	2690
輕鬆	2689
主持人	2689
隨	2689
複雜	2687
有時候	2687
後嚟	2687
自我	2686
單位	2684
宇宙	2684
現	2683
深圳	2676
泥	2674
掂	2672
洛	2672
判斷	2670
距離	2670
好朋友	2668
外面	2668
率領	2667
實力	2667
廣告	2666
記憶	2661
得罪	2661
妻子	2660
困難	2657
感激	2654
中午	2653
鹽	2652
陶	2652
鼓	2652
聰	2651
導演	2648
岸	2648
死亡	2645
警察	2644
弱	2643
笑話	2643
扎	2642
分析	2638
好漢	2635
老實	2632
激	2631
婚	2631
鼻	2631
不禁	2630
遠遠	2629
算數	2628
股市	2626
值	2624
足夠	2623
大膽	2622
大叫	2621
介	2621
成身	2617
滾	2617
呢樹	2617
江南	2616
鄉	2615
夫妻	2615
啓	2612
老細	2611
糖	2609
舞	2609
淵	2608
貝	2608
必要	2607
夫婦	2607
後悔	2607
冠	2606
偏偏	2606
規矩	2604
新鮮	2602
奸	2601
需求	2600
聚	2599
同意	2598
艾	2597
廢	2597
絲	2596
做法	2595
事實	2593
公孫	2593
難以	2588
源	2587
家族	2585
印象	2582
孝	2582
指住	2582
勾	2581
瑤	2581
遮	2581
咁樣樣	2580
逐漸	2578
堅	2578
日後	2575
搖	2573
上下	2573
調整	2573
獎	2570
教授	2570
闖	2568
反對	2567
除非	2566
通知	2566
隨時	2564
責任	2563
捧	2563
相關	2562
小時	2560
泰	2560
受傷	2559
晴	2557
較	2555
濕	2554
雙方	2553
有所	2552
風格	2548
評論	2544
若果	2544
速度	2543
冇問題	2542
電腦	2540
荊	2539
追求	2539
預期	2535
國內	2535
事業	2534
搏命	2533
專登	2531
增	2531
革命	2531
呢場	2531
縮	2530
透	2529
鐘頭	2526
騰	2526
告	2524
嘗試	2521
綠	2520
拔	2520
大陸	2518
老百姓	2517
陛下	2516
引起	2516
小小	2516
下令	2516
豹	2515
老鼠	2513
噴	2510
上山	2510
擰	2510
想話	2509
手段	2509
主播	2509
增長	2508
賭	2508
分手	2507
製造	2505
淚	2505
旅行	2504
着住	2498
講咩	2496
哭	2493
廁所	2493
青年	2493
鄉下	2488
家姐	2486
審	2485
賴	2485
承認	2484
落山	2480
標準	2480
不得了	2478
護	2477
有事	2475
憂	2475
熱鬧	2475
摩	2474
主角	2473
死人	2471
冇啊	2471
幽	2468
鴨	2468
記者	2466
有得	2465
形容	2465
暖	2463
表情	2463
廠	2463
託	2462
隨住	2457
豐富	2457
北方	2456
呢首	2456
顏	2455
希	2454
講説話	2451
澤	2449
蟲	2447
睇下佢	2444
最尾	2442
沈	2440
觀	2438
指揮	2437
資產	2437
儘量	2434
中咗	2433
丈	2432
接住	2429
進攻	2429
薄	2428
好過	2427
歐陽	2427
咩事啊	2426
司機	2426
智慧	2424
揚	2423
籤	2422
星星	2420
勒	2419
一部分	2417
徵	2416
剪	2415
表演	2414
防	2413
納	2413
電台	2412
錫	2411
科技	2410
股票	2410
冇話	2407
保證	2407
擰轉頭	2406
意識	2406
天地	2406
做人	2406
回合	2404
身後	2403
汗	2402
狂	2399
幾大	2396
早上	2392
好睇	2392
陽光	2392
基礎	2390
一代	2390
碟	2388
世間	2387
一共	2384
佢都係	2384
係呀	2382
神仙	2382
策	2380
徒	2380
感動	2378
相當之	2378
大門	2377
女性	2376
川	2372
萬歲	2371
豆	2370
奴	2369
夢想	2367
視	2366
抗	2366
無數	2365
尊	2365
呵	2362
聯合	2359
軒	2357
提升	2356
僧	2354
振	2353
唔知啊	2353
喇	2352
連續	2348
唔一定	2342
井	2342
煩	2342
賺錢	2341
唔出聲	2341
四周圍	2341
經理	2339
呆	2338
專輯	2335
人口	2334
滿足	2332
夥計	2332
滿意	2329
水平	2329
文字	2328
闊	2327
咖啡	2327
館	2326
寶貝	2326
先頭	2324
姨	2323
拒絕	2323
大個	2321
大廳	2321
暗中	2320
嘢食	2319
要好	2317
數字	2317
興奮	2317
自殺	2317
創業	2317
唔怪得	2316
只能	2315
缺	2314
伊	2314
舉起	2312
鹹	2308
確定	2307
息	2307
練習	2304
料	2303
炳	2301
汽車	2294
彎	2294
業績	2291
扣	2291
臭	2289
建築	2289
故此	2288
大海	2286
全世界	2286
主意	2285
工人	2284
親戚	2280
打得	2279
行埋	2278
阿爺	2277
滑	2277
唔舒服	2273
實際上	2273
孔	2272
東北	2272
勞	2271
法國	2271
囉	2269
制度	2269
奶	2268
淋	2265
出口	2265
期待	2263
碰	2260
想問	2260
乾隆	2259
只是	2258
菲	2258
溝通	2257
各地	2253
慧	2251
濃	2251
托	2250
邊處	2249
難過	2248
屈	2247
球員	2247
且	2247
真心	2246
掌握	2245
旅遊	2244
古怪	2243
記錄	2243
之類	2242
得出	2239
作者	2237
廣東話	2237
壁	2236
棟	2235
温柔	2234
吞	2228
鴻	2226
全球	2226
獨立	2225
叩頭	2223
奧	2223
公眾號	2221
心態	2215
唔止	2215
人民	2214
敲	2213
耳仔	2213
好唔好	2212
早餐	2211
明星	2211
懿	2211
唔過	2210
大多數	2207
安慰	2206
叔叔	2205
霧	2203
處於	2203
顯得	2202
皮膚	2202
存	2201
學識	2201
乖	2200
道長	2200
成都	2198
眼神	2197
現代	2195
收埋	2194
折	2193
做乜	2192
埃及	2191
到時候	2189
生產	2185
利率	2185
使到	2183
空氣	2183
遞	2183
畢業	2183
統治	2182
點頭	2180
男女	2180
心靈	2179
埋嚟	2179
漸漸	2179
紛紛	2178
呼吸	2177
怨	2177
御	2177
脈	2177
娶	2175
天子	2175
避開	2174
系統	2173
娘娘	2170
幫主	2168
遇	2167
詳細	2167
尊重	2166
創作	2164
有趣	2164
基於	2163
棺材	2160
減	2160
旁	2158
儲	2158
幾位	2157
文明	2156
推薦	2154
一本	2154
精彩	2154
有陣時	2153
出世	2153
可愛	2153
剛剛	2152
美好	2149
禍	2148
慣	2148
浮	2148
機構	2147
成本	2146
損失	2144
得唔得	2144
伸手	2142
純	2141
神奇	2139
龐	2138
上官	2137
人才	2137
尋歡	2136
聯繫	2135
攬住	2134
諸侯	2134
亂咁	2132
形象	2131
價錢	2130
佩服	2129
透過	2128
生存	2128
外國	2127
搏	2126
利益	2126
靚女	2123
汁	2122
割	2120
不必	2119
成就	2116
病人	2116
天空	2115
尚	2112
蠢	2111
森林	2110
客氣	2109
成績	2108
食得	2108
故	2106
長大	2102
恐懼	2102
好在	2101
組合	2101
打敗	2101
正正	2101
證據	2098
鐘	2092
朵	2091
聊	2091
攬	2091
靜靜	2090
尋	2090
父子	2089
抵	2088
奴才	2085
呢部	2084
現象	2084
粗	2082
講明	2082
等待	2082
銀兩	2082
維持	2081
條友	2080
以下	2079
吊	2079
命運	2079
攻擊	2078
匿埋	2078
件衫	2076
無奈	2074
行李	2074
樓梯	2072
十分之	2071
純粹	2071
撥	2071
澳門	2069
需	2065
包公	2065
私	2063
法律	2062
佩	2062
抄	2062
暗暗	2061
票	2060
奶奶	2060
理論	2060
多多	2058
共同	2058
老實講	2058
來到	2057
食嘢	2056
緣	2056
我都唔知	2056
禪	2055
尤其是	2054
遍	2054
馬拉	2053
娛樂	2052
領導	2052
㗎啫	2051
韓國	2050
伴	2050
超級	2049
持	2049
爽	2047
姑	2046
馬車	2046
列	2045
助	2045
檢查	2044
一方面	2044
原諒	2043
黎	2043
七月	2042
都唔好	2040
襄	2038
人心	2037
假如	2036
廣播	2036
説明	2034
寶玉	2033
材料	2031
恭喜	2031
專家	2030
範圍	2030
鳥	2029
下跌	2028
埋伏	2028
妙	2026
舉行	2025
速	2025
逃	2024
著名	2023
怡	2023
凌	2021
苗	2020
監	2020
付出	2019
繼	2018
夥	2015
嶺	2015
晚黑	2014
馬騮	2013
招呼	2012
乞衣	2012
神情	2011
球隊	2010
了解	2010
網上	2008
輩	2007
因素	2007
明朝	2005
毫無	2005
暴	2004
膊頭	2004
刺激	2003
屬	2001
幾步	2000
凳	1999
培	1999
權力	1997
題	1996
險	1995
總統	1995
大大	1994
邀請	1991
統一	1991
巡	1991
嬌	1989
鏈	1988
時辰	1988
交流	1987
鼠	1985
山東	1984
多數	1981
職業	1980
相處	1979
嚟緊	1978
獻	1978
下來	1977
粉絲	1977
稍微	1976
戒	1976
人間	1973
就死	1972
宣佈	1971
矮	1970
背脊	1970
市民	1969
羽	1969
功能	1965
呢張	1964
武藝	1963
頓	1963
喺埋	1962
交通	1962
書房	1961
大俠	1960
斌	1960
埋去	1959
古仔	1959
你中意	1958
玻璃	1957
前文	1956
訂閲	1956
逃走	1956
臉	1955
好玩	1954
天光	1952
仔女	1952
心急	1951
兼	1950
得過	1950
美食	1950
集中	1949
一行	1946
一名	1945
重點	1943
彪	1940
譚	1940
牛肉	1940
香港人	1939
模式	1939
是否	1938
資源	1938
叉	1936
繫上	1935
思維	1933
社	1933
徹底	1933
坑	1932
成立	1932
員工	1931
創	1931
牽	1931
造	1930
民眾	1929
民族	1928
世上	1928
西方	1928
順利	1927
狀況	1925
返去	1925
概念	1925
窗口	1923
膠	1922
踏	1919
稱為	1918
藝人	1918
迴	1917
嘉賓	1917
飾演	1914
失望	1914
服侍	1912
聶	1912
可怕	1912
愁	1911
為了	1911
側	1911
冇乜嘢	1910
兄長	1908
把握	1907
挑	1907
掌門	1907
落馬	1904
拋	1903
張相	1903
口氣	1902
匡	1901
盈	1901
窒	1901
隔籬	1899
頻道	1899
爐	1899
細蚊仔	1895
好奇	1895
卿	1893
坐落	1892
賊人	1891
進步	1891
帥	1890
理想	1890
黑暗	1890
鼓勵	1889
時刻	1888
打扮	1888
交代	1887
祥	1885
替	1885
完美	1885
樣子	1884
巨	1884
經營	1883
娜	1883
盞	1883
正確	1880
官府	1880
衙門	1880
職	1880
邊啲	1878
哪	1877
秦始皇	1877
用力	1876
侍	1875
抌	1874
紹	1874
武器	1874
心機	1873
中央	1873
觀點	1871
估值	1871
揮	1869
長安	1869
阿飛	1866
四月	1865
未啊	1864
你唔知	1863
破壞	1862
雕	1861
兇手	1861
事實上	1861
睇法	1859
手臂	1859
只會	1859
冧	1858
墨	1857
佳	1857
整體	1856
媒體	1855
九月	1854
文章	1853
好笑	1853
瓶	1852
眼光	1852
煎	1851
狄	1851
串	1851
十月	1851
企起身	1849
搞笑	1848
不得	1848
居民	1847
含	1847
齋	1846
氣氛	1846
下降	1846
鷹	1845
一號	1845
總共	1844
課程	1843
忘	1843
兔仔	1842
聽聞	1841
慕	1840
決	1840
流行	1839
歌手	1836
信任	1836
脾氣	1835
宗教	1833
平均	1832
當成	1832
禁	1832
仲以為	1832
信號	1832
金錢	1831
五月	1831
漏	1829
回來	1829
阻	1829
釘	1827
例子	1827
鏢	1826
羅馬	1826
正在	1826
咁多嘢	1824
飽	1823
隊長	1822
司	1822
嫂	1821
包袱	1820
斜	1818
據	1816
運氣	1816
優勢	1816
尋找	1812
彼此	1812
好似有	1811
象	1810
真相	1810
簡	1810
部隊	1809
蜀	1809
身材	1809
將官	1808
回報	1807
將領	1807
集團	1806
錯過	1806
德國	1805
案件	1805
神色	1803
做事	1802
設	1801
尤其	1801
拜見	1801
性命	1800
手腳	1798
氹	1798
大小姐	1798
微笑	1798
日常	1797
平衡	1797
枝	1797
親愛	1794
忽	1794
尋晚	1793
道德	1792
悶	1790
偉大	1787
當晚	1786
意味	1785
翼	1784
平靜	1783
有心	1783
譁	1783
宣	1782
講真	1782
公開	1781
凱	1780
聽話	1779
樽	1778
藝	1775
供	1775
明天	1774
婚姻	1774
怒	1773
不足	1772
顯示	1772
耐力	1771
止	1770
判	1769
帽	1768
慈	1767
老太太	1766
唔好話	1766
東京	1766
冇嘢	1765
合理	1764
成熟	1764
神話	1763
記載	1762
村長	1761
王朝	1760
畫面	1760
宋朝	1760
上馬	1758
胸	1758
略	1758
屎	1756
尷尬	1756
得嚟	1755
掘	1755
報紙	1753
為止	1753
溪	1753
千祈	1753
截	1751
顯	1751
形式	1751
寸	1750
箇中	1750
出門	1749
唪	1749
會議	1748
必然	1747
財富	1746
桶	1743
巷	1742
免費	1742
扭	1741
規模	1741
笑容	1740
具	1740
腿	1740
提高	1738
快速	1737
放鬆	1736
背景	1736
趟	1736
鬼故	1735
你以為	1735
足足	1735
蒸	1733
好幾	1732
原嚟	1731
點解啊	1731
㗎咋	1730
形勢	1730
寵	1728
人頭	1727
好唔好啊	1725
憎	1725
彭	1724
夏天	1722
令你	1722
帝國	1722
温暖	1722
肝	1721
解開	1720
歌曲	1720
發揮	1720
冬天	1720
有用	1719
最初	1719
投入	1719
硬係	1718
冇理由	1718
系列	1718
休	1716
半夜	1716
工具	1716
商業	1716
出街	1715
呢份	1715
交易	1715
特色	1714
三藏	1714
琴晚	1714
配合	1713
吵	1709
傢伙	1709
盲	1709
蠻	1707
免	1707
家長	1706
大爺	1706
考試	1706
左邊	1705
鞭	1705
質	1704
樓下	1703
獵	1703
陀	1702
諗緊	1702
右邊	1701
版本	1700
俄羅斯	1700
逐	1699
輕易	1698
停止	1698
餅	1697
邏輯	1696
在於	1694
糧食	1694
姊妹	1693
擦	1691
鵬	1691
勉強	1691
飆	1691
結構	1690
齡	1689
公園	1688
逢	1687
滿面	1687
產	1687
講大話	1686
好心	1685
公仔	1684
勇氣	1684
朝早	1684
傷口	1684
情感	1683
利潤	1681
胤	1678
減少	1678
税	1678
逵	1677
飲食	1677
強烈	1677
公元	1677
尤其係	1676
寂寞	1675
上天	1674
實際	1674
度住	1672
懶	1672
淺	1671
伍	1671
話唔定	1671
斷咗	1671
下午	1671
得咗	1671
高級	1670
八月	1669
軍師	1669
嘈	1669
發音	1669
唔知你	1668
項目	1668
杯酒	1667
事物	1666
庫	1666
癲	1664
大廈	1664
鋼	1664
幕	1664
出奇	1663
人工	1663
由佢	1662
出力	1662
婉	1661
搜索	1661
收拾	1661
公里	1661
學家	1660
對話	1658
冠軍	1657
大力	1656
寧願	1656
貨幣	1655
驚喜	1654
冇錢	1654
柯	1652
不由得	1652
岳	1651
家丁	1650
風水	1650
跟隨	1648
知啊	1647
㗎咯	1646
誤會	1646
申請	1643
皺	1643
上司	1643
食啊	1642
睇得出	1642
累	1641
兒童	1641
演唱會	1640
一心	1640
騎馬	1639
唔妥	1638
商場	1638
擘	1637
積極	1637
正所謂	1637
矛盾	1637
具體	1636
貪	1636
耶	1634
寶劍	1634
為主	1633
移	1633
聊天	1632
菩薩	1631
差人	1630
測	1630
品牌	1628
磨	1627
脆	1627
生物	1626
當其時	1626
獅子	1626
綠色	1625
介意	1625
好味	1624
孭	1623
麪包	1623
不用	1623
有效	1623
益	1622
學會	1622
估到	1621
酒樓	1620
艱難	1620
半日	1619
客棧	1619
賜	1618
阿姨	1618
避免	1617
下一個	1617
丫頭	1615
混亂	1615
答應	1615
老母	1614
有名	1614
本人	1614
表面	1614
失蹤	1611
相同	1611
蘋果	1611
債券	1611
聯絡	1610
先鋒	1610
本地	1609
等候	1608
工程	1607
崇	1607
殺手	1606
蟹	1606
三月	1604
唔使講	1604
告訴	1604
懵	1604
裝修	1602
治療	1602
諸葛亮	1600
今時今日	1599
辦公室	1599
錯誤	1598
心頭	1598
手法	1598
功力	1597
功勞	1595
產業	1595
宅	1594
妖怪	1594
順便	1593
戰場	1589
喉嚨	1588
到達	1587
相見	1587
唔捨得	1587
預	1586
笪	1584
起程	1584
部門	1584
唔好去	1583
有利	1583
應付	1583
委	1582
電梯	1581
天上	1581
瓜	1580
相公	1578
丫鬟	1578
規定	1578
明知	1576
溝	1576
來自	1575
時光	1575
伏	1574
歷	1574
鮮	1574
遇見	1574
霞	1573
才能	1573
植物	1571
直情	1571
閣下	1571
目光	1570
情景	1570
道路	1569
椅	1568
煩惱	1568
流動	1567
警	1566
更加之	1566
天真	1566
演出	1565
開頭	1565
自信	1565
拼	1564
阿叔	1564
激動	1564
凌晨	1563
雲南	1560
物質	1560
好多時	1560
想起	1559
教訓	1558
睡	1557
魏國	1557
來往	1557
相反	1556
謙	1556
軍官	1555
自細	1554
獲	1551
入城	1551
一十	1550
停低	1550
冷靜	1547
芒	1547
信以為真	1547
村民	1547
官兵	1546
開放	1546
播講	1545
打擊	1543
鋒	1543
相當於	1542
洛陽	1542
人影	1542
乜鬼	1542
進一步	1542
碼頭	1541
可是	1540
官人	1540
出身	1539
巴黎	1539
平安	1539
工業	1539
發達	1538
熱情	1538
洋	1537
末	1537
場面	1536
緩	1536
手掌	1535
過來	1534
召	1534
前後	1534
完畢	1533
舍	1533
離婚	1533
特殊	1532
藤	1532
沉默	1531
爆發	1530
突	1529
無比	1528
老子	1527
妖精	1527
旅	1526
摘	1526
報答	1526
脱	1525
熄	1525
袍	1524
風景	1524
肺	1523
人們	1523
隊伍	1523
威脅	1521
總有	1521
潮	1520
兔	1520
主題	1519
上班	1519
寡人	1519
深深	1518
策略	1517
位於	1517
博士	1516
卒	1516
繼承	1514
迅速	1514
大型	1514
乃	1513
回應	1512
你自己嘅	1511
資格	1510
六月	1510
有多	1510
紀	1510
死都	1510
穿過	1509
對待	1509
狀	1509
勝利	1509
胃	1509
墓	1509
十二月	1507
回頭	1506
慳	1506
豐	1504
一模一樣	1504
師弟	1504
起身啦	1504
推出	1503
悟	1503
剩低	1503
珍惜	1503
放開	1502
都叫	1501
先嚟	1501
控	1501
動靜	1499
錘	1498
武士	1498
監製	1497
取得	1497
國君	1496
遷	1496
作戰	1496
浪費	1495
一排	1495
丟	1493
汪	1493
優	1493
童	1492
書生	1491
重複	1491
終	1490
瓦	1490
不安	1490
嘎	1490
就住	1489
灣	1489
為咩	1487
刑	1485
殺你	1485
依舊	1484
害死	1484
尋日	1484
蛋糕	1483
訪問	1482
重大	1482
看看	1482
後期	1481
匿	1481
香味	1481
粥	1480
務	1480
不再	1479
太極	1479
團隊	1478
混	1478
投資者	1478
勇敢	1477
商品	1476
仍	1475
銅	1475
決心	1474
打聽	1474
耀	1474
宣傳	1474
深刻	1472
善良	1472
告辭	1471
寬	1470
編劇	1470
貴族	1470
人數	1469
成員	1469
尉	1468
即將	1466
拱	1463
競爭	1463
急急	1463
保存	1462
提前	1461
其餘	1461
其次	1461
採	1459
聞到	1458
刷	1458
梗係啦	1457
君主	1457
改善	1457
刮	1457
星球	1457
諸	1456
男子	1456
出兵	1456
人民幣	1456
懂得	1455
唔好啦	1455
安靜	1454
不妨	1454
垃圾	1453
咪就係	1453
限	1451
公公	1451
妻	1451
並非	1451
睇出	1451
泡	1451
全面	1449
諗翻	1449
過年	1448
攞個	1448
即管	1448
珠寶	1447
拍攝	1446
枱	1446
不幸	1446
櫃	1445
一致	1443
哪怕	1443
類型	1443
柔	1443
保留	1443
症	1443
公佈	1442
煉	1442
頭頂	1441
完整	1441
樓上	1441
起義	1440
配置	1440
做咩啊	1440
行禮	1439
心事	1439
一線	1439
危	1436
強調	1436
否則	1436
嘔	1435
姬	1435
落水	1433
唔係幾	1433
南京	1433
你有咩	1433
時時	1433
俱樂部	1433
燈光	1432
他人	1432
山莊	1432
盆	1431
廖	1430
互動	1430
芝	1430
死者	1429
喺牀	1428
醬	1428
有些	1427
親人	1427
拍拖	1427
桃	1426
掙扎	1426
惹	1426
褲	1425
驚奇	1425
咳	1425
鍋	1425
鑊	1424
奪	1424
己	1423
商人	1423
焗	1422
訂	1421
分明	1421
周身	1420
律師	1420
揞	1419
內部	1419
森	1418
清晰	1418
出城	1418
巖	1417
皆	1415
犧牲	1415
大半	1414
得人驚	1414
喵	1413
時分	1413
意大利	1410
比例	1409
兇	1409
深入	1408
反覆	1408
祖先	1408
雞蛋	1408
九七	1407
社交	1407
講過啦	1406
師姐	1406
悲	1406
冬	1405
啱啊	1405
故意	1405
管家	1404
女士	1404
無人	1404
祝福	1404
使者	1404
實驗	1404
乞	1403
跳舞	1403
今朝	1403
符合	1402
比起	1402
種種	1401
黃河	1400
地點	1400
小學	1399
駕	1399
陰陽	1397
當今	1397
屆	1397
請咗	1395
真人	1395
古今	1395
高度	1394
山寨	1394
組成	1394
啥	1393
阿婆	1393
不但	1392
傢	1392
捱	1391
白雲	1391
翻譯	1391
希臘	1391
師爺	1390
啲啲	1390
伸出	1390
入口	1390
火燒	1390
反映	1390
日夜	1389
見識	1389
四川	1389
雜	1389
清朝	1389
賽事	1389
烤	1387
所在	1387
對象	1386
大話	1386
情人	1386
年齡	1386
我中意	1385
響度	1384
聖旨	1384
成件事	1383
冷笑	1383
美女	1383
製	1382
屋企啦	1382
為難	1382
出事	1382
無謂	1381
月光	1381
全家	1381
黐	1380
侄	1380
祭	1379
積	1379
揭	1379
幫忙	1378
鬱	1378
心意	1376
儀式	1376
旺	1375
雀	1375
女生	1375
地面	1375
無限	1374
相比	1374
爸	1373
評	1372
平日	1372
瑩	1371
化妝	1371
今後	1371
有限	1370
唔小心	1369
影片	1368
中年	1367
罰	1366
等陣	1366
獸	1366
青春	1365
行路	1365
電視台	1365
誤	1364
限制	1362
氣温	1362
創新	1362
主義	1362
鹿	1361
儘快	1361
窩	1361
黃色	1360
我淨係	1358
藍色	1357
機場	1357
提起	1356
想法	1356
陷入	1355
殘	1355
清醒	1354
地獄	1353
檔	1352
祿	1352
籠	1352
怪物	1351
從前	1350
驚訝	1349
又再	1349
殺到	1349
質量	1349
作出	1348
差啲	1347
科學家	1347
遺憾	1347
金屬	1346
豈	1345
流傳	1345
表哥	1344
偷偷	1344
相似	1344
私人	1344
張牀	1344
播放	1343
海外	1342
隱藏	1342
吐	1342
針對	1341
符	1341
靠近	1341
哪裏	1341
資	1340
農民	1340
臂	1339
唔定	1339
事關	1339
一來	1339
欠	1339
順住	1338
內功	1338
重視	1337
領域	1336
唔知幾	1336
姚	1335
展開	1335
地上	1335
執行	1334
備	1334
時機	1334
賞	1334
農	1333
著	1333
司徒	1332
驚住	1332
直至	1332
獨特	1331
走廊	1330
大腦	1330
講笑	1330
比武	1329
罐	1328
大小	1328
確係	1327
傳奇	1325
有種	1325
日頭	1324
嗨	1324
恆	1323
火車	1322
從而	1321
大隻	1321
也許	1320
奪取	1320
銷售	1320
地道	1320
阮	1319
眉頭	1319
一時間	1319
睇唔出	1318
荒	1318
你放心啦	1318
陵	1318
四圍	1318
陪伴	1318
數量	1317
噓	1316
阻止	1315
打交	1315
萊	1315
亡	1314
輪到	1313
發夢	1313
昨天	1311
地圖	1311
廣場	1310
危機	1310
精密	1310
醒咗	1310
女兒	1310
二月	1310
融	1309
下晝	1308
句子	1308
行情	1308
細節	1307
心思	1307
桃花	1306
廉	1306
星馳	1306
縱	1305
加強	1304
老友	1303
呢回	1303
浪漫	1303
大幅	1302
手術	1301
豔	1300
上網	1300
魔王	1298
重重	1298
運用	1297
律	1297
加油	1297
寄	1296
承	1294
唔好啊	1293
唸	1292
桑	1291
工作室	1291
喺處	1291
妃	1291
單身	1291
侍衞	1290
榜	1290
濟	1290
青衣	1289
歪	1289
玄	1289
稱呼	1288
遭遇	1287
凡係	1286
鮮血	1286
開聲	1286
忍心	1285
全力	1285
乎	1285
安樂	1285
大戰	1284
求其	1284
互	1284
披	1284
抖	1284
身形	1283
電視劇	1283
假設	1283
健	1282
無非	1282
馬路	1282
回覆	1282
降低	1281
擰轉身	1280
可見	1279
平常	1279
盛	1278
保險	1278
怎麼樣	1277
能源	1276
坦	1275
掌門人	1274
敏感	1274
亭	1274
琳	1274
唞	1272
塵	1271
乘機	1270
瞓咗	1270
期望	1270
巴士	1269
猜	1269
阿妹	1269
我都覺	1268
鏡頭	1268
不見	1268
釋放	1268
電子	1267
客廳	1266
四季	1266
廷	1265
温度	1265
境界	1265
身為	1264
窄	1264
肚餓	1264
大叔	1263
一流	1263
朋友仔	1263
一月	1262
新年	1261
太平	1260
禮貌	1259
十一月	1259
遊客	1259
委屈	1258
長篇	1257
交鋒	1257
娟	1257
觀音	1256
弄	1256
發火	1256
幾多人	1255
播出	1255
消	1254
回家	1254
甚	1254
預計	1253
孤獨	1253
相互	1253
總管	1253
以往	1253
桓	1253
須	1253
撩	1251
確	1251
唔掂	1250
極之	1250
機器	1249
歌詞	1248
富貴	1248
有病	1248
改革	1248
況且	1248
地鐵	1248
自動	1247
眼中	1247
緣分	1247
嘟	1246
各種各樣	1246
大會	1246
煮飯	1245
正面	1245
行走	1245
為何	1245
最佳	1245
山坡	1242
填	1242
弊	1242
區別	1242
包圍	1242
貸款	1241
指點	1241
中文	1240
殼	1239
施展	1237
迅	1237
蝴蝶	1237
蕩	1237
使乜	1237
原則	1236
金陵	1236
上岸	1236
錄音	1234
協	1234
誇張	1232
一路上	1232
明確	1232
業務	1232
傳出	1232
實係	1232
下去	1231
西北	1231
施主	1231
原文	1231
出面	1231
衰仔	1230
發明	1230
殷	1230
鬍鬚	1230
及時	1230
通道	1230
好翻	1229
處置	1229
成年	1227
成吉思汗	1227
講呢啲	1226
鼎	1225
攤	1225
發生咩事	1225
罩	1225
飲茶	1225
玫瑰	1224
山頂	1224
口水	1224
春天	1223
婦女	1223
笨	1222
蝕	1222
一口氣	1221
紮	1221
開發	1220
會員	1220
大眾	1220
上帝	1220
鱷魚	1219
一口	1219
嫌	1218
參	1217
至到	1217
的士	1216
剝	1216
不了	1216
望見	1215
幼	1215
扇	1215
信用	1215
不得不	1214
頁	1214
瞬間	1214
擒	1214
高大	1214
賬	1213
親手	1213
紀念	1213
幾多錢	1212
駐	1212
資本	1211
下回分解	1211
防守	1211
親眼	1210
席	1209
額頭	1209
亞洲	1209
是非	1209
玩具	1209
校長	1208
潤	1208
描述	1207
瞓着	1206
芹	1206
流出	1206
關公	1206
認同	1206
結合	1205
遠處	1204
爭取	1203
雖	1203
中學	1201
東吳	1201
聚集	1201
人手	1199
鳳姐	1199
呢段時間	1198
僕人	1197
婦人	1196
嘥	1196
斟	1196
戀愛	1196
具有	1195
總結	1194
慶祝	1194
征	1194
戰鬥	1193
您	1193
棋	1192
芬	1192
佈置	1191
佢係咪	1191
菜式	1191
鵝	1190
下手	1189
跨	1189
揾唔到	1189
削	1189
中醫	1188
竟	1188
衝突	1188
耷低頭	1188
費事	1187
都中意	1187
向下	1187
擁抱	1187
逃跑	1187
語氣	1186
演講	1186
潭	1185
白白	1185
至今	1184
投奔	1184
編	1184
一方	1184
固定	1184
影相	1183
衰人	1183
交手	1183
佢同我	1182
居住	1182
嚴格	1182
令狐	1182
出入	1182
建設	1181
內在	1180
奇蹟	1180
我以為	1179
好重	1179
度過	1179
傾計	1179
人性	1179
自身	1178
出生	1178
對比	1178
補充	1177
總算	1177
落手	1177
聯賽	1176
感恩	1176
噹	1176
空中	1175
夾硬	1174
救命	1174
無論如何	1174
四周	1173
發表	1173
緊急	1173
成晚	1172
攝	1172
咁上下	1172
憤怒	1171
尹	1171
相識	1171
經已	1171
遭	1171
以為佢	1170
火鍋	1170
寇	1169
雀仔	1169
討厭	1168
靈體	1168
磚	1168
最愛	1168
有講	1168
特徵	1167
有意	1166
閃閃	1165
賺到	1164
不對	1164
域	1163
波動	1163
響起	1161
學院	1160
宏	1160
山洞	1160
消滅	1160
斧頭	1159
吸收	1159
啱啱好	1159
涉及	1158
遲早	1158
食品	1157
坤	1157
沙漠	1157
發動	1157
瘋狂	1157
找到	1156
丸	1156
氣象	1154
鬆	1153
冇命	1153
小事	1153
無關	1153
穴位	1152
冒險	1152
地震	1152
計算	1151
冤枉	1150
魂	1150
傅	1149
約定	1149
患	1149
適應	1148
代替	1147
原先	1147
一戰	1147
係啦係啦	1147
正如	1146
豈不是	1146
炎	1146
歲月	1145
無情	1145
不可思議	1145
局長	1144
冇法子	1143
退出	1143
不管	1143
天王	1143
宮女	1143
撒	1142
應用	1142
洲	1142
設備	1142
無聊	1142
道歉	1141
培養	1141
閲讀	1141
從嚟	1140
實質	1140
順手	1139
邊度啊	1139
然而	1139
駕駛	1139
校	1136
召集	1136
河南	1135
文件	1135
萍	1135
藉口	1135
草原	1135
貞	1134
主席	1134
爆炸	1134
房地產	1134
害怕	1133
東南	1133
焦	1133
規律	1132
般	1131
機關	1131
游水	1131
崔	1131
戀	1130
短期	1130
大吃一驚	1130
收藏	1129
追上	1129
口味	1128
艇	1128
擁	1128
突破	1127
眼見	1127
先後	1126
小路	1126
江山	1125
明年	1125
妮	1125
賓	1124
撤	1124
優秀	1124
過分	1124
探聽	1123
請求	1122
美金	1122
工資	1121
片段	1121
鎖匙	1119
文學	1119
咚	1119
開車	1118
起兵	1118
形狀	1118
韻	1117
顆	1117
規則	1116
講故	1116
地產	1116
情願	1115
豬八戒	1115
前進	1115
呵呵	1114
偶然	1114
親生	1114
姑姑	1114
宿舍	1114
外星人	1114
承擔	1113
賠	1113
口罩	1113
無敵	1113
頂住	1112
一時之間	1112
稟告	1112
珍珠	1112
保安	1112
娥	1111
採取	1111
好正	1110
區域	1110
邱	1110
龜	1110
人羣	1109
棚	1109
閃電	1109
在場	1109
胎	1108
揸車	1108
華山	1108
把口	1108
對抗	1108
亂講	1108
杭州	1107
券	1107
放手	1106
袖	1105
細心	1105
無辜	1104
落車	1103
禪師	1103
武俠	1102
樹枝	1102
願望	1102
幸運	1101
箇	1101
山谷	1101
臨時	1101
隆	1101
冇計	1100
妥	1099
差不多	1099
一絲	1099
口感	1099
親子	1099
腸	1099
唔喺度	1097
觀念	1097
舞台	1097
沿住	1097
秘	1096
瞞	1096
承受	1096
事先	1095
催	1095
結拜	1095
大堂	1095
大批	1095
程序	1094
跟蹤	1093
師妹	1093
莎	1092
第一時間	1092
近年	1092
腹	1092
默默	1092
宜	1091
半空	1091
辣椒	1089
小子	1089
意識到	1088
賀	1088
掩	1088
原始	1088
劇場	1088
走人	1087
頭殼	1087
壺	1086
劃	1086
上車	1085
留下	1085
遲啲	1084
啫係	1083
點心	1083
推動	1083
我睇下	1082
場景	1082
香港電台	1082
燕子	1082
裙	1082
聚會	1082
芝士	1081
招式	1081
毀	1080
原著	1080
稍	1079
正好	1078
爪	1078
局面	1078
兵力	1076
冇所謂	1076
趴	1076
我有啲	1075
大自然	1075
正經	1074
騎兵	1074
總是	1073
貴妃	1073
公平	1073
互聯網	1071
沖涼	1071
我依家	1070
舒	1070
打工	1070
成語	1070
反彈	1070
妥當	1070
轎	1069
效	1068
置	1068
唔方便	1068
一於	1066
陌生	1066
大雨	1066
諾	1065
舅父	1065
悲傷	1065
告別	1065
朝鮮	1064
街坊	1064
西班牙	1063
面積	1063
收尾	1061
渴望	1061
地步	1061
措施	1060
君子	1060
平原	1060
痕	1059
有的	1058
閂	1058
不利	1058
便宜	1058
哲	1058
羨慕	1058
風流	1057
技巧	1057
這位	1057
面臨	1056
復甦	1056
冒	1056
付	1055
大路	1055
體會	1055
搞清楚	1054
泉	1054
狠	1054
季度	1054
抵擋	1053
滋味	1053
天然	1052
壞事	1052
盡力	1052
八號	1051
咪話	1051
太公	1051
崑	1050
路線	1050
長江	1050
報警	1049
伯伯	1049
一連	1049
工廠	1048
漂亮	1048
水果	1048
天天	1047
辦事	1047
招牌	1047
相遇	1047
入屋	1047
眨眼	1047
染	1046
用心	1046
深夜	1046
三號	1046
重傷	1046
準確	1045
總會	1045
下落	1043
危急	1043
莫名其妙	1043
一點點	1042
叫聲	1042
保住	1042
模	1042
心腹	1042
外人	1041
閒	1041
瑪	1040
結局	1039
足以	1038
表面上	1038
停留	1038
生長	1037
撤退	1037
大嫂	1037
魅力	1036
胡説八道	1036
勤	1036
額	1036
公元前	1036
落雨	1035
古老	1034
承諾	1034
念頭	1033
痕跡	1033
安心	1033
姆	1032
化解	1032
獅	1031
撕	1030
佛教	1030
異	1030
星期六	1030
人為	1030
壇	1030
蝦球	1029
昂	1029
出色	1029
責	1029
從事	1028
包裝	1028
路過	1028
協助	1027
心痛	1027
老大	1026
規	1026
客户	1025
唔唔	1025
猶豫	1025
乞丐	1024
註定	1024
若然	1023
缺乏	1023
食材	1023
燈籠	1023
粵	1022
妝	1021
鳴	1020
恭	1020
前線	1020
睇唔起	1019
幻想	1019
轉變	1017
猴	1017
走勢	1017
先好	1016
豆腐	1016
主張	1016
可能性	1016
收穫	1016
感冒	1015
狐	1015
聲響	1015
有請	1015
有聲	1014
暗器	1014
風雲人物	1014
嘴唇	1014
測試	1013
官方	1013
毒藥	1013
心願	1013
家鄉	1013
孔子	1013
驚人	1012
矛	1011
晚飯	1010
都冇乜	1010
拗	1010
往日	1010
咒	1009
襲擊	1009
同你一齊	1008
救翻	1008
睇緊	1007
請教	1007
佐	1007
發作	1006
几	1006
劑	1006
弊啦	1005
一般人	1004
謹慎	1004
察	1003
唐朝	1003
包住	1003
海鮮	1003
小二	1003
呈現	1003
飛行	1003
面具	1001
酒杯	1001
春秋	1001
風行	1001
職位	1001
操作	1000
身影	1000
小花	1000
來源	1000
肩	999
冇㗎	999
整理	999
面目	999
行人	997
夾住	997
蠟燭	997
劇本	997
岌頭	997
野獸	997
戒指	995
巖洞	995
網友	995
市區	995
典	995
趨勢	995
交情	995
學者	994
懲罰	994
透露	994
成分	993
分成	993
貿易	993
宿	992
多事	992
以外	992
單車	992
元素	992
留住	992
骨頭	991
難講	991
裂	991
開玩笑	991
系咁	991
故仔	991
手腕	990
行山	990
辭	990
薇	990
索性	990
愉快	990
傳聞	989
天黑	989
十足	989
雍	989
震驚	988
任命	988
咪有	988
襲	988
只需要	987
哲學	987
貢獻	987
部落	987
壯	987
疑心	987
困	987
有意思	986
午	986
節奏	986
載	986
事後	985
死咁	983
梅花	982
幾廿	982
實行	982
嚴肅	982
牛奶	981
默	981
航	981
忽然之間	981
物品	980
軍人	980
清風	979
允	979
題目	978
聽講話	978
好我哋	978
大地	977
博物館	977
候	977
房屋	977
佢有冇	977
乸	977
籌	977
譜	976
買賣	976
食飽	976
收集	976
爹哋	976
財政	976
信仰	976
到手	975
清清楚楚	975
連埋	974
嘣	974
八卦	973
欄	973
崙	973
醋	973
首領	973
接應	973
捲	973
多爾袞	973
之但係	972
優惠	972
全新	971
頭腦	971
將士	971
學問	970
衞生	970
唔係嘅話	970
疾病	970
手勢	969
回到	969
擔任	969
更新	968
嶺南	968
啞	967
返屋企	967
不錯	967
黃昏	967
球迷	967
逆	967
屋頂	967
報名	966
照片	966
帳篷	966
治理	965
四面	965
線索	965
男生	964
行開	964
擔高頭	964
肌肉	963
上樓	963
儘管	962
自稱	962
折磨	962
就真	962
乾脆	962
塗	962
月份	962
司令	961
技	961
使得	961
部下	961
始	960
翻身	960
同情	960
地理	959
湊	958
鈴	957
親王	957
女鬼	957
瞪	957
牛市	957
濤	957
資訊	956
正義	956
曼聯	955
取消	955
山峯	955
立場	955
現金	955
奴隸	955
成人	954
襯	954
長沙	954
漢子	953
朱古力	953
鄰居	952
礦	952
飛快	952
梳	952
體育	951
腫	951
世界盃	951
飛身	950
綜合	950
河邊	950
史上	950
岩石	950
供應	949
侵犯	949
指標	949
之餘	949
隨後	949
力氣	948
考古	948
惠	948
虧	948
淘寶	948
奏	948
批評	947
非洲	947
動力	947
擴大	947
多得	947
笑聲	946
在意	946
除了	945
宴	945
門下	945
波斯	945
尊敬	945
扁	945
握	944
匕首	944
恭敬	944
行行	944
排隊	944
莫非	944
犯罪	943
鏟	943
無啦啦	943
三國	943
超越	943
邊位	943
船長	943
打破	942
乘	942
秋天	942
通脹	941
防備	941
峨	941
和平	941
越來越	941
單獨	941
清潔	941
除此之外	940
海底	939
冷汗	939
作反	939
過人	939
參觀	939
教練	938
晶	938
唔係唔係	938
風雨	938
屠	938
火把	937
咩時候	937
旅客	937
同步	937
網站	937
水面	937
後代	936
移動	936
正當	936
規劃	935
説法	935
疾	935
盟	935
總督	934
弓	934
侮辱	934
而已	933
稟	933
買嘢	933
代價	933
打斷	932
疑	932
女神	932
企住	931
路人	931
飯店	931
氣息	930
山路	929
閣	929
點睇	929
弟兄	929
童年	929
半路	928
評價	928
後果	927
天堂	927
女婿	927
穴	927
雜誌	926
允許	925
計較	925
合適	924
同行	924
大方	923
傾向	923
砌	923
往事	923
妾	922
陷	922
街市	921
睇好	921
母子	921
充分	921
退兵	921
火星	920
通通	920
太空	920
不知不覺	920
思念	920
方案	920
愛好	919
引發	919
漢朝	919
層面	919
天使	918
咩意思啊	917
戰略	916
出馬	916
傳播	916
搞錯	916
轉移	915
神經	915
千五	915
有力	915
廣東人	915
火光	914
政權	914
高明	914
其他地方	914
預測	913
草地	913
萬物	912
效應	912
集體	912
拜訪	912
踎	911
大把	911
營寨	911
本領	911
提防	911
無線電視	910
慘叫	909
醫療	909
淒涼	909
環節	908
攝氏	908
細胞	908
弟弟	908
打卡	908
風騷	907
戰國	907
毅	907
狗仔	907
激烈	907
走向	906
發誓	906
男性	905
敲門	905
衝擊	904
分店	904
驕傲	904
勞動	904
都市	903
詭異	903
週末	902
深厚	902
開會	902
整蠱	901
種子	900
裝備	900
金剛	900
無名	900
早晨	900
法則	900
分為	899
幾好啊	899
金字塔	899
過度	899
議	898
再三	898
網民	898
係都要	898
難受	898
購	897
盡頭	897
發佈	897
拳頭	897
出於	897
星期一	897
呢排	897
呢頭	896
世人	896
精力	896
我同你講	896
過頭	896
傳媒	896
刻意	895
步行	895
殭屍	895
翁	895
海洋	894
阿嫂	894
英超	894
佔領	894
效率	894
高中	894
障礙	893
騷擾	892
咩地方	892
正能量	892
搽	892
搖頭	892
追殺	891
例	891
開工	891
挑選	891
包子	891
打量	891
退休	890
征服	890
旭	890
古人	889
過身	889
監獄	888
大頭	888
慢慢行	887
打獵	887
過後	887
光明	887
嗱嗱聲	886
兩下	886
抵抗	886
不滿	885
負面	885
驚動	885
放下	884
創意	884
震動	884
高強	883
本質	883
難度	882
陰謀	882
直頭	882
垂	881
購買	881
修行	881
温泉	881
新人	880
特點	880
先知	880
姿勢	880
入侵	880
技能	880
喪	880
認知	880
計策	879
坦白	879
假期	879
使唔使	879
沙灘	879
醫藥	879
十號	878
仰	878
賭場	878
宴會	878
筋	878
初時	878
兩公婆	878
致	878
佛山	878
稍為	878
別墅	878
津	877
筷子	877
罵	877
參考	877
山腳	877
咁滯	877
昏	877
年底	876
常見	875
讚	875
傍晚	875
飛奔	874
疑惑	874
細佬哥	874
犬	874
疏	874
劇情	873
央行	873
伕	873
證實	873
法官	873
收兵	872
生前	872
良心	872
啤酒	872
廣西	872
檸檬	872
糊塗	871
犯人	871
過癮	871
親密	871
人情	871
欺	871
彩虹	870
中華	870
難道	870
肥佬	870
高聲	870
酒吧	869
典型	869
宮殿	869
出席	869
保障	869
騙	869
議員	869
損	868
海邊	868
嗒	867
滬	867
結論	867
吱	866
隱隱約約	866
樑	866
升幅	865
導	865
持有	865
甘心	864
鬼王	864
達成	864
升級	863
邊有人	863
第九	863
普遍	862
固	862
狀元	862
單純	861
醫學	861
慾望	859
西瓜	859
防止	858
唔放心	858
恐	858
蔬菜	858
街上	857
丘	857
不行	857
屁	856
茅	856
棄	856
咬住	856
大嗌	855
旨	855
感染	855
樹木	855
特意	855
新加坡	854
從未	854
上市	854
眾多	853
越南	853
揼	853
造反	853
象徵	852
營養	852
身亡	852
後院	852
好極	852
講道	851
以為你	851
暴露	851
京師	851
唔及	851
冥	850
懷念	850
高人	850
焦慮	850
反抗	850
外地	849
衝動	849
終身	849
黑道	849
趕住	849
識咗	849
筒	849
面子	849
阿嫲	848
兒子	848
逃避	848
年初	848
子彈	847
難怪	847
我好中意	847
甜品	847
訪	847
九龍	846
缺點	846
朝頭早	846
淮	846
輕微	846
領袖	846
畫咗	846
主任	846
追問	846
戰士	845
頂唔順	845
外賣	845
崗	845
説服	845
風雲	845
河北	845
表明	844
透明	844
難免	844
擾	844
文書	843
九號	843
照住	843
過往	843
作家	843
自己人	842
心臟	842
對應	842
抑或	842
珍貴	841
牙齒	840
數學	840
幸	840
樹葉	839
塘	839
警告	839
堅定	839
贏得	838
有份	838
移民	838
皇室	838
運作	838
專心	838
一頂	837
城牆	837
黑影	837
得了	837
慌	836
天色	836
演繹	836
童話	836
繞	836
來回	836
糊	836
但凡	835
逐個	835
就以為	834
聯手	834
戚	834
二手	834
孤單	834
啵	834
登上	834
示	833
穎	833
一同	833
當場	832
前往	832
液	832
豬仔	832
真情	831
受歡迎	831
傻仔	831
議論	831
岸邊	831
好感	831
大細	831
低頭	830
輔助	830
户口	830
幻	830
贊成	829
平民	828
監視	828
預備	827
昭	827
遲到	827
即係咁	827
嘅咯	827
週年	827
解藥	826
護士	826
上台	826
崖	826
莉	825
絕望	824
溜	824
渣	824
伴侶	824
近日	824
具備	823
係都	823
義氣	823
短短	823
着咗	823
腎	823
嫩	822
標誌	822
篤	822
偈	821
耐心	821
電筒	821
以來	821
地形	821
支撐	821
漫長	820
倩	820
今期	820
為首	819
馬匹	819
討伐	819
嗚	819
定義	819
打劫	818
婚禮	818
地址	818
穿越	818
紋	817
講究	816
堅決	816
編導	816
欽差	815
孝順	815
獵人	815
尤	815
不堪	814
去咗邊度	814
粗口	814
南北	814
楠	814
陣間	813
依靠	813
夥伴	813
來歷	812
頭痛	812
值錢	812
後退	812
好話	812
子女	812
出動	812
交換	811
吸引力	811
財產	811
趕走	811
現時	810
阿伯	810
大道	810
邵	810
崩	810
一系列	809
在線	809
淑	809
為之	809
濛	808
樂觀	808
事務	808
接待	807
情侶	807
雪山	807
訓	807
殿下	806
祖宗	805
梯	805
上高	805
背叛	805
大片	805
湘	805
加息	804
鎮守	804
保佑	804
實施	804
認錯	804
澳洲	803
葱	803
荔枝	803
伐	802
嫲嫲	801
誓	801
當住	801
催眠	801
火箭	800
守護	800
覆	800
加拿大	800
濟公	799
苑	799
相貌	799
後人	799
同志	798
拐	798
青蛙	798
晏晝	798
懸崖	798
育	798
西南	798
腦海	798
唔理你	798
畫畫	797
詐	797
算命	797
佔據	797
遵守	796
理性	796
災	796
抗拒	796
隧道	796
可以啊	795
耷	795
巴閉	795
驗	795
統領	795
眨	795
狼狽	794
節日	793
子弟	793
殺害	793
辛	793
無知	793
蘇聯	792
開啓	792
明月	792
不出	791
唔對路	791
盔甲	790
良好	790
發光	790
書信	789
真真	789
災難	789
登記	789
服裝	788
藥物	788
連累	788
西夏	788
鬼魂	787
唔切	787
氣勢	787
破綻	787
座位	787
沉重	787
睇落	787
倫敦	786
稟報	786
器官	786
甜蜜	785
下半	785
落樓	785
大件事	785
妒忌	785
遇上	784
駙馬	784
獨家	783
蒲	783
季節	783
鬼咁	782
家陣	782
霎時間	782
至好	782
制服	782
圖案	782
探索	781
加速	781
歡樂	781
背影	781
法庭	781
情報	781
魔鬼	780
只怕	780
遠離	780
層次	780
拿破崙	780
去世	780
適當	780
提議	780
依賴	780
好鬼	779
爭啲	779
吟	779
國人	779
寶寶	779
先行	779
使出	779
咁巧	779
聆聽	778
唔好睇	778
出自	778
行入嚟	778
奕	778
冇有	777
循環	777
牢	777
遜	776
厭	776
作業	776
一級	775
在乎	775
另一方面	775
葫蘆	774
橫掂	774
認出	774
晚安	774
途中	773
時尚	773
屙	773
擠	773
西安	773
權利	773
資深	773
過多	773
街道	773
嘴角	772
拉開	772
姨媽	772
靈活	772
拱手	771
分辨	771
仇人	771
甘	771
顧住	770
早期	770
個案	770
聯盟	770
難忘	770
樓市	770
天津	769
人格	769
得很	769
威力	769
艘	769
好似冇	769
歌聲	769
境	769
揮手	769
裝飾	768
地盤	768
堅強	768
鑑	768
裕	768
連接	768
當做	768
漢人	768
策劃	768
傾下偈	768
要點	768
打發	767
百名	767
大樓	767
殘忍	767
穩陣	766
罪名	766
重温	766
獨自	765
申	765
街頭	765
我國	765
急住	764
駛	764
山西	764
怎	764
搜	763
杆	763
潑	763
番茄	763
陷阱	763
色彩	762
氣質	762
不及	762
聲明	762
情節	761
咩嘅	761
眼鏡	761
財物	760
與其	760
原理	760
舟	760
舌	759
盼	759
展示	759
增強	758
確保	758
舉辦	758
咁鬼	758
那裏	758
採訪	758
怎樣	758
隨意	758
束	758
農業	757
兩粒	757
老闆娘	757
盈利	757
正派	757
法子	756
霖	756
戲劇	756
帳	756
機制	756
看見	756
深山	756
愛人	755
墳	755
麼	755
國軍	754
聖人	754
行程	753
過於	753
萬分	753
坡	753
旅程	753
澳	752
瞓得	752
齊齊	752
講聲	752
客觀	751
長久	751
珊	751
漫畫	751
統計	750
追蹤	750
崩潰	750
發起	750
俱	750
維護	750
偷襲	750
聖誕	750
小將	749
入門	748
螞蟻	748
人命	748
審問	748
上門	748
極度	747
白天	747
我識	747
話咩	747
好耐好耐	747
分配	747
隱瞞	747
夾埋	746
屬下	746
天才	746
叢	746
後門	746
經書	745
不時	744
羣雄	744
當局	744
沿途	744
餡	743
階級	743
細路女	743
叩	743
絕技	743
傲	743
稱讚	742
指定	742
之際	741
忽略	741
懟	741
練功	741
路口	740
上課	740
擔保	740
脱離	740
遙遠	740
噗	739
負擔	739
角落	739
部位	739
口音	739
押	739
定還是	739
捨得	739
對白	739
且聽下回分解	738
偶像	738
海軍	737
名門	737
頂唔住	737
憂心	736
心跳	736
牧	736
高層	736
頻率	736
設立	736
指導	735
應對	735
杰	735
誕生	735
紐約	735
依照	735
你試下	734
永恆	734
步驟	734
哈哈哈哈哈	734
住宅	734
毫	734
支付	734
匈奴	734
岌	733
題材	733
笠	733
費用	733
暴力	733
莊客	733
傳承	733
下下	733
上身	733
貓仔	733
放假	732
名義	732
成間	732
堡	732
討	732
借錢	732
人體	732
公道	732
誠意	732
墳墓	731
蹦	731
商議	731
見證	731
追究	731
擰頭	730
快脆	730
打爛	730
符號	729
初初	729
醃	729
身高	729
打橫	729
無端端	729
卜	729
執着	729
外表	728
回去	728
聽講過	728
賢王	728
點着	728
前途	727
整整	727
南海	727
農夫	727
漲	727
烏龜	726
嚟唔切	726
諸葛	726
搜查	725
體力	725
巢	725
三軍	724
心底	724
極其	724
散步	724
拋棄	724
保守	724
呢趟	723
買入	723
性情	722
碼	722
態	721
彷彿	721
驅	721
高低	721
敬請	721
菌	721
大炮	721
要害	720
病毒	720
大老爺	720
吶喊	720
體系	720
火山	720
設施	719
先再	719
聽從	719
功課	719
漫	719
幾點	719
磅	719
九成	719
蝙蝠	718
習	718
老鼠仔	718
睇書	718
喉	717
安定	716
料理	716
拍戲	716
心理學	716
喇嘛	716
舉個例	716
分離	715
單單	715
愛心	715
連環	715
急忙	715
傳授	715
違反	715
稱之為	714
姓名	714
嬸	714
成親	714
消化	714
風聲	714
計謀	714
好友	714
專注	714
交往	713
游	713
吻	713
廚師	713
謀殺	713
揭開	713
周邊	713
大街	713
難為	713
係噃	712
享	712
最少	712
痛哭	712
模糊	712
注意力	712
睇錯	711
年青	711
影子	711
依度	710
剿	710
軍營	710
脷	710
情歌	710
斗	709
指示	709
乘客	709
平凡	708
坊	708
釵	708
外國人	708
小孩	708
看守	708
疫苗	708
牌子	707
框	707
葬	707
一舉	707
鐵路	707
指出	706
受害人	706
自在	706
苦笑	706
缸	706
福建	706
潛	706
星座	705
大意	705
庸	705
炭	705
兄妹	705
抱怨	705
月餅	705
昏迷	704
鮑	704
表白	704
繡	704
份人	704
感慨	704
埋怨	704
想念	704
接收	704
點都好	704
消除	704
翰	704
好冇	703
概率	703
毫不	703
攞走	703
一瞬間	703
鑽	703
勤力	703
出賣	703
橙	702
交戰	702
龐大	702
職員	701
星期日	701
教頭	701
欺負	701
極為	701
馬蹄	701
大隊	700
分散	700
斯文	700
些	700
詔	700
傷人	699
蘿蔔	699
巴塞	699
質素	699
枉	699
相會	699
檢測	699
確認	698
風光	698
嘴巴	698
頭皮	698
收留	698
信念	698
趣	698
側邊	698
仇恨	697
馬來西亞	697
社區	697
貸	697
助手	697
吃飯	697
沿	697
滅亡	697
漁	696
慚愧	696
商店	696
意志	695
云	695
熬	695
協會	695
擺酒	695
眾生	695
另一半	695
跑步	695
超市	695
表妹	694
睿	694
你講啦	694
跌幅	694
疊	694
發燒	694
股價	693
張怡	693
眼色	693
暗示	693
睇戲	693
報復	693
喘	693
牛仔	692
唱片	692
進化	692
三更	692
懷抱	692
流血	692
打招呼	691
難睇	691
從中	691
消耗	691
囊	691
羣體	691
呢個嘢	691
傳遞	690
護送	690
王國	690
再度	690
唇	690
華麗	690
前世	690
預先	689
沒關係	689
大姐	689
老老實實	689
融資	689
基地	689
屏幕	689
俗語	689
聽人講	689
運行	688
邊樹	688
福利	688
砸	688
並沒有	688
做大	688
相傳	688
飛起	688
神態	687
掣	687
天地會	687
書記	687
豪傑	687
款待	687
改編	687
密切	687
睇下先	687
木頭	686
當面	686
鬥爭	686
適	686
寫信	686
劍術	686
擊敗	686
制定	686
俄	685
上午	685
例外	685
環保	685
子孫	685
洗手間	685
好看	684
奮鬥	684
大仔	684
培訓	684
姜子牙	684
幣	684
迎戰	683
黛	683
名人	683
詞彙	683
首都	683
生仔	683
親身	683
如意	682
涉	682
船艙	682
冰冷	682
白酒	682
脂肪	682
約咗	681
渡	681
招數	681
講述	681
出版	681
購物	680
真誠	680
叢林	680
腰帶	680
詞語	680
細路哥	680
將近	679
幾名	679
船隻	679
四處	679
短暫	678
精緻	678
加快	678
對外	678
自此	678
軟件	678
劇集	677
相機	677
取代	677
出頭	676
場合	676
躬	676
黑白	676
日前	675
文武百官	675
嫺	675
靠住	675
公眾	674
加班	674
散發	674
延續	674
落後	673
靜雞雞	673
但願	673
富有	672
忠心	672
佢係邊個	672
運輸	672
走甩	671
引導	671
丕	671
唯	671
發財	671
上牀	671
娛樂圈	671
層樓	671
中毒	669
光芒	669
灑	669
實體	669
睇起上嚟	669
舉動	669
祖師	669
疑問	669
躍	669
熱愛	669
主力	669
煥	669
日期	668
腰間	668
堅守	668
西天	668
老年	668
趕路	668
我老豆	667
海水	667
勾結	667
無線	667
中途	667
外界	667
奇妙	666
唔同意	666
整齊	666
醒起	666
大都	666
不盡	666
成世	666
檢	666
水晶	666
邪惡	666
上來	665
傷勢	665
相愛	665
利物浦	665
請坐	665
大神	665
帝王	665
均	665
早已	664
女孩	664
執拾	664
杯茶	664
獎勵	664
相思	664
嫌棄	664
狡猾	664
龍頭	664
出戰	663
時不時	663
正宗	663
融合	663
預言	663
嬴	662
血液	662
勻	662
花生	662
次次	662
擅長	662
等我嚟	662
少數	662
處境	662
譽	662
張三	661
咖喱	661
農村	661
忍受	661
太爺	661
房子	660
蒼白	660
模樣	660
無意	660
毅然	660
份量	659
推廣	659
攻破	659
講乜	659
公共	659
弓箭	659
仔仔	659
荷蘭	658
突出	658
稿	658
身處	658
匆匆	658
影響力	658
邊境	658
無可奈何	657
珅	657
大汗	657
理念	657
鍛鍊	657
呢家	657
下人	657
究	657
賭錢	656
大規模	656
點算好呢	656
考驗	656
景色	656
流眼淚	656
秒鐘	656
轉發	656
不嬲	656
逼住	655
打探	655
去路	655
初期	655
關羽	655
自言自語	655
燦	655
狂風	655
蜜蜂	655
理財	654
賓館	654
自私	654
趁機	654
帶動	654
症狀	654
簾	654
香水	654
綿	652
火滾	652
籍	652
頗	652
獎品	652
極端	652
虛構	651
難聽	651
國民	651
個性	651
紫色	651
介乎	651
夷	651
否認	651
跳起身	650
堂堂	650
梵	650
個鐘	650
蜘蛛	650
繳	649
建造	649
談判	649
憤	649
推翻	649
姐妹	649
融入	648
下屬	648
言語	648
出家	648
決策	648
模仿	648
婦	648
認可	648
進去	648
辭別	648
作主	647
威風	647
好意	646
動機	646
港澳	646
台階	645
孫子	645
喜愛	645
鋭	645
討好	645
竇	645
族人	645
造型	645
守衞	645
每當	645
雪糕	645
物件	645
板塊	645
睡眠	645
投訴	645
尾巴	645
約會	644
唯獨	644
光線	644
豪華	644
幅度	644
包含	644
不明	644
設置	644
凡事	644
好易	643
灌	643
加一	643
擺脱	643
尿	643
金色	643
三樓	643
氣候	643
案發	642
咁重	642
盤點	642
洪水	642
提及	642
探望	641
教學	641
水手	641
禁止	641
奶茶	641
轟	640
包容	640
偶爾	640
數目	640
輪流	639
發脾氣	639
兵法	639
脾	639
展現	639
陸續	639
受苦	639
山頭	638
接納	638
民主	638
職場	638
異常	637
行軍	637
照樣	637
真是	637
感興趣	637
幫到你	636
打翻	636
都只係	636
古墓	636
怕醜	636
打起	636
賊仔	636
唔好聽	635
陣勢	635
細菌	635
鼻哥	635
安全感	635
杜絕	635
茶葉	635
辭職	635
聽晚	634
供給	634
世子	634
傢俬	634
美味	634
儘	634
市值	634
過夜	634
賤	634
大象	634
先至得	634
孩	633
吳用	633
差異	633
而家去	633
珠江	633
寧靜	633
視為	632
親切	632
無力	632
耍	632
華人	632
求情	632
少有	632
等級	632
隨手	631
僅僅	631
鑽石	631
戲院	631
被逼	631
高山	631
咪住	631
我就知	631
茫茫	631
合約	630
黑人	630
阿拉伯	630
原油	630
瑾	630
官職	630
名單	629
譯	629
長城	629
圍牆	629
英語	629
排除	629
不惜	628
四方	628
抓	628
投靠	628
睇電視	628
圖片	627
固然	627
鄉親	627
裴	627
豈有此理	627
室內	627
體現	627
不論	626
漿	626
合同	626
多餘	626
倉庫	626
就業	626
促進	626
圖書	626
整到	625
擔憂	625
放住	625
國語	625
低聲	625
平定	625
超人	625
跡	624
妖魔	624
鶴	624
執到	624
兩家	624
震撼	624
睜	624
收費	624
貧	623
春節	623
財務	623
活躍	623
堯	623
權威	622
新娘	622
捻	622
訊	622
日落	622
人品	622
價值觀	622
大字	621
好吃	621
海關	621
宰相	621
阿姐	621
公路	621
匪	620
瞭	620
魄	620
最為	619
壯士	619
純屬	619
談論	619
厲	619
啓動	619
星期五	619
冷氣	619
枯	619
唔知道啊	619
大權	619
無疑	619
沛	619
悲觀	618
陷害	618
實用	618
按摩	618
準時	618
呈	618
貧道	618
污糟	618
捏	617
銷	617
試下啦	617
緣故	617
分分鐘	617
名氣	617
方丈	616
爵	616
欺騙	616
生氣	616
貴州	616
建築物	616
砰	616
大丈夫	616
永不	616
試探	616
團結	615
丸子	615
圍攻	615
呃人	615
秘書	615
寇準	615
胖	615
迎面	614
近排	614
舊時	614
求救	614
藉	614
反擊	614
平等	614
菩	613
酥	613
巧妙	613
辜負	613
講嘢啦	613
好唔開心	613
四條	613
比喻	612
脆弱	612
陌生人	612
晚餐	612
魔頭	612
嗬	612
泥土	612
定位	612
疆	611
教堂	611
下載	611
注	611
上個月	611
採用	611
輸入	611
毀滅	611
月球	611
北上	611
你哋啦	611
察覺	610
石油	609
減肥	609
健身	609
巴西	609
難做	609
內外	609
遠方	609
排名	609
才華	608
痛快	608
誠	608
驚心動魄	608
優點	608
動人	608
佢就要	608
講解	608
武漢	607
絕不	607
勝負	606
平生	606
搖搖	606
湖南	606
招架	606
感應	606
空虛	605
拖延	605
目的地	605
心地	604
鬼佬	604
兒女	604
幕後	604
唔叫	604
差距	604
今生	604
大風	603
包裹	603
梨	603
內疚	603
邋遢	602
圍繞	602
偷偷哋	602
智能	602
村莊	602
木板	602
下滑	602
科幻	601
誇	601
反面	601
混合	601
公安	601
鎖定	601
邊緣	601
物體	601
尋常	601
給予	601
喺房	600
三六	600
賞賜	600
野心	600
元朝	600
卧	600
還手	600
北邊	600
皇家	600
遺	600
就正	600
氣味	599
幫襯	599
役	599
畀	599
去邊啊	598
猛然	598
家屬	598
喔	597
做戲	597
只得	597
拜祭	597
親近	597
底部	597
雁	597
金額	596
上頭	596
院子	596
灰色	596
觸	596
口語	596
上陣	596
俘虜	595
渠	595
天文	595
合力	595
廢話	595
推測	595
呢種人	595
舒適	595
聖誕節	595
大班	594
面紅	594
坐監	594
店鋪	594
問候	594
人稱	594
焚	594
恩人	594
反轉	594
一律	593
潮州	593
晏	593
織	593
茶樓	593
仙女	593
喜劇	593
打嚟	593
乖乖	593
妙計	592
分裂	592
事蹟	592
暗算	592
唔客氣	591
怪異	591
匆匆忙忙	591
洋葱	591
早前	591
提示	591
蟻	591
踢咗	591
顧客	591
鵰	591
質疑	590
回落	590
姐夫	590
大亂	590
阿彌陀佛	590
怨恨	590
詩人	589
晚輩	589
出海	589
好運	589
廣州話	589
瀟灑	588
消費者	588
有罪	587
雙修	587
業主	587
未免	587
擔當	587
枕頭	587
車站	587
岐	587
格局	587
原子	587
下游	586
被告	586
釣魚	586
莊園	586
算你	586
公斤	585
熱門	585
淫	585
佘	585
年度	585
陝西	585
千古	585
寫字	585
身體健康	585
稀	585
前日	584
繪	584
轉彎	584
大髀	584
主管	583
以免	583
打機	583
國債	583
老坑	583
城堡	583
近期	583
好好地	583
任由	583
長輩	583
歌唱	583
繼位	583
講咗啦	583
取勝	583
潔	582
無恥	582
才子	582
雪櫃	582
廣泛	582
號稱	582
躲	582
擴張	582
長官	582
葵瓜子	582
那樣	582
霜	582
分佈	582
清理	581
樂趣	581
寺廟	581
得知	581
委員會	581
囉嗦	580
真係啊	580
何時	580
防禦	580
寡	580
二叔	580
留低嘅	580
籃	580
盟主	580
景象	579
古董	579
斧	579
鎮定	579
唔係啊嘛	579
國外	579
魔法	579
落班	579
法師	579
燦爛	579
潛意識	579
號令	579
牆壁	579
閻	578
貼住	578
企圖	578
你同你	578
入行	578
嗯哼	578
本港	578
否定	578
土匪	578
探討	578
壓抑	577
崇拜	577
海灘	577
景點	577
充足	577
公益	577
胃口	577
先前	577
精心	577
我想問下	576
飲得	576
小食	576
天意	576
斑	575
免得	575
關頭	575
身手	575
機械	575
尋求	575
去向	575
蒜	575
湖北	575
香料	575
有如	575
改造	575
醒目	574
翹	574
麻雀	574
前方	574
畜生	574
精華	574
十名	573
蓮花	573
掌聲	573
高峯	573
烏鴉	573
失業	573
被捕	573
誘惑	573
物理	573
敦	572
生態	572
物資	572
流浪	572
團體	572
仲算	572
詠	572
貌	572
海南	572
倆	572
咱們	572
玩完	572
殘酷	571
佛祖	571
累積	571
轉向	571
唔想去	570
考察	570
利是	570
教師	570
貨物	570
恰	570
爭奪	570
決戰	570
菊	570
酒席	570
主教	570
還好	569
燉	569
諷刺	569
行星	569
每逢	569
生涯	569
合埋	569
啱啱先	569
冇到	569
行政	569
多麼	569
下場	569
駐紮	568
海岸	568
連氣	568
不便	568
品味	568
官司	568
畏	567
機密	567
笛	567
階層	567
療	567
矣	567
指責	567
昇	567
探險	567
正是	567
實踐	567
鴛鴦	566
入場	566
債主	566
精明	566
再生	566
先進	566
柄	565
非凡	565
種植	565
患者	565
寶刀	565
亨	564
被動	564
聲稱	564
警員	564
不分	563
手巾	563
睇中	563
手續	562
音頻	562
活力	562
註冊	562
弱點	562
電視機	562
商家	562
頂啦	562
放火	561
帶頭	561
的而且確	561
秘笈	561
罅	561
招待	561
特定	561
戰勝	561
主流	561
化學	561
打掃	561
本能	560
衰退	560
四名	560
年老	560
貧窮	560
真理	560
握住	560
河流	560
叔父	559
收工	559
身世	559
彙	559
燙	559
蹤	558
霸主	558
噸	558
上當	558
空地	558
公堂	558
早日	558
西藏	557
舉手	557
帕	557
哎喲	557
衲	557
高達	557
成交	557
石碑	557
國家隊	557
寵物	557
發行	557
俗	557
我有咩	556
憂慮	556
傻佬	556
名叫	556
官場	556
思路	556
心愛	556
服從	555
翻轉	555
輪迴	555
表姐	555
相應	555
猶太人	555
僅	555
後花園	555
基建	555
出場	555
許多	555
打攪	554
違背	554
調動	554
年級	554
跟着	554
射出	554
封閉	554
鳳凰	554
惡意	554
皺眉	553
牽涉	553
草叢	553
放大	553
棉	553
如同	552
纏住	552
風味	552
瞓唔着	552
罷啦	552
一次過	552
所見	552
死屍	551
靈感	550
睬	550
咩説話	550
齊聲	550
放學	550
千金	550
收復	550
饅頭	549
原地	549
行蹤	549
巾	549
逛	549
共產黨	549
不少	549
夫子	549
評述	549
上任	549
構成	548
親信	548
咩樣	548
大門口	548
留心	547
細細個	547
浙江	547
士氣	547
掩飾	547
協議	547
進展	547
一輩子	547
習俗	547
回顧	546
冇面	546
英雄好漢	546
孤兒	546
指引	546
監管	546
設定	546
人等	546
鴨仔	546
閃開	545
水流	545
悔	545
人世	545
匯	545
成全	545
松樹	545
打低	545
解答	544
武裝	544
概	544
品種	544
船家	543
小妹	543
誠心	543
英俊	543
意圖	543
時空	543
打鬥	543
點㗎	543
上游	543
閘	543
無賴	543
修復	542
登基	542
咬牙	542
得以	542
祈禱	542
娃娃	542
頭盔	542
開槍	542
邊界	541
打出	541
南下	541
我知啦	541
缺少	540
精通	540
逐步	540
滔	540
楞	540
漸	540
發射	540
身家	540
白兔	539
哨	539
面孔	539
興起	539
勇士	539
入手	539
亂嚟	539
遭受	539
分子	539
冇問	539
妓女	538
深度	538
送信	538
匯率	538
美股	538
高考	538
喲	538
無聲	538
追趕	538
挫折	537
推介	537
機票	537
粟米	537
零食	537
痰	537
麪粉	537
繁華	537
貫	537
棺	537
大隻佬	537
捨	536
工程師	536
高貴	536
縫	536
弗	536
嗌交	536
罷	536
連連	536
公民	536
不得已	536
周朝	536
搞唔掂	536
武將	536
優雅	536
成名	535
漆黑	535
在內	535
試圖	535
芯片	535
路程	535
大鑊	535
聽歌	535
品質	535
向來	535
了不起	535
血跡	534
西遊記	534
精英	534
辱	534
哪個	534
潮流	534
皇叔	534
官吏	534
灘	534
老二	534
出道	533
玩家	533
岑	533
邊間	533
辯	533
好奇心	533
通天	533
正要	533
視覺	533
扮演	533
通訊	533
踏入	532
警惕	532
存款	532
摸住	532
好受	532
耳朵	532
埋單	532
齒	532
推進	532
讀書人	532
卅	532
流水	532
屁股	531
中意你	531
英國人	531
捉拿	531
由細到大	531
執起	531
搶劫	531
盯住	531
愕然	531
地勢	531
保鏢	530
隨即	530
要是	530
豉油	530
下個月	530
隨身	530
不然	529
注重	529
綁架	529
旋	529
永生	528
自覺	528
代理	528
問話	528
基因	528
半島	528
蜜	528
冊	528
有命	528
歡呼	528
境內	528
着想	527
品嚐	527
多久	527
全場	527
瀑布	526
密碼	526
附	526
起牀	526
強盜	526
常用	526
火焰	526
投票	526
洗手	525
丐	525
黃埔	525
無心	525
偏僻	525
流星	525
模型	525
供奉	525
發掘	524
羣眾	524
領取	524
謠言	524
唔喐得	524
我聽日	524
飲料	524
渠道	524
口岸	524
羅漢	524
揈	523
身子	523
離奇	523
形態	523
山區	523
前提	523
含有	523
服務員	523
低調	523
僆仔	523
封建	522
職務	522
真係㗎	522
識做	522
展覽	522
蝕底	522
想試下	522
效力	522
松鼠	522
炸彈	522
加工	522
唔使客氣	522
射箭	522
盼望	521
早知	521
怪獸	521
全體	521
廣播劇	521
死罪	521
薯仔	521
麟	521
大學生	521
急急腳	521
睡覺	521
瞓低	521
手頭	521
簽名	521
跡象	521
不愧	521
耶穌	521
推遲	520
畢	520
過面	520
嘆息	520
暴雨	520
樂隊	520
忠誠	520
非法	520
你話啦	520
所為	520
圓形	520
指教	520
愛迪生	520
可靠	520
嘻嘻	520
悲劇	520
不由自主	520
高鐵	520
小心翼翼	520
從小	520
鮮花	520
戰術	519
敬重	519
咪要	519
偏向	519
完善	519
遺體	519
法院	519
初戀	519
講㗎啦	518
蘇州	518
貴人	518
金山	518
無盡	518
功效	518
常常	518
行街	518
明珠	518
署	518
覆蓋	518
氣力	518
唔知呢	518
嘭	518
工會	517
北風	517
男士	517
無窮	517
改名	517
方言	517
旗下	517
新抱	516
五行	516
狠狠	516
觀看	516
兼且	516
滲	516
我跟住	516
唔使幾耐	516
排列	516
請安	516
院長	516
小組	516
高就	516
源自	515
定啦	515
視線	515
關照	515
鰲拜	515
唔着	515
南美	515
點不知	515
意願	515
沓	515
勇猛	515
叮	515
作對	514
當前	514
制止	514
可謂	514
同班	514
惜	514
露面	513
哀	513
恃	513
半夜三更	512
牛油	512
世事	512
圖書館	512
繁	512
着數	512
師徒	511
積累	511
係唔係啊	511
豎起	511
耳仔邊	511
而行	511
離譜	511
交關	511
高速	511
解救	511
葡萄	511
萬萬	510
皇馬	510
殺咗個	510
浦	510
仗義	510
唔同你	510
把守	510
今世	510
停車場	510
致命	509
不成	509
設計師	509
褪	509
孫女	509
貼身	509
水分	509
陰間	509
正月	509
武術	508
差別	508
謙虛	508
超出	508
熱烈	508
東海	507
咕嚕	507
歧視	507
出征	507
逗留	507
公正	507
反駁	507
妹釘	507
醫治	507
愈	506
糕	506
夢見	506
吃驚	506
為生	506
醉酒	506
斥	506
佈	506
事故	506
早就知	506
責怪	506
噼	506
解放	506
在心	506
有限公司	506
水準	505
曰	505
尉遲恭	505
法術	505
教導	505
甄	505
知名	505
恕	504
困擾	504
恩怨	504
奇異	504
途	504
公事	504
光頭	504
清明	504
辦理	504
耗	504
隱蔽	504
得啦得啦	503
上年	503
學堂	503
無形	503
利息	503
住宿	503
唔公平	503
霎時	503
茶餐廳	503
叉燒	503
晃	503
猜測	503
插手	503
密室	503
粒聲唔出	503
隱居	502
上半	502
部長	502
貶值	502
朋	502
重建	502
親熱	502
不下	502
表弟	502
病情	502
總體	502
退後	502
杏	502
心酸	501
好好哋	501
口供	501
指甲	501
要麼	501
霸王	500
地板	500
初步	500
得啲	500
寒冷	500
係人都	500
途徑	500
放工	500
龍門	500
野生	500
燒烤	499
無影無蹤	499
身份證	499
拆開	499
銀紙	499
客房	498
終點	498
市長	498
耳機	498
暫	498
武力	498
風暴	498
玩笑	498
秩序	498
集合	498
懂事	498
總部	498
我媽咪	498
國民黨	497
背心	497
箍	497
身心	497
槓桿	497
祖國	497
籃球	497
美貌	497
你睇下你	497
凌空	497
老婆婆	497
碑	497
舅	497
批准	497
偵探	496
葵	496
仲有呢	496
上堂	496
球場	496
興建	496
贖	496
自問	496
諮詢	496
合法	495
樊	495
剎	495
黐住	495
變態	495
虧損	495
勞煩	495
拍檔	495
明亮	495
贈	495
女郎	495
公寓	495
嚴厲	495
出戲	495
老家	495
上朝	495
外父	494
收縮	494
紅利	494
嬰兒	494
後世	494
纏	494
降落	494
嫣	494
到期	493
分頭	493
剷除	493
趕緊	493
心水	493
自願	493
過關	493
阿仔	493
廊	493
你唔信	492
支援	492
巧合	492
診	492
住房	492
冷漠	492
中意我	492
往來	491
顧忌	491
老爺爺	491
遙	491
牽掛	491
相助	491
在世	491
明日	491
眼瞓	491
屏	490
上週	490
巨型	490
指令	490
暑假	490
噔噔聲	490
敷	490
阿仙奴	490
高僧	490
陣陣	490
嘻	490
天台	490
病房	490
笑笑口	489
人氣	489
套房	489
敏捷	489
青山	489
螺	489
四海	489
仁義	489
方位	489
面試	489
睇病	489
人力	489
學術	489
共享	488
阿二	488
唔在乎	488
喜悦	488
睇小	488
出租	488
寶石	488
曆	488
求助	488
廣大	488
禮儀	488
長遠	488
或許	488
繁榮	488
捅	487
和諧	487
複製	487
三八	487
面部	487
柔軟	487
整頓	487
屏風	487
本土	487
迷惑	487
悽	487
老太婆	486
面向	486
藥方	486
任性	486
號碼	486
通報	486
水上	486
失戀	486
流量	486
判官	486
搬走	485
援	485
現身	485
月底	485
學歷	485
在位	485
不住	485
聯想	485
掠	484
一眾	484
啓發	484
姿態	484
一五一十	484
粉紅色	484
平淡	484
首飾	483
奇特	483
精靈	483
閃避	483
西裝	483
會長	482
黑夜	482
慈善	482
將就	482
鬼神	482
成果	482
神聖	482
團長	482
餃子	482
防範	482
夜啦	481
毛巾	481
行下行下	481
跟手	481
拜神	481
燃燒	481
全城	481
鄉村	481
郊外	481
頭陀	481
點嚟	481
勒索	481
提早	480
攝影	480
重慶	480
幻覺	480
迷人	480
棟樓	480
寬鬆	480
部署	480
府上	480
刪	480
級別	479
釋	479
快啲啦	479
衣着	479
你老豆	479
中秋	479
大致	479
保重	479
方圓	479
出國	479
聽説	479
改為	478
女王	478
可疑	478
時常	478
港紙	478
走佬	478
衡量	478
碎片	478
進來	478
掌櫃	478
裘	478
無能	478
呢架	477
入夥	477
温馨	477
搓	477
盃	477
企身	477
筆記	477
中環	477
教會	477
睇醫生	477
錢財	476
佑	476
溶	476
唄	476
僧人	476
釣	476
營業	475
盾	475
傷亡	475
審判	475
蒼	475
貪心	475
性質	475
用户	475
蟬	474
鮑魚	474
新冠	474
場地	474
耕田	474
主題曲	474
辦公	474
雕刻	474
轉化	473
聽㗎	473
流露	473
棠	473
竹林	473
氛圍	473
青銅	473
冷冰冰	473
唔覺意	473
咸	473
先人	473
伏兵	473
啦聲	472
勿	472
決賽	472
離去	472
一連串	472
顧問	472
咋嘛	472
邊邊	472
掉低	472
食客	472
南洋	471
鬼怪	471
生平	471
護衞	471
起行	471
債務	471
頻	471
癌	471
開封府	471
福氣	471
瞓醒	471
不顧	471
用意	471
生擒	470
空白	470
投胎	470
出軌	470
立刻	470
定期	470
被殺	470
藥材	470
演技	470
充	470
聲調	470
破產	470
反手	470
示範	470
友情	470
大旗	470
加以	470
抵死	470
讚賞	469
兆	469
富豪	469
空洞	469
侵	469
首次	469
台下	469
後日	469
就中意	469
軌	469
同伴	469
全程	469
東南亞	469
物價	469
不止	469
得掂	468
智商	468
永久	468
似佢	468
搭配	468
舞蹈	468
感嘆	468
發酵	467
隆重	467
金牌	467
昨日	467
難題	467
唔至於	467
枕	467
坐車	467
種類	467
妹仔	467
犀利啦	466
硃	466
午夜	466
衡	466
香蕉	466
撇	466
鋸	466
英格蘭	466
壓制	466
聽朝	466
收購	466
儒家	466
絲毫	466
發泄	466
污	466
失禮	465
清水	465
英明	465
先至好	465
老漢	465
處死	465
恐龍	465
温和	465
道教	465
講白	465
頭像	465
點擊	464
拍手	464
富裕	464
午餐	464
家務	464
脱口	464
救兵	464
一體	464
瑪雅	464
爭議	464
時裝	463
調節	463
腦袋	463
日記	463
養老	463
無邊	463
拯救	463
後宮	463
標籤	463
列車	463
外在	463
寡婦	462
助理	462
險惡	462
誠實	462
取經	462
都大	462
絕招	462
萌	462
失落	462
出年	462
抌咗	461
服飾	461
天性	461
清晨	461
送死	461
驅動	461
唔見得	461
放走	461
殺氣	461
受害者	460
咔	460
雷同	460
學員	460
衫褲	460
滄	460
抑	460
輝煌	460
單詞	460
市面	460
俄國	460
堤	459
下意識	459
陰影	459
幾多啊	459
仁兄	459
毛病	459
演變	459
平穩	459
非同小可	459
戰役	459
泰山	459
艇仔	459
延伸	459
長者	459
未定	458
你做咗	458
泛	458
歸順	458
趕上	458
淘汰	458
平地	458
你以為我	458
鐵心	457
你聽我講	457
地帶	457
白虎	457
剛好	457
泄	457
定神	457
一啲啲	457
賤人	457
死咯	456
反思	456
參見	456
鏢局	456
饒恕	456
鴉片	456
咬牙切齒	456
震盪	456
範疇	456
場所	456
重量	456
半身	456
眯埋眼	456
分解	456
滾滾	456
滾水	455
面容	455
唔信啊	455
用品	455
憑藉	455
泊	455
保養	455
宮廷	455
中期	455
起頭	455
專程	454
樁	454
劈咗	454
攀	454
低落	454
維修	454
旅館	454
歷代	454
瘋	454
訴	454
韞	454
國會	453
謎	453
一再	453
彼	453
農曆	453
手槍	453
罪過	453
盔	453
煙花	453
出路	453
膏	453
飲杯	453
報應	453
祝賀	452
不好意思	452
較量	452
虛弱	452
乳	452
迷思	451
扒	451
優質	451
鶯	451
激嬲	451
后	451
我都唔想	451
唔好食	450
打動	450
心血	450
熱氣	450
燭	450
獎金	450
金黃	450
三幾	450
賓客	450
睇穿	450
八字	449
圈子	449
呼籲	449
外來	449
定律	449
實情	449
回升	449
對得住	449
無常	449
陳皮	449
國師	449
刃	449
車廂	449
刺客	449
禧	449
山羊	449
看住	449
女女	448
僕	448
放肆	448
安置	448
初中	448
被困	448
霸道	448
陰天	448
雪白	448
離遠	448
優美	448
二郎神	448
天賦	448
小型	448
沒法	448
拼音	448
户外	447
刀鋒	447
減輕	447
聯軍	447
京都	447
雪花	447
航班	447
田地	446
蹤影	446
藍天	446
四九	446
稍後	446
售	446
協調	446
跳樓	446
東風	446
契	446
知己	446
赴	446
暫停	445
闢	445
起火	445
簿	445
理智	445
湯底	445
留學	445
迴避	445
生果	445
痴線	444
影視	444
逼人	444
蒂	444
江蘇	444
一嘢	444
求婚	444
唔耐煩	444
枚	444
租金	444
個體	443
爭論	443
嬰	443
囚	443
左右啦	443
自家	443
眼珠	443
擂台	443
鳩	443
寵愛	442
客家	442
安葬	442
打擾	442
喜事	442
犯法	442
我唔中意	442
條文	442
劍尖	442
上上下下	442
朝政	442
國土	442
啦啦聲	441
過日子	441
交出	441
幾得意	441
應酬	441
爭執	441
去邊度啊	441
一個二個	440
世家	440
假裝	440
情人節	440
困境	440
合格	440
沙發	440
靠山	440
上路	440
冇喐	440
恨不得	440
出錢	439
演藝	439
男一	439
繪畫	439
廝殺	439
外婆	439
直覺	439
古今中外	439
傻嘅	439
裁判	439
併	439
外交	439
廣闊	438
收買	438
講講下	438
呢類	438
媚	438
可以點	438
認定	438
立功	438
銘	438
外資	438
清新	438
逍遙	438
好比	438
會上	438
龍蝦	438
撞見	438
認輸	438
牀頭	438
發熱	438
小生	438
有機	438
了結	437
星空	437
花名	437
紂	437
事發	437
眼皮	437
功名	437
頂帽	437
底線	437
推行	437
愚蠢	437
條鐵	437
我唔知啊	437
傷感	437
男孩	436
尖叫	436
山林	436
結交	436
識字	436
導師	436
埋葬	436
開張	436
面口	436
菲律賓	436
話唔埋	436
升值	436
有幸	436
擇	436
太原	436
乾燥	436
鋼琴	436
大嬸	436
眯	436
得着	435
催促	435
隊員	435
法老	435
對望	435
刑警	435
調味	435
街邊	435
霆	435
半場	435
貴啊	435
友誼	435
天命	435
音樂之聲	435
文物	435
家眷	435
召開	435
少奶	434
不免	434
唔順	434
淡定	434
寶馬	434
忠厚	434
笑下	434
大局	434
夢境	434
監督	434
美妙	434
散開	434
美容	434
仿	433
容貌	433
獄	433
愛國	433
鞏固	433
留得	432
正中	432
高麗	432
耕	432
失手	432
偽	432
欽	431
昨晚	431
經理人	431
拜託	431
停手	431
頭暈	431
海盜	431
壟斷	431
騎士	431
解讀	430
慘重	430
呢條計	430
捷	430
法令	430
靴	430
橫行	430
車輛	430
喺度食	430
食用	430
重生	430
當天	430
心智	430
燈火	430
五官	430
以至	430
大舅	429
名聲	429
動手	429
裝置	429
自立	429
進口	429
出家人	429
感覺上	428
鬆開	428
票房	428
起伏	428
大雪	428
材	428
相差	428
得手	428
燜	428
單刀	428
喪失	428
土耳其	428
搞事	428
引入	427
逃命	427
農場	427
我唔要	427
進發	427
愛護	427
哀求	427
本台	427
入境	426
人流	426
隨從	426
強勁	426
見怪	426
在座	426
率先	426
鋒利	426
悲哀	425
平息	425
待遇	425
佈局	425
應當	425
驚叫	425
解除	425
天國	425
工地	425
長子	425
平平	424
小時候	424
糾纏	424
外套	424
高位	424
火車站	424
吊頸	424
話齋	424
時段	423
容許	423
破解	423
天花板	423
烏雲	423
發嬲	422
解脱	422
照舊	422
慾	422
鉗	422
姿	422
樂意	422
師奶	422
癮	422
港股	422
你條命	422
新城	422
斬斷	422
市盈率	421
不和	421
你講得啱	421
藥丸	421
字條	421
可想而知	421
民國	421
人中	421
火氣	421
胸口	421
懶得	421
開嚟	421
玉女	421
煤炭	421
家父	421
老婦	420
兩岸	420
體質	420
人蔘	420
貶	420
理論上	420
空調	420
眼角	420
優先	420
終歸	420
莽	420
賣出	420
看待	420
伯爵	420
激情	419
君臣	419
雨水	419
仙人	419
董事長	419
請人	419
着急	419
疲倦	419
大灣區	419
傳人	419
轉換	419
不合	419
總理	419
近代	419
掌管	418
開封	418
烏克蘭	418
回想	418
寫低	418
文人	418
墊	418
睇電影	418
黏	418
屌	418
研發	417
克服	417
心動	417
匠	417
煞	417
極力	417
摧毀	417
追擊	417
寶貴	417
雞仔	417
潛水	416
植	416
跌低	416
早飯	416
崗位	416
邁	416
夕	416
殘廢	416
靈性	416
個男嘅	416
收聲	416
國有	415
打理	415
潮濕	415
養成	415
配音	415
滅絕	415
諗下諗下	415
古靈精怪	415
傳奇人物	415
恩愛	415
答覆	415
開支	414
論文	414
牽連	414
沒什麼	414
啤	414
刑罰	414
大伯	414
淚水	414
閒話	414
小女	414
又試	414
敵軍	414
你講咩	414
讀者	414
文獻	414
點啊你	414
新生	414
收音機	414
譬	414
送禮	414
于	414
彌	413
怠慢	413
光彩	413
宏觀	413
捕	413
權益	413
蒜頭	413
星期三	413
通關	413
悠	413
為乜嘢	413
排骨	413
官差	413
法寶	413
庵	413
拍片	413
奮	413
好輕	412
襪	412
關聯	412
到場	412
伴隨	412
奔波	412
書籍	412
人面	412
創立	412
鈎	412
迷失	412
識到	412
駱	412
收錢	412
上等	411
實習	411
年少	411
開展	411
選舉	411
跌倒	411
昆蟲	411
當眾	411
衞星	411
挨住	411
畫家	410
局部	410
亂七八糟	410
祭祀	410
地府	410
起點	410
據説	410
貪婪	410
矇	410
死傷	409
故鄉	409
恥	409
粗魯	409
卧底	409
證人	409
漠	409
雅典	409
寶物	409
多多少少	409
一生一世	409
你點解會	409
充電	409
駱駝	409
上乘	409
叮噹	409
師父	408
自行	408
據講	408
打賞	408
泄漏	408
眨下眼	408
朝代	408
兵卒	408
相聚	408
股份	408
艦	408
彥	408
樸	408
狠心	408
月色	407
經紀	407
奉命	407
虛實	407
相逢	407
徹	407
枴杖	407
教徒	407
影像	407
悲痛	407
講起上嚟	407
危害	407
有今日	407
行家	407
寶藏	407
精鋭	407
民心	407
動畫	407
彌補	407
有益	407
芝麻	406
相隔	406
唔錯啊	406
兩個鍾	406
丫	406
了得	406
樂壇	406
逃生	406
唞下	406
熱帶	405
用法	405
室外	405
冷淡	405
盜墓	405
製造業	405
決鬥	405
質地	405
粒子	405
再作	405
悦	405
賠錢	404
荷包	404
盡情	404
煲湯	404
閃身	404
慈悲	404
與眾不同	404
荒謬	404
忙碌	404
江西	404
營地	404
帶路	404
偷偷地	404
檔案	404
啜	404
各式各樣	404
禎	404
颱風	404
慌忙	404
血管	403
着衫	403
夕陽	403
駒	403
變動	403
疲勞	403
失眠	403
世代	403
人事	403
結識	403
轉眼	403
關我事	403
李白	403
墟	403
安裝	403
茅屋	403
確診	403
主觀	402
贊助	402
不凡	402
全年	402
出擊	402
權勢	402
椰	402
音樂會	402
追逐	402
寧可	402
就我哋	402
氧氣	402
苦練	402
撫	402
初次	402
關咗	401
名牌	401
怒氣	401
有排	401
瞄	401
精選	401
水泥	401
冇人嘅	401
爵位	401
播客	401
版權	400
賢弟	400
內傷	400
地鐵站	400
大包	400
專題	400
外出	400
輿論	400
嚴密	400
轟動	400
資助	400
公雞	400
上手	400
當事人	400
兩地	400
從頭	399
流程	399
巔峯	399
惡劣	399
接見	399
支出	399
局勢	399
餅乾	399
高尚	399
潮汕	399
乾坤	399
慶幸	398
少雲	398
渡過	398
連同	398
宵夜	398
往後	398
渴	398
得力	398
地底	398
電器	398
東莞	398
銀包	398
閻王	398
義務	398
起飛	398
生理	398
排行	398
朦朧	397
再同你	397
乙	397
賭博	397
荒廢	397
賠償	397
春風	397
心煩	396
木屋	396
菇	396
海里	396
二百五	396
峽谷	396
雞皮	395
囂	395
友好	395
懷孕	395
躲避	395
查詢	395
踢波	395
嚕	395
屋企住	395
灰塵	395
第二啲	395
攪	395
市中心	394
收睇	394
主導	394
我知啊	394
復仇	394
落腳	394
梓	394
膨脹	394
肚腩	394
工匠	394
股東	394
火藥	394
滿洲	394
一夜之間	393
紀錄	393
姑媽	393
監控	393
恕罪	393
利好	393
同門	393
開設	393
本地人	393
兇狠	393
雞翼	393
答話	393
古堡	393
多謝你啊	393
道家	392
汽水	392
拳腳	392
中秋節	392
情懷	392
話事	392
追隨	391
快遞	391
因果	391
後台	391
風波	391
羹	391
衝殺	391
投機	391
水浸	391
要不	391
關閉	391
漢語	391
當代	391
使錢	391
有禮	391
適宜	391
激發	390
慷慨	390
用途	390
熟人	390
手工	390
卸	390
名為	390
安寧	390
周到	390
彈性	390
下馬	390
獲取	390
六四	390
傷痕	390
冰箱	389
握手	389
僥倖	389
呸	389
陸地	389
多樣	389
我睇咗	389
詳	389
動態	389
現金流	389
動詞	389
晨	389
偷走	388
爭住	388
糖水	388
損害	388
委託	388
整定	388
笑意	388
傳達	388
啓稟	388
奸賊	388
過唔去	387
急於	387
告狀	387
耿	387
暗殺	387
搞法	387
靜靜雞	387
豎	387
神像	387
凹	387
扭曲	387
無意中	387
電池	387
盲目	387
由得	386
白痴	386
吉祥	386
人際關係	386
化身	386
繡花	386
閨蜜	386
觀賞	386
步伐	386
郊	386
歡笑	386
物種	386
泄露	386
預約	385
保衞	385
君王	385
嘲笑	385
市集	385
記起	385
唔少得	385
過節	385
強姦	385
分數	385
特性	385
麻麻	385
常識	385
珍寶	385
典禮	385
剩下	385
有為	385
畝	384
威嚴	384
車門	384
五台山	384
發言	384
跛	384
棉花	384
生性	384
樂園	384
宗師	384
逃亡	384
修建	384
衷心	384
苦心	384
壁畫	384
四面八方	384
沿海	384
心腸	384
作曲	383
口口聲聲	383
深愛	383
衫袖	383
掂啊	383
一清二楚	383
事不宜遲	383
風度	383
激勵	383
漆	383
輛	383
媳婦	383
動盪	383
墨西哥	383
武藝高強	383
例句	383
言論	383
旅途	382
由頭	382
賬户	382
徽	382
旋律	382
越過	382
奏章	382
三角	382
戰鬥力	382
揹	382
走開	382
期限	382
領土	382
猛烈	382
阿公	381
泡沫	381
微弱	381
一往情深	381
對岸	381
旨意	381
陣營	381
連夜	380
頂級	380
地下室	380
離世	380
削弱	380
演戲	380
大禮	380
牙刷	380
重陽	380
魷魚	380
浴室	380
開花	380
有冇搞錯	380
污染	380
魂魄	380
圍困	380
詭計	379
做嘢啦	379
大娘	379
產量	379
陰公	379
際	379
由得佢	379
結尾	379
審訊	379
特質	379
義工	379
上晝	379
辨別	379
大媽	379
變故	379
赦免	379
動搖	379
字母	378
道姑	378
星期四	378
不良	378
功臣	378
落入	378
功德	378
有餘	378
耽誤	378
通宵	378
冰島	378
半導體	378
魚肉	378
姻緣	378
能否	378
險要	377
滿天	377
買樓	377
負債	377
追查	377
躺	377
掀起	377
日出	377
促	377
茅台	377
氣場	377
英勇	377
高温	377
清涼	377
可以試下	376
難保	376
其後	376
貓咪	376
選手	376
額外	376
騙子	376
籌碼	376
膜	376
基督教	376
幹部	376
俏	376
老天爺	376
倚	376
頒獎	376
情意	375
追尋	375
死刑	375
撬	375
琦	375
艱苦	375
補償	375
其實你係	375
緩慢	375
離別	375
小氣	375
依啲	375
絕情	375
上演	375
佈滿	375
好鬼死	375
羽毛	375
熱心	375
關口	375
救命啊	375
案例	375
演唱	374
埃	374
與此同時	374
配料	374
邊會	374
體諒	374
蜂	374
驚恐	374
奔跑	374
遣	374
心寒	373
強壯	373
毒手	373
付費	373
娃	373
兇惡	373
輸贏	373
編輯	373
禮品	373
寬恕	373
米蘭	373
金星	373
腥	372
手足	372
即日	372
張開	372
天邊	372
當先	372
卦	372
元朗	372
攻佔	372
貪污	372
士多	372
除咗你	372
接手	372
緒	372
祠堂	372
發放	372
幾多歲	372
風俗	372
前來	372
冷清	372
罕見	372
同胞	371
猶	371
冒犯	371
線上	371
兇猛	371
拘捕	371
安人	371
搶先	371
眼界	371
新手	371
何以	371
風氣	371
微臣	371
甩身	371
肉體	371
體重	371
門檻	371
起源	370
間接	370
得勝	370
望遠鏡	370
手忙腳亂	370
偶	370
廚	370
攀登	370
昆	370
活潑	370
你睇你	370
主辦	370
款式	370
外頭	370
手錶	370
航空	370
封鎖	370
噔噔	370
黎明	370
眼白白	370
欄杆	370
損傷	369
鞘	369
窗簾	369
合一	369
面貌	369
底褲	369
談話	369
扎住	369
衣櫃	369
清單	369
格外	369
意料之外	369
出外	369
真假	369
年期	369
祈求	369
去年	369
參賽	369
正直	369
感觸	369
捲入	369
試咗	369
寢	369
故宮	369
可笑	369
幽默	368
沉思	368
咒語	368
結為	368
融化	368
除低	368
妥協	368
尊嚴	368
罪犯	368
遵	368
漁民	368
圓滿	368
衝鋒	368
長生不老	367
軍閥	367
諗咗下	367
三更半夜	367
家電	367
踏實	367
山崖	367
喜好	367
見解	367
該死	367
物業	367
美洲	367
糾結	367
證券	367
水路	367
對上	366
老鬼	366
西部	366
火爐	366
執法	366
守門	366
髒	366
擺設	366
急速	366
戒備	366
木乃伊	366
小販	366
下巴	366
面對面	366
孖	366
激氣	365
叫醒	365
寫作	365
不平	365
何處	365
舉止	365
恐慌	365
太重	365
麻辣	365
留守	365
當作	365
諸如此類	365
四樓	365
事主	365
初一	365
一唔係	365
做運動	365
卒之	364
炸雞	364
公館	364
各樣	364
囂張	364
髮型	364
敍	364
一會	364
嬲爆爆	364
都似	364
回收	364
叛亂	364
騷	364
質感	364
這般	364
四肢	364
車禍	364
恥笑	363
理得	363
要人	363
貨車	363
旦	363
理所當然	363
衰嘢	363
妓院	363
范	363
女友	363
儀器	363
穩健	362
偷笑	362
何苦	362
區區	362
長度	362
略略	362
外形	362
星辰	362
好做	362
綜藝	362
出差	362
臨牀	362
發售	362
起初	362
體貼	362
蹄	362
此時此刻	362
打手	361
港口	361
流域	361
聲勢	361
幾多錢啊	361
迷茫	361
右手邊	361
好意思	361
埲	361
黑洞	361
謀反	361
喺裏面	361
灣仔	361
唔係咁講	361
元老	361
銅錢	361
齊心	361
馬鞍	361
巡邏	361
沾	360
下等	360
紅日	360
膽量	360
歐美	360
焦急	360
把手	360
侶	360
椰子	360
親口	360
潛力	360
有助	360
妄	360
番薯	360
冷血	360
要緊	360
信用卡	360
霄	360
根基	360
好地地	359
班長	359
皆因	359
曲折	359
殺入	359
放生	359
山水	359
捱打	359
拖鞋	359
游牧	359
睏	359
實驗室	359
下班	359
火花	359
偷聽	359
侵略	359
不曾	358
表彰	358
試驗	358
平和	358
元寶	358
開朗	358
腐敗	358
憲	358
約束	358
駁	358
睇實	358
講到話	358
自豪	358
進軍	358
陸軍	358
對不起	358
酒精	358
養生	358
頭殼頂	357
導遊	357
醬汁	357
彤	357
不已	357
軟弱	357
打埋	357
嘭一聲	357
逃出	357
槍法	357
頭巾	357
榮譽	357
煤	357
秀才	357
萬千	357
得啦你	357
主講	357
耐咗	357
替代	357
阿女	357
本部	357
多情	356
夜空	356
就來	356
逆轉	356
幺	356
管轄	356
今個月	356
不能自拔	356
男友	356
預報	356
劇烈	356
通往	356
拖累	356
秘訣	356
陽台	356
默契	356
珠海	356
麒麟	356
微妙	355
惇	355
長達	355
人選	355
鯊魚	355
隨口	355
詹	355
嫌疑	355
終結	354
才學	354
名稱	354
語音	354
近來	354
咩料	354
葡萄牙	354
有錢佬	354
西洋	354
攻勢	354
逼近	354
過咗陣	354
取決	354
暫且	354
研	353
鐵粉	353
密集	353
兄弟姊妹	353
落力	353
巡查	353
新界	353
路途	353
源頭	353
公屋	353
愧	353
美術	353
一剎那	353
河馬	353
好轉	353
元宵	353
康復	353
土人	353
急急忙忙	353
雕像	353
打字	353
疲憊	352
門户	352
玉皇大帝	352
偽裝	352
饒	352
匪徒	352
命仔	352
前鋒	352
諗落	352
大仙	352
讚美	352
落實	352
佔有	352
橄欖	352
踏步	352
領悟	352
泳	352
立法會	352
南越	352
親友	352
試問	351
鑼	351
虛偽	351
還原	351
靈堂	351
紙巾	351
下雨	351
港鐵	351
體制	351
逐一	350
鞦韆	350
屯門	350
咽喉	350
團聚	350
帆	350
天佑	350
勳	350
盜	350
步兵	350
墨子	349
雪梨	349
熱血	349
中大	349
此刻	349
電車	349
師母	349
歌舞	349
順勢	349
不一定	349
五樓	349
儲存	349
難搞	349
水性	349
飛舞	349
開通	349
疼	349
電報	349
家下	349
葛	349
標題	349
所作所為	349
穀	348
監禁	348
課堂	348
慘死	348
強度	348
驚慌	348
畫像	348
終極	348
批判	348
高齡	348
眯埋雙眼	348
都同你	348
無緣無故	348
虐待	348
城樓	348
抱歉	348
本性	348
授權	348
獨一無二	348
大大小小	347
軌道	347
做主	347
名將	347
耐性	347
相約	347
大賽	347
求生	347
蚊雞	347
大灰狼	347
蝶	347
名詞	347
缺陷	347
就地	347
平方米	347
來臨	347
璽	347
小島	347
轉會	347
電話號碼	347
青少年	347
時至今日	347
旺角	346
掩護	346
拉麪	346
搞掂啦	346
聾	346
含義	346
歇	346
半山	346
出招	346
讀音	346
講古	346
重用	346
航行	346
背住	346
再説	346
鑿	346
騮	346
齊全	346
燒鵝	346
可樂	346
個別	346
反射	346
星期二	346
內臟	345
簽訂	345
日本仔	345
氣球	345
千般	345
央	345
早年	345
經文	345
條約	345
學人	345
司法	345
卑鄙	345
唔接受	345
立亂	345
共鳴	345
親情	345
唔好玩	345
薪	345
對準	345
提提	344
怒火	344
切開	344
支票	344
上學	344
拼命	344
穴道	344
過問	344
抑制	344
真面目	344
從頭到尾	344
和氣	344
安撫	344
凡人	344
筍	344
反為	344
出眾	344
狹窄	344
都係啦	344
隔開	343
幼兒園	343
等等啦	343
昔日	343
出售	343
腔	343
石門	343
名貴	343
太歲	343
鎮壓	343
六九	343
唔關你事	342
開山	342
講下講下	342
預料	342
吹水	342
前任	342
引擎	342
英鎊	342
絕頂	342
直線	342
拋開	342
生人	342
漢奸	341
仰慕	341
去飲	341
菊花	341
係咁大	341
撞正	341
詢問	341
開路	341
順序	341
襟	341
任用	341
婢女	341
不在話下	341
手袋	341
宦官	341
花費	341
外族	341
清除	340
睇得起	340
望咗佢	340
公然	340
改過	340
點滴	340
佢講過	340
底層	340
尖沙咀	340
述	340
人仔	340
刀斧手	340
唔係呀	340
課室	340
天井	340
明顯啦	340
主將	340
挽回	340
液體	339
罪行	339
憂鬱	339
撥開	339
要成	339
奴家	339
預防	339
瑞士	339
套路	339
峭壁	339
算咯	339
評估	339
強迫	339
不孝	339
推舉	339
牡丹	339
貴賓	339
覽	339
操控	338
敬酒	338
戀人	338
撫養	338
診所	338
回首	338
殖民地	338
忠臣	338
知覺	338
泉水	338
晾	338
滯	338
倒不如	338
滋	338
扭轉	338
寒風	338
從不	338
聯邦	338
細微	338
潮水	338
葉子	338
時日	338
低估	338
屬性	337
對立	337
第一名	337
蔓延	337
雙雙	337
蜜糖	337
素質	337
鋼鐵	337
碌大雙眼	337
廣府	337
吊橋	337
新興	337
鬚	337
誠懇	337
長袍	337
玉石	337
開波	337
浮現	337
蘑菇	337
刁	336
都市傳説	336
現代化	336
慶賀	336
擺明	336
擊中	336
徑	336
膽敢	336
犯錯	336
推斷	336
好手	336
開業	336
三名	336
細緻	336
祖父	336
點搞	336
變身	336
修改	336
台詞	336
莫講話	335
禁忌	335
牧場	335
算我	335
賬號	335
得滯	335
威武	335
紅酒	335
拿手	335
角落頭	335
回國	335
志願	335
許配	335
夜裏	335
蛋白	335
閲	335
原有	335
揖	335
治國	335
措手不及	335
悲慘	335
糖果	335
攞嚟做	335
精美	335
公交車	335
飯盒	335
搶翻	335
塞車	335
寬容	334
搶救	334
青色	334
鋤頭	334
皇冠	334
同類	334
難關	334
萬能膠	334
璇	334
經商	334
城邦	334
激起	333
燒餅	333
善事	333
智者	333
一路去	333
合照	333
屢	333
轉動	333
強勢	333
同期	333
化妝品	333
工藝	333
田野	333
肌膚	333
金魚	333
教書	333
咩鬼	333
顧慮	333
天后	333
統帥	333
壽命	333
焦點	333
榮幸	333
醫師	333
大馬	333
奉旨	333
凸	333
唔敢當	333
阿根廷	332
原創	332
忍耐	332
今夜	332
知情	332
操練	332
外甥	332
極限	332
清白	332
驚醒	332
旱	332
稱號	332
本錢	332
吉他	332
屠殺	331
擁護	331
幼稚	331
閔	331
盤問	331
樂器	331
糰	331
我瞓	331
懟冧	331
處罰	331
性感	331
書包	331
嚮往	331
暑	330
區分	330
店主	330
乾糧	330
執政	330
核突	330
冇嘢做	330
人工智能	330
假扮	330
你叫咩名	330
可可	330
照料	330
不留	330
戰將	330
刺殺	330
咣	330
安穩	330
猴子	330
聽書	330
有型	330
鉅	330
傻瓜	330
前前後後	330
年頭	330
兜頭	330
情不自禁	330
獵物	330
可行	329
召見	329
摩擦	329
操縱	329
沙律	329
隋朝	329
風浪	329
飛咁快	329
逃離	329
打交道	329
巨人	329
對策	329
市鎮	329
詛咒	329
飾	329
喺邊啊	329
前期	329
冒充	329
沮喪	329
光輝	329
套餐	329
大使	329
太平洋	329
傾聽	328
雯	328
筵席	328
大笨象	328
收得	328
打邊爐	328
徘徊	328
腐爛	328
主打	328
廢除	328
出山	328
賦予	328
接着	328
酒家	328
鼓掌	328
呢笪	328
侍奉	328
次數	328
心碎	328
挖掘	328
原材料	328
喇叭	328
奉獻	328
監倉	328
天橋	328
客商	328
訂單	328
扮嘢	328
商會	328
鄰	328
地域	328
曖昧	328
遺產	327
疼痛	327
啄	327
怕咩	327
一把火	327
彈琴	327
手藝	327
飲品	327
收緊	327
四七	327
傲慢	326
桂林	326
恩師	326
異性	326
可信	326
衰落	326
呼聲	326
貢	326
血腥	326
單一	326
親事	326
平啲	326
貧困	326
軻	326
攜帶	326
出院	326
冇心	326
雜物	326
眼花	326
違	326
高原	326
下凡	326
名額	326
電單車	325
切換	325
婚紗	325
色仔	325
八仙	325
攞命	325
傑出	325
用處	325
收手	325
卑	325
舉報	325
旋轉	325
心聲	325
愛惜	325
壽司	325
聞名	324
罕	324
學説	324
紀律	324
絡	324
咩咩咩	324
安危	324
花紋	324
紗	324
囚車	324
自卑	324
沙田	324
民生	323
心法	323
出其不意	323
唔服氣	323
俗稱	323
長頸鹿	323
全民	323
無從	323
野豬	323
阿福	323
報案	323
相連	323
陰暗	322
穿梭	322
堪	322
落台	322
條女	322
畏懼	322
消防員	322
疏忽	322
陣容	322
上映	322
曳	322
彎曲	322
過錯	322
到來	322
手心	322
計仔	322
殺頭	321
先咯	321
掛念	321
團圓	321
缺口	321
籌備	321
陰險	321
黴	321
關懷	321
會面	321
擘開	321
皺紋	321
有着	321
戴上	321
倚天屠龍記	321
冰川	321
餘生	321
一睇見	320
幫派	320
鮮味	320
偷嘢	320
莊嚴	320
涉嫌	320
清澈	320
艙	320
早晚	320
晦氣	320
回味	320
會計	320
堅固	320
因而	320
出汗	320
細粒	320
金幣	320
發力	320
悠悠	319
貧僧	319
豪宅	319
細小	319
豐盛	319
趕快	319
浴	319
銷量	319
話明	319
固執	319
種族	319
長衫	319
人客	319
運送	319
檢驗	319
小店	319
偵察	319
天分	319
要面	319
救援	319
好簡單啫	319
睡房	319
冇耐	319
陰虛	319
旅行社	318
多少錢	318
來頭	318
白鴿	318
天花	318
以便	318
共識	318
即是	318
廢柴	318
你又係	318
掩蓋	318
懵仔	318
無所謂	318
苦難	318
年紀輕輕	318
槍手	318
濟南	318
馬伕	318
薑	318
繁殖	318
精品	317
神靈	317
我去咗	317
噔	317
將要	317
告示	317
外公	317
秦朝	317
上位	317
不屑	317
因住	317
劃分	317
眼尾	317
紅館	317
痘	317
榴蓮	316
閃爍	316
增添	316
中介	316
比得上	316
自主	316
二維碼	316
意念	316
百分之一百	316
落葉	316
順德	316
主場	316
鯉魚	316
抑鬱	316
音訊	316
瓷	316
熊市	316
地牢	316
進度	316
一次又一次	316
卧室	316
條例	316
翅	316
腐	316
寂靜	316
勾引	316
深層	316
再會	316
簽	315
到會	315
嘆氣	315
屘	315
人均	315
懸	315
畀我	315
耳環	315
家產	315
幾啦	315
書枱	315
大粒	315
好平	315
輔導	315
積蓄	315
義勇軍	315
漏夜	315
去唔去	315
桂花	315
請食飯	315
孤零零	315
漁夫	315
舐	314
完結	314
禽	314
排斥	314
奈何	314
加熱	314
地主	314
碳	314
媒人	314
大驚	314
作風	314
顛	314
後患	314
脹	314
贊同	314
沉迷	314
呈上	314
係咯係咯	314
遺忘	314
我哋走啦	314
輕敵	314
馬頭	313
虛假	313
古典	313
擅自	313
諫	313
衣物	313
荔灣	313
殘暴	313
探訪	313
櫃枱	313
家居	313
當兵	313
興致	313
字眼	313
樣貌	313
和解	313
迷糊	313
著作	313
眉毛	313
名不虛傳	312
性別	312
剋制	312
絕世	312
迪士尼	312
全港	312
擴展	312
榮華富貴	312
唔制	312
分類	312
光榮	312
茶杯	312
生動	312
城區	312
一會兒	312
務必	312
發大	312
盪	312
冤仇	312
圖畫	311
生路	311
起步	311
對你哋	311
收場	311
普及	311
商務	311
菠蘿	311
事前	311
撞鬼	311
剃	311
果實	311
稻	311
手提	311
回朝	311
羞恥	311
公告	310
使命	310
軍情	310
豪門	310
估唔到你	310
嬲你	310
準備啦	310
熟練	310
視察	310
嘯	310
撞擊	310
應戰	310
咪又	310
罷休	310
馬仔	310
延長	310
交叉	309
階	309
十位	309
活着	309
爽快	309
誓言	309
花樣	309
據聞	309
氣憤	309
晚年	309
口號	309
化工	309
玩法	309
沙場	309
智力	309
消毒	309
手下留情	309
艦隊	309
插嘴	309
甫	309
揾錢	309
美景	308
搗亂	308
齊人	308
反叛	308
巫	308
山脈	308
國慶	308
的説	308
垃圾桶	308
冇法	308
餘地	308
開創	308
白紙	308
你走啦	308
返工	307
邯	307
酷	307
謀害	307
崛起	307
阻擋	307
小動物	307
新疆	307
湛	307
頻繁	307
喘氣	307
炸藥	307
芒果	307
分紅	307
想像力	307
陰森	307
較為	307
事到如今	307
桌	307
築	307
北面	307
農家	307
旁人	307
重任	307
股權	307
磚頭	307
古時候	306
回信	306
前排	306
規範	306
運轉	306
飛揚	306
水源	306
孤寒	306
麻麻哋	306
婉如	306
劉伯温	306
上級	306
危難	306
汽	306
偷食	306
燒酒	306
牛扒	306
汗水	306
跟進	306
外圍	306
你咁大	306
祠	306
領咗	305
駝	305
起手	305
可惡	305
村落	305
學位	305
競	305
氣流	305
零售	305
輻射	305
省城	305
對聯	305
倒數	305
雪恨	305
十二點半	305
打氣	305
挽留	305
心得	305
杯水	305
公務員	305
營銷	305
化為	305
玄學	305
職責	304
紅軍	304
僵	304
下水	304
請假	304
韻母	304
頂多	304
命名	304
創辦	304
隨着	304
尼姑	304
外部	304
死鬼	304
登山	304
紅旗	304
蕉	304
咿	304
紅蘿蔔	304
搭車	304
籠罩	304
反省	304
你估下	304
查問	303
忽視	303
信封	303
錯咗啦	303
得救	303
深受	303
搬屋	303
陵墓	303
惡性	303
開幕	303
招惹	303
鹹魚	303
盛大	303
幽靈	303
科舉	303
新增	303
詳情	303
結實	303
冇行	303
識別	303
容忍	303
石山	303
圓圈	303
拍賣	303
手套	302
披掛	302
攬埋	302
探馬	302
大魚	302
露台	302
兼職	302
城隍	302
再傾	302
分心	302
趁勢	302
風情	302
道行	302
殘殺	302
創傷	302
辯論	302
鹹濕	302
烏蠅	302
搏鬥	302
車大炮	302
長壽	301
胡思亂想	301
侍從	301
後方	301
偷懶	301
童子	301
年內	301
放屁	301
夜色	301
留戀	301
熊貓	301
閒事	301
聖經	301
滋潤	301
夜深	301
趁早	301
嚇親	301
賄賂	301
緻	301
苦惱	301
打斜	301
打通	301
當家	301
恩典	301
殖民	300
照應	300
委員	300
不知幾	300
幾時啊	300
壓低	300
阻礙	300
通緝	300
出血	300
樹立	300
度度	300
三國演義	300
對頭	300
崎	300
第二朝	300
記性	300
掙	300
科長	300
高估	300
乜啊	300
愚	299
掌控	299
大不了	299
惑	299
要命	299
火腿	299
玉帝	299
花瓣	299
糾正	299
邊度係	299
極點	299
巴掌	299
清熱	299
佛爺	299
爭吵	299
偏見	299
發聲	299
傷痛	299
尚且	299
壞話	299
吉利	299
身着	299
享用	299
反問	299
玲瓏	299
食齋	299
宣揚	299
走動	298
又係嘅	298
孝敬	298
心甘情願	298
蠔	298
邊疆	298
禁軍	298
上風	298
鰲	298
死因	298
諸多	298
蘭花	298
走私	298
佛法	298
黑仔	298
消極	298
琵琶	298
熱線	298
塌	298
參拜	298
肌	298
運河	298
臨終	298
肚痛	298
尊貴	297
踩單車	297
仙姑	297
好戲	297
小強	297
家傳	297
並無	297
赤裸	297
財神	297
疤	297
軍心	297
下風	297
被譽為	297
膚	297
奢侈	297
補貼	297
第三者	297
瘟疫	297
惡毒	297
心境	297
心滿意足	297
紅棗	297
幼稚園	297
眼眉	296
佢問我	296
阻攔	296
不久	296
醜樣	296
上場	296
清香	296
嘰	296
儲蓄	296
不宜	296
眼力	296
大本營	296
黑龍江	296
容納	296
壯觀	296
典故	296
大阪	296
運營	296
挽住	296
業界	295
建國	295
大洋	295
劉海	295
貓頭鷹	295
努	295
摺	295
行兇	295
相交	295
講和	295
捕捉	295
護法	295
牙關	295
頭頭	294
援兵	294
粉碎	294
同鄉	294
就讀	294
飢餓	294
轉眼之間	294
東漢	294
偷睇	294
反感	294
哆	294
變遷	294
落雪	294
奶媽	294
返回	294
麻木	294
航海	294
生育	294
供養	294
收取	294
主帥	294
衝入嚟	294
翅膀	294
加重	294
臭味	293
佛像	293
冷落	293
做手術	293
一樣㗎	293
正一	293
佢屋企嘅	293
敵手	293
外星	293
九九九	293
解散	293
凶	293
哭泣	293
中等	293
緊閉	293
隨機	293
交談	293
由頭到尾	293
漓	292
搣	292
餐飲	292
相繼	292
過招	292
現有	292
拍劇	292
清洗	292
遠古	292
長頭髮	292
外號	292
千方百計	292
糯米	292
錄製	292
吼	292
肚皮	292
度假	292
濱	291
鬥志	291
視力	291
驗證	291
昏暗	291
霹靂	291
有所不知	291
邢	291
奮力	291
釐米	291
黑社會	291
身軀	291
烈火	291
醫術	291
神父	291
鑄	291
沉船	290
上菜	290
不容	290
坊間	290
輪廓	290
驚魂	290
開懷	290
崎嶇	290
蹤跡	290
探測	290
誕	290
學藝	290
張被	290
劇院	290
施工	290
點火	290
保密	290
莫斯科	290
依附	290
某程度上	290
匆忙	290
扶持	290
燥	289
咩情況	289
浩浩蕩蕩	289
精神病	289
大名鼎鼎	289
嗌你	289
輕視	289
澄清	289
懷舊	289
祝願	289
營造	289
瀟	289
視野	289
十三點	289
忠實	289
三公	289
光陰	289
合唱	289
校園	289
屍首	288
殷勤	288
火爆	288
一概	288
牛頓	288
傾訴	288
得戚	288
我有我	288
爭鬥	288
驚天動地	288
犯案	288
野蠻	288
敬佩	288
你個名	288
宰	288
小三	288
虛擬	287
蝸牛	287
米飯	287
華為	287
壞蛋	287
貪官	287
漏洞	287
預算	287
老嘢	287
定時	287
越發	287
追捕	287
獻上	287
殯儀館	287
歐元	287
領先	287
應聲	287
關上	287
宗旨	287
來世	287
惡化	287
慕名	287
先天	287
逝	287
佢老母	287
同黨	287
唔同㗎	286
花燈	286
總裁	286
引誘	286
膝	286
強行	286
細蚊	286
哲學家	286
各有各	286
台北	286
隊友	286
成敗	286
斬首	286
射中	286
小麥	286
繩索	286
計數	286
大驚失色	286
這兒	286
挽救	286
帶隊	286
序	286
潛入	286
議會	286
蓋世	286
白小姐	286
豬扒	286
貴重	286
包紮	286
做乜啊	285
腸粉	285
馨	285
幫手啦	285
前程	285
權限	285
私家	285
巨響	285
流氓	285
電動車	285
自不然	285
長途	285
遊覽	285
只喺	285
差事	285
心狠手辣	285
大便	285
寫字樓	284
尾聲	284
競爭力	284
軍艦	284
唔忿氣	284
陪同	284
佛寺	284
磁場	284
依據	284
攻陷	284
紮實	284
為重	284
大少	284
釀	284
裂開	284
龔	284
精準	284
修養	284
章節	284
人海	284
愛意	284
鋭氣	283
彩色	283
順口	283
你點啊	283
抵達	283
饋	283
攝影師	283
柴草	283
裝束	283
愛嚟	283
上空	283
加盟	283
膝頭哥	283
韭菜	283
天涯	283
出產	283
連鎖	283
友善	283
分歧	283
一腳踢	283
伯母	283
潛伏	283
細説	283
大埔	283
違法	283
香爐	283
強求	283
寫下	283
吠	282
管教	282
笑眯眯	282
提啦	282
終生	282
避難	282
咁嘆	282
梁朝	282
學業	282
破口大罵	282
總監	282
疏遠	282
攔截	282
上漲	282
二孃	282
得失	282
人質	282
況	282
散花	282
高官	282
八大	282
家婆	282
藩	282
照亮	282
港幣	282
河道	282
毒性	282
指向	281
槓	281
正值	281
打魚	281
年份	281
比試	281
壓迫	281
干涉	281
打倒	281
你唔好理	281
內衣	281
加緊	281
求我	281
遊艇	281
阿炳	280
閉上	280
拉動	280
才智	280
擺放	280
虎口	280
捲起	280
厭惡	280
眠	280
大個仔	280
神明	280
天時	280
法力	280
話口未完	280
你想點啊	280
配搭	280
繁忙	280
男裝	280
提倡	280
漁船	280
高超	280
唔在意	280
颳	280
私底下	280
若無其事	279
急事	279
國力	279
會場	279
阿三	279
銅鑼灣	279
斷定	279
年尾	279
風箏	279
要不然	279
狐狸精	279
納入	279
好飲	279
黐埋	279
招募	279
自然而然	279
重要性	279
素來	279
愛一個	279
飯堂	279
生機	279
幾度	279
試下先	279
搞搞震	279
物理學	279
儲備	279
手信	279
大水	279
大計	279
定下	278
大餐	278
坦然	278
拮	278
否	278
樹幹	278
領軍	278
合成	278
神醫	278
換衫	278
連長	278
蔽	278
就着	278
威勢	278
開船	278
確立	278
圈套	278
所得	278
少婦	278
新嚟	278
日報	278
落場	278
演奏	278
海島	278
一啲都唔知	278
自首	278
世俗	278
步槍	278
咕	278
星系	278
冇乜點	277
號召	277
帖	277
間諜	277
會合	277
解圍	277
不至於	277
理會	277
放縱	277
衙	277
猶如	277
吐槽	277
興旺	277
截斷	277
獨有	277
膠袋	277
下身	277
長命	277
決一死戰	277
怨氣	277
好犀利啊	277
逗	277
無能為力	277
細妹	277
小偷	277
漢堡	277
餐館	277
刺蝟	277
旋風	277
救火	277
惠州	277
立體	277
議題	276
啱咗	276
境地	276
肺炎	276
養傷	276
為例	276
慶功	276
傳染	276
白日	276
疲	276
緊密	276
紋身	276
治安	276
塑造	276
出錯	276
邊樣	276
充實	276
為此	276
辨	276
魚蛋	276
警衞	276
憂愁	276
衍生	276
歌星	275
抗議	275
僵硬	275
奧妙	275
劇團	275
野外	275
年曆	275
荒唐	275
在生	275
鬼叫	275
朗誦	275
假話	275
回稟	275
鍊	275
堅硬	275
你喺邊度	275
描繪	275
吽	275
刑事	275
拜年	275
記號	275
唇膏	275
媧	275
行開咗	275
公式	275
讚歎	275
放寬	274
勾起	274
挑撥	274
大壽	274
並肩	274
作案	274
裁縫	274
失驚無神	274
紅豆	274
庭院	274
真話	274
燻	274
睇怕	274
不妙	274
海拔	274
動用	274
糟	274
瞓啊	274
相片	274
登陸	274
手板	273
不僅	273
伯父	273
過海	273
上述	273
到家	273
降臨	273
修理	273
死心	273
命案	273
單人	273
隱形	273
意粉	273
高見	273
是但	273
有冇可能	273
提問	273
忘掉	273
醫護	273
着火	273
燃	273
做住	273
含量	273
書院	273
劇毒	273
刷牙	272
強制	272
道具	272
防疫	272
鄲	272
見唔見到	272
縱容	272
落街	272
匪夷所思	272
隱約	272
冬季	272
屋主	272
嘻嘻哈哈	272
質問	272
閻羅王	272
紙本	272
棗	272
着手	272
遺傳	272
陶瓷	272
腳尖	272
鼓起	272
龍舟	272
宏偉	271
提名	271
煩躁	271
勤奮	271
小學生	271
操心	271
咦點解	271
金曲	271
地中海	271
行列	271
咩嚟㗎	271
明智	271
清光	271
對陣	271
中藥	271
十足十	271
陰毒	271
紅人	271
飢	271
門票	271
阿茂	271
武館	271
抵押	271
肚子	271
撥轉	270
學科	270
侄女	270
適用	270
匯合	270
謂	270
誤解	270
博弈	270
正氣	270
過意唔去	270
水池	270
遺址	270
國事	270
發癲	270
私家車	270
志氣	270
闕	270
翡翠	270
塑膠	270
名堂	270
柔和	270
升官	270
平手	270
火候	270
監牢	270
冒出	270
諾言	270
縱使	270
瀰漫	270
派遣	270
更衣室	270
破爛	269
坐喺地下	269
夾攻	269
小便	269
大法	269
有害	269
鬆手	269
果汁	269
無私	269
熱辣辣	269
提拔	269
噩夢	269
預感	269
袞	269
案情	269
你聽日	269
聖母	269
唔理啦	269
女真	269
沫	269
平方公里	269
奠	269
怎麼回事	269
咁啱啊	269
事事	268
掉頭	268
啓示	268
幾錢	268
友仔	268
哪些	268
肉酸	268
手指公	268
做咩事	268
共和國	268
陸陸續續	268
暢	268
轉型	268
靈界	268
延遲	268
坎	268
宵	268
看來	268
過手	267
骨肉	267
大排檔	267
起身嚟	267
捆	267
嚟得切	267
塑	267
拯	267
女方	267
正規	267
自盡	267
製品	267
創始	267
懇求	267
家園	267
舉人	267
點解你咁	267
早起	267
何止	267
清淡	267
粵劇	267
滴水	267
邪教	267
文官	267
飛上	267
驚起	267
荒野	267
景氣	267
摩托車	266
難堪	266
頗為	266
立足	266
白骨	266
高潮	266
大恩大德	266
台前	266
升職	266
斷絕	266
參謀	266
打官司	266
原生	266
孫武	266
一陣啦	266
古巴	266
頭緒	266
悠久	266
唔自在	266
條款	266
暴躁	266
敗仗	266
千名	266
想當年	266
光猛	266
應承我	266
咔咔聲	265
巨星	265
防線	265
新奇	265
打波	265
入味	265
風雪	265
璧	265
曱甴	265
契爺	265
步入	265
出沒	265
我哋自己嘅	265
肢體	265
指使	265
護照	265
叻㗎	265
顧家	265
調控	265
身價	265
遊行	265
夜行	265
冬瓜	265
恍然大悟	264
眼定定	264
盛世	264
下話	264
華僑	264
爭霸	264
前年	264
家用	264
嘈交	264
發育	264
楊家將	264
超級市場	264
小兒	264
寺院	264
混入	264
直升機	264
遇害	264
及早	264
介入	264
同盟會	264
纖維	264
新一代	264
虎牌	264
罰款	264
黃沙	264
進貢	264
後裔	264
詩詞	264
俸	264
威望	264
紙條	264
查出	264
以至於	263
鮮豔	263
朴刀	263
高空	263
根源	263
重逢	263
胸膛	263
翻生	263
街口	263
示意	263
講求	263
蛋白質	263
腳趾	263
動漫	263
舞台劇	263
四更	263
荷花	263
腮	263
膽小	263
昆明	263
欺凌	263
日文	263
一步步	263
夾雜	262
傷風	262
報到	262
內戰	262
清幽	262
揭發	262
牛皮	262
處事	262
奧運會	262
咪係咯	262
潼	262
擾亂	262
好衰	262
緬甸	262
歌迷	262
蒐集	262
企業家	262
口訣	262
蘇秦	262
吻合	262
利害	262
突發	262
瘡	262
同盟	262
紅燈	262
蓬	262
潛規則	262
墳場	262
走住	262
眼圈	262
古文	262
臣子	261
藝術品	261
眼球	261
精衞	261
抗疫	261
請示	261
當差	261
神台	261
平庸	261
侷限	261
過渡	261
復活	261
不計其數	261
嚼	261
氣概	261
咱	261
渣男	261
替身	261
傭	261
樖	261
蠱	261
半信半疑	261
掃把	261
妹夫	261
指望	260
豬頭	260
鬼仔	260
爭氣	260
挑剔	260
作證	260
走咗出去	260
做工	260
敢問	260
巡視	260
掃描	260
小菜	260
交集	260
址	260
大陣	260
七十一	260
目睹	260
波蘭	260
污糟邋遢	260
輪椅	260
積聚	260
檢討	260
鬍子	259
辰	259
契仔	259
突如其來	259
大車	259
行駛	259
聯合國	259
兵書	259
出師	259
美滿	259
身旁	259
你去咗	259
書畫	259
囚犯	259
推住	259
情勢	259
循	259
走路	258
鮮明	258
啱啱要	258
司長	258
強國	258
火燭	258
定居	258
不適	258
陪葬	258
尺寸	258
特有	258
攬實	258
雞公	258
挾	258
痴心	258
不覺	258
薪酬	258
皺起	258
瓷器	258
南瓜	258
我哋能夠	258
嘈雜	258
追溯	258
過世	258
清靜	258
剁	258
後續	258
比方	258
香港小姐	258
馬賽	258
和好	258
側身	257
楚軍	257
奉承	257
貼近	257
罪惡	257
憑空	257
大舉	257
埋藏	257
大白	257
不顧一切	257
入獄	257
東東	257
腩	257
認罪	257
佢就想	257
綵	257
上層	257
難頂	257
尚未	257
家境	257
穿着	257
城鎮	257
禿	257
開戰	257
喐佢	257
配角	257
熄滅	257
鄙視	257
消防	257
漢字	257
近乎	257
唔理得咁多	257
認證	257
血淋淋	257
烹調	257
不動聲色	257
棘手	257
三文治	257
奧運	257
住所	257
失控	257
炮製	257
安徽	256
你仲記	256
腰刀	256
商朝	256
好學	256
戟	256
網頁	256
啪啪啪	256
自以為	256
搞唔清楚	256
椒	256
體型	256
屎忽	256
無聲無息	256
十五十六	256
抵禦	256
機械人	256
大人物	256
任職	256
返學	256
淵源	256
西亞	256
野史	256
百分點	255
蛙	255
聲譽	255
過期	255
召喚	255
緩和	255
跨越	255
礙	255
朗讀	255
華夏	255
海浪	255
好事嚟	255
玉器	255
響應	255
良知	255
鬱悶	255
談戀愛	255
花錢	255
正統	255
我應該點	255
叮囑	255
鬼鬼祟祟	255
射擊	255
啃	255
把火	255
遠近	254
臘	254
注入	254
痴情	254
相對濕度	254
放慢	254
盜賊	254
多心	254
鯨魚	254
隨隨便便	254
門人	254
戰功	254
泳池	254
成千上萬	254
萬一佢	254
沉浸	254
口才	254
學士	254
走投無路	254
榮耀	254
登場	254
番話	254
舒緩	254
悄悄	254
牛郎	254
莊子	254
印尼	254
哉	254
中部	254
燒香	254
傘	253
一心一意	253
輕聲	253
諗通	253
斑馬	253
踎低	253
處長	253
搖身一變	253
婚事	253
振作	253
金毛	253
同你一樣	253
暗號	253
主子	253
有講有笑	253
婆仔	253
落成	253
基層	253
後會有期	253
爬山	253
重心	253
計算機	253
加價	253
披頭散髮	253
能幹	253
戰車	253
石灰	253
屈服	253
貂	252
滅口	252
姑姐	252
照耀	252
唔好笑	252
救出	252
立法	252
善意	252
調戲	252
乜乜乜	252
遺蹟	252
電力	252
安好	252
廟宇	252
中國歷史上	252
聖子	252
你聽住	252
流失	252
國產	252
口頭	252
隻雞	252
忠心耿耿	252
阿四	252
茶几	252
老公公	252
車牌	252
軍團	252
部族	252
收斂	252
瑜伽	251
鬼門關	251
以內	251
時時刻刻	251
失信	251
泥沙	251
語文	251
講笑啦	251
大體	251
拒	251
迎合	251
干擾	251
名譽	251
即係咩	251
鼓舞	251
公文	251
草藥	251
幾大都	251
聖地	251
憂傷	251
婢	251
火柴	251
失守	251
線條	251
憲法	251
喪事	251
荷	251
陣亡	251
調理	250
漂流	250
密密麻麻	250
中東	250
曝光	250
以色列	250
不勝	250
墓地	250
流通	250
接種	250
香港啊	250
狠毒	250
風鈴	250
白話	250
胭脂	250
持久	250
分化	249
激進	249
表態	249
漩渦	249
檜	249
造就	249
順從	249
殘害	249
喂啊	249
卵	249
乖乖哋	249
獨處	249
支長	249
牆角	249
起屋	249
受罪	249
惡魔	249
小丑	249
車隊	249
頓時	249
管理員	249
蹬	249
混戰	249
自由自在	249
翻唱	249
碰撞	249
着緊	249
關二哥	249
拜別	249
來信	249
丹田	249
犀	249
鸚鵡	249
錯覺	249
二更	249
北海	249
字幕	249
禮拜六	248
有空	248
證件	248
上癮	248
作怪	248
機緣	248
吶	248
卡片	248
同居	248
聳	248
一家大細	248
絲綢	248
告急	248
太夫人	248
報恩	248
年糕	248
嘗	248
有聲書	248
艱辛	248
上京	248
罐頭	248
送行	248
悽慘	248
斯巴達	248
住客	248
玻	248
手持	248
粵菜	248
長洲	247
奈	247
長短	247
紛爭	247
學似	247
復原	247
唔係啩	247
倔強	247
主演	247
女一	247
係唔係呢	247
改進	247
繼而	247
值班	247
傳言	247
短片	247
遺囑	247
快捷	247
修正	247
攝政	247
跑車	247
寶座	247
有路	247
薯	247
荃灣	247
電影院	247
鞅	247
興高采烈	247
米粉	247
貪生	247
書法	247
末日	247
解毒	247
古時	247
不約而同	247
打工仔	247
堅信	247
中場	247
焗爐	246
評判	246
勞工	246
激死	246
無故	246
險峻	246
憶	246
中風	246
終止	246
相通	246
常規	246
牧師	246
責備	246
算了	246
導彈	246
顧及	246
咩冇	246
描寫	246
虞	246
深水埗	246
毛骨悚然	246
心計	246
采	246
霸佔	246
挨晚	246
麥當勞	246
平坦	246
開場	246
千秋	246
監察	246
派系	246
東南西北	246
上落	246
私自	246
北極	246
汴	246
性價比	246
通話	245
連結	245
公務	245
前身	245
請客	245
某某	245
任意	245
文藝	245
病好	245
學費	245
轉世	245
冬菇	245
嗲	245
五代	245
莊家	245
紐	245
請埋	245
禍害	245
映	245
開闊	245
時節	245
瓚	245
人道	245
蛟	245
便利	245
預告	245
憎恨	245
藥水	245
攜手	245
後背	245
此外	244
囑咐	244
痛恨	244
潛在	244
女童	244
電線	244
合意	244
吹牛	244
不一	244
側面	244
太和	244
保健	244
清脆	244
要素	244
廢墟	244
歡心	244
二十日	244
交界	244
餉	244
口渴	244
過敏	244
打鐵	243
肉食	243
呱	243
橙色	243
嬋	243
店員	243
輕舉妄動	243
董事	243
榜樣	243
抽筋	243
反悔	243
採購	243
推理	243
傳話	243
兩份	243
開燈	243
勢必	243
報價	243
沼澤	243
骨灰	243
壯大	243
精細	243
港式	243
花朵	243
神通廣大	243
搭上	243
照射	243
販	243
車位	243
年幼	243
乜人	242
表叔	242
二戰	242
頭條	242
寄託	242
揮舞	242
語法	242
注視	242
恥辱	242
凝聚	242
光環	242
管理層	242
不知所措	242
烹飪	242
行頭	242
青海	242
馬賊	242
有咩人	242
稱霸	242
餐枱	242
大肚	242
感知	242
上到嚟	242
積雪	242
亡國	242
均衡	242
失散	242
游泳	242
患難	242
觸動	242
挽	242
面膜	242
中式	241
鬧鐘	241
老土	241
公關	241
厥	241
百分百	241
主僕	241
不絕	241
黑板	241
妹妹仔	241
睇啱	241
空姐	241
裝扮	241
一張台	241
現狀	241
公分	241
機智	241
閩	241
威名	241
首席	241
做緊乜	241
技藝	241
次序	241
閣樓	241
再試	240
腸胃	240
有別	240
韌	240
煬	240
陰陽眼	240
輸出	240
用語	240
冇咩嘢	240
顯著	240
香火	240
許願	240
社稷	240
深情	240
解剖	240
自拍	240
火起	240
居士	240
草莓	240
土壤	240
法例	240
均勻	240
打牌	240
蠟	240
文靜	240
胡椒	240
俅	240
禽獸	240
縷	240
收割	240
校服	240
地氈	240
一舉一動	240
棣	240
瀋陽	240
蜂蜜	240
收成	239
背對	239
高深	239
糕點	239
紅塵	239
議論紛紛	239
名家	239
卡通片	239
自律	239
現任	239
錄像	239
奸計	239
氣派	239
説粵語	239
首富	239
心軟	239
馬桶	239
治癒	239
雨天	239
相親	239
荒涼	239
雕塑	239
打包	239
水道	239
嚴謹	239
自制	239
富家	238
馬步	238
射鵰英雄傳	238
前所未有	238
合肥	238
多謝啦	238
睇起	238
字典	238
襯衫	238
吟吟沉沉	238
一事	238
多時	238
休閒	238
痛心	238
捨棄	238
睇相	238
來龍去脈	238
陣地	238
敏鋭	238
肋骨	238
璃	238
飽滿	238
占卜	238
前景	238
去除	237
開關	237
落單	237
到其時	237
禮拜日	237
占	237
致力	237
划	237
同歸於盡	237
果斷	237
頂尖	237
算佢	237
警官	237
不忠	237
簽約	237
數碼	237
揹包	237
夜總會	237
怪談	237
妃子	237
猛獸	237
關節	237
強硬	237
禾	237
喺啦	237
戰敗	237
位數	237
鑑定	236
一頭霧水	236
知足	236
海報	236
周街	236
波浪	236
精髓	236
換取	236
同上	236
大愛	236
直入	236
茲	236
瘋子	236
彷徨	236
獎項	236
國度	236
嚟計	236
內涵	236
平平安安	236
教官	236
揭穿	236
特首	236
內向	236
膚色	236
剔	236
老字號	236
男子漢	236
非常之重要	236
那時快	236
心理準備	236
刀仔	236
歸來	236
洗衫	236
戰艦	236
大結局	236
瘟	235
整爛	235
叻啦	235
悠閒	235
花草	235
莫過於	235
些少	235
喐下	235
嫖	235
西醫	235
圍觀	235
入波	235
瑞典	235
作亂	235
大圍	235
老狐狸	235
當真	235
淘	235
熱點	235
出問題	235
一分錢	235
差錯	235
抑鬱症	235
唔信嘅	235
土星	235
保育	235
睇真啲	234
慮	234
畢業生	234
講唔講	234
少數民族	234
強化	234
裸	234
坎坷	234
呱呱	234
感性	234
醜陋	234
香腸	234
柚	234
蠶	234
喐動	234
人次	234
砍	234
羅剎	234
複合	234
示威	234
肉質	234
敖	234
斬頭	234
遺書	234
面都青	234
療傷	234
權貴	234
堆積	234
詩歌	234
接連	234
血色	234
進程	234
蕾	233
派對	233
筋骨	233
到目前為止	233
你去邊	233
血統	233
輕飄飄	233
抽獎	233
觀光	233
山野	233
寬闊	233
木星	233
老祖	233
何不	233
前頭	233
槍聲	233
孝心	233
出氣	233
選拔	233
連綿	233
磨練	233
唔順眼	233
困惑	233
決斷	233
槽	233
航天	233
前夫	233
麻醉	233
疫	233
考生	233
漫天	233
兇殘	233
香噴噴	233
驚險	233
飲咖啡	233
高地	232
開飯	232
赦	232
逝世	232
翔	232
遵循	232
仇家	232
深信	232
食指	232
原料	232
頸鍊	232
你係話	232
失敬	232
亂世	232
袈裟	232
常態	232
千千萬萬	232
簡陋	232
研究生	232
護理	232
就任	232
肉眼	232
門路	232
駿	232
無悔	232
畜	232
週記	232
貪圖	232
閃動	231
封面	231
底細	231
蠍子	231
集結	231
私下	231
後者	231
瓦解	231
演習	231
惡霸	231
老式	231
出嫁	231
合十	231
一馬當先	231
殺身	231
矜貴	231
上古	231
黑旋風	231
特權	231
左手邊	231
綻放	231
軍火	231
小巴	231
忠於	231
飲嘢	231
開大	231
單打獨鬥	231
冥想	231
開學	231
輯	231
搬運	231
仕	231
埋位	231
搖滾	231
牛腩	231
搜尋	230
養殖	230
都淨係	230
公立	230
恩情	230
倒退	230
郵	230
光滑	230
喺廁所	230
浪子	230
沐	230
法治	230
大腸	230
人造	230
孤立	230
作惡	230
法醫	230
兩旁	230
政變	230
唔停咁	230
心知肚明	230
你講咩話	230
綽號	230
查明	230
課文	230
專用	230
光亮	230
火災	230
俗話	230
紀錄片	230
湯圓	229
傾斜	229
夜間	229
基業	229
恤	229
先先	229
爛鬼	229
心結	229
分派	229
冇所謂啦	229
照顧自己	229
眼光光	229
業餘	229
久而久之	229
仲加	229
坦克	229
唐詩	229
停頓	229
強攻	229
國安	229
篩選	229
順暢	228
大户	228
地名	228
政務	228
辯護	228
倦	228
破案	228
戰亂	228
高價	228
妨礙	228
茶水	228
你隻手	228
謀生	228
仲未死	228
奴婢	228
外貌	228
古裝	228
搦	228
全職	228
深淵	228
邊㗎	228
名片	228
盛開	228
税收	228
殺人放火	228
地質	228
敷衍	227
革	227
守候	227
迷宮	227
胥	227
有望	227
螢火蟲	227
下午茶	227
養大	227
脊	227
報酬	227
睇唔過眼	227
兩仔爺	227
障	227
慎重	227
課題	227
粉身碎骨	227
口吻	227
難食	227
驚死	227
孽	227
孫仔	227
聘	227
買家	227
雲吞	227
快手	227
遂	227
念念不忘	227
粽	227
複習	227
路徑	226
參謀長	226
似樣	226
演化	226
山窿	226
破碎	226
過得去	226
四起	226
曬嘢	226
丙	226
唔喜歡	226
末年	226
兩難	226
某些	226
架勢	226
端午節	226
機遇	226
擴	226
舌頭	226
媒	226
佛門	226
唔多唔少	226
工序	226
企埋一邊	226
大西洋	225
滷水	225
硬頸	225
閹	225
識講嘢	225
飯碗	225
講嚟聽下	225
食譜	225
山河	225
實話	225
盲人	225
岩	225
擊破	225
奉上	225
石級	225
形容詞	225
實權	225
廢物	225
檔口	225
純潔	225
張揚	225
投射	225
增值	225
全軍覆沒	225
埋一份	225
大致上	224
提心吊膽	224
沿岸	224
打擂台	224
樣樣嘢	224
富翁	224
曲線	224
心臟病	224
檢察官	224
聘請	224
沐浴	224
失聲	224
顛倒	224
心中有數	224
夢幻	224
受損	224
木材	224
何人	224
大帝	224
數以	224
陰沉	224
周公	224
渺	224
氣喘	224
流逝	224
移植	224
耀眼	224
減弱	224
火速	224
被迫	223
起眼	223
念在	223
專欄	223
黃牛	223
上線	223
多元化	223
呢篇	223
點名	223
打敗仗	223
蝦我	223
仙境	223
路面	223
高燒	223
通行	223
車路士	223
走火入魔	223
強者	223
結盟	223
氣功	223
授	223
驅逐	223
皮帶	223
預知	223
大牌	223
不善	223
胡言亂語	223
均線	223
番禺	223
頭大	222
窒息	222
藏身	222
陰謀論	222
鴉	222
補習	222
合併	222
限量	222
遊説	222
特種	222
滲透	222
做功課	222
趣味	222
行宮	222
摔	222
冇留意到	222
統率	222
推銷	222
書寫	222
橫掃	222
駐守	222
憐憫	222
講佢聽	222
視乎	222
至多	222
呢一陣	222
何其	222
拜山	222
久遠	222
漂	222
光澤	222
警覺	221
石像	221
骨氣	221
大多	221
驟然	221
印證	221
積分	221
照計	221
死心塌地	221
上會	221
打坐	221
匹配	221
癱	221
跳動	221
英里	221
露營	221
戀情	221
唔確定	221
沉吟	221
工場	221
至尊	221
事幹	221
跑啦	221
攤開	221
麪條	221
古惑仔	221
風頭	221
打針	221
幾多個人	221
保姆	221
口腔	221
提子	221
書本	221
償	221
心存	221
鄉民	221
涵	221
奪得	221
唱片公司	221
落空	220
主人家	220
着重	220
開刀	220
窯	220
模擬	220
不仁	220
自我介紹	220
品德	220
慶典	220
勸告	220
深沉	220
折扣	220
營運	220
無條件	220
妄想	220
小雪	220
鑲	220
等我睇下	220
充沛	220
車主	220
太陽系	220
癌症	220
旅行團	220
蕩失路	220
切斷	220
車我	220
變形	220
我隔離	220
拜師	220
收養	219
陪審團	219
流暢	219
連聲	219
江門	219
濟州	219
戳	219
醒悟	219
光明磊落	219
事但	219
柏林	219
手軟	219
咳嗽	219
芋頭	219
矮仔	219
膊	219
嗌救命	219
浴缸	219
羅湖	219
水塘	219
單憑	219
王者	219
僱主	219
單人匹馬	219
獻出	219
改良	219
五更	219
棘	219
茶館	219
不分勝負	219
末期	219
周旋	219
慌亂	219
中計	219
其一	219
大肆	219
燃料	219
動物園	218
回復	218
目瞪口呆	218
唔講我	218
管道	218
偏遠	218
有理	218
生活習慣	218
輕盈	218
滿足感	218
因咩事	218
迷戀	218
出任	218
工友	218
墮	218
掃地	218
脂	218
彩票	218
快艇	218
對沖	218
點得㗎	218
低位	218
晚會	218
抵賴	218
內閣	218
憔悴	218
山地	218
到任	218
暗淡	218
泣	218
車行	218
炮仗	218
患上	217
沙龍	217
總言之	217
便利店	217
問好	217
好色	217
起見	217
填詞	217
伊朗	217
好幾日	217
㗎話	217
訴説	217
聽覺	217
只求	217
樣衰	217
量化	217
嗜好	217
叮叮	217
追住嚟	217
中斷	217
佳節	217
茄	217
話咁快	217
文體	217
唔去啦	217
聽得懂	217
醬料	217
指南	217
孟子	217
謀略	217
喝酒	216
甜美	216
陣腳	216
旺盛	216
外科	216
毫無疑問	216
都會話	216
綠茶	216
商界	216
紛	216
慘白	216
睇一下	216
通靈	216
牀前	216
破裂	216
抵食	216
有朝一日	216
停泊	216
窗門	216
獎賞	216
入睡	216
一無所知	216
三通	216
馳	216
罷工	216
多管閒事	215
含笑	215
朦	215
綢緞	215
攤檔	215
寂	215
天竺	215
大曬	215
道別	215
澄	215
設法	215
盡量	215
外母	215
名望	215
藝員	215
鋤	215
冰雪	215
改口	215
侄仔	215
荒山野嶺	215
車仔	215
敵對	215
創出	215
叫喊	215
仁慈	215
變幻	215
開拓	215
膽識	215
濃厚	215
家門	215
辦案	215
擲	215
捐贈	215
講緊嘢	215
出醜	215
舉杯	215
來不及	215
首相	215
自信心	215
栽培	215
糾紛	215
青天	215
織女	215
無效	214
我識得	214
午飯	214
跪拜	214
露天	214
天文台	214
換句話講	214
擅	214
人身	214
委員長	214
出土	214
加倍	214
南非	214
尖鋭	214
諒	214
跨境	214
間中	214
診斷	214
母雞	214
母親節	214
機靈	214
不擇手段	214
死守	214
酒壺	214
金箍棒	214
銀河	214
過失	214
軌跡	214
達人	214
怕乜嘢	214
三文魚	213
光臨	213
萬子	213
叛徒	213
鬧事	213
港元	213
安頓	213
炫耀	213
濕熱	213
遷就	213
逃脱	213
體面	213
悶悶不樂	213
滿心歡喜	213
冤魂	213
冷酷	213
神不知鬼不覺	213
姑且	213
地頭	213
歡天喜地	213
遍地	213
刻薄	213
遊玩	213
衝破	213
界限	213
擰轉	213
意料	213
覓	213
家事	213
恭喜發財	213
入院	212
唔輕	212
大男人	212
巴結	212
黑馬	212
冤家	212
世衞	212
荒島	212
調味料	212
妓	212
註	212
葡萄酒	212
防護	212
凝	212
儒	212
釋懷	212
中產	212
魔術	212
軍長	212
安身	212
迫	212
衰老	212
抄底	212
狂歡	212
統籌	212
建築師	212
琉	212
御駕	212
比拼	212
同日	212
荷葉	212
油脂	212
今個星期	211
遊樂場	211
年中	211
跳躍	211
啲打	211
搞鬼	211
炒飯	211
不經意	211
份額	211
從容	211
話啫	211
恰恰	211
畀佢	211
小孩子	211
中國文化	211
年長	211
棧	211
家家户户	211
冰糖	211
帆船	211
精妙	211
大户人家	211
冇聲出	211
人種	211
航空公司	211
主權	211
銜	211
佩戴	211
粉底	211
蛋黃	211
同心協力	210
團友	210
零件	210
船隊	210
孝子	210
晴天	210
外省	210
主宰	210
字頭	210
羞	210
鞠	210
山丘	210
顯露	210
灼	210
過門	210
崇高	210
頭暈眼花	210
斜坡	210
扔	210
裂縫	210
分工	210
樣本	210
貝殼	210
頭等	210
毫不猶豫	210
臨近	210
你好耐	210
眨下眼就	209
私隱	209
取笑	209
好靜	209
奢華	209
奸細	209
死神	209
南美洲	209
柳樹	209
強盛	209
宣告	209
燒肉	209
音響	209
遁	209
風扇	209
羣島	209
舉例	209
警車	209
宋襄公	209
問咩	209
幾號	209
鼎盛	209
倫理	209
朝住	209
干	209
長處	209
鬼屋	209
行雷	209
靈敏	209
貴客	209
自尊	209
癢	209
鈴聲	208
少量	208
冰山	208
插口	208
文本	208
漂泊	208
若干	208
接口	208
孤身	208
瘦肉	208
伊人	208
頻頻	208
未算	208
豐收	208
官話	208
黃土	208
先至唔會	208
印象中	208
兼顧	208
你瞓	208
分擔	208
考究	208
萬無一失	208
苗家	208
可以唔使	208
點燈	208
若是	208
華盛頓	208
獨門	208
撓	208
進士	208
賓主	208
佢哋自己嘅	208
黐線	208
年華	208
失誤	208
愛慕	208
廈門	208
瑟	208
冇事啊嘛	207
多嘴	207
標記	207
稱得上	207
顛覆	207
沃	207
搭船	207
未經	207
吃虧	207
灰燼	207
片刻	207
嚴明	207
天書	207
賞識	207
叛	207
新春	207
果樹	207
發電	207
後路	207
失意	207
痛楚	207
出糧	207
世面	207
蔭	207
吞併	207
配上	207
餵食	207
貪玩	207
再唔係	207
讓開	207
限定	207
更改	207
詐騙	207
氣體	207
無助	207
洋人	207
洶湧	207
造假	207
鋪牀	207
賜教	207
七七八八	207
魔力	207
升高	207
食草	207
仲有命	207
掌心	207
親自出馬	206
羲	206
種咗	206
遍佈	206
字體	206
懼	206
低下	206
減低	206
高舉	206
兄台	206
限期	206
草料	206
缽	206
才女	206
殺人滅口	206
等同	206
動心	206
翻滾	206
科普	206
半山腰	206
水落石出	206
隨時隨地	206
唔淨止	206
碗湯	206
悲憤	206
新婚	206
人肉	206
你做咩啊	205
行裝	205
搶奪	205
輾轉	205
直徑	205
找尋	205
夏日	205
量子力學	205
安然	205
儲君	205
炒作	205
白頭	205
豐厚	205
主體	205
訂購	205
棺木	205
親筆	205
全日	205
平面	205
你睇睇	205
牽制	205
連線	205
定奪	205
邀	205
僱員	205
撞啱	205
復興	205
洞穴	205
可悲	205
法國人	205
高速公路	205
特務	205
刻骨銘心	205
黑心	205
甩手	204
濃郁	204
水桶	204
留學生	204
奸詐	204
隆隆	204
現今	204
你喺邊	204
大酒店	204
黑白兩道	204
情理	204
傷寒	204
囚禁	204
懦弱	204
誅	204
噪音	204
橡膠	204
計我話	204
期貨	204
涼爽	204
印刷	204
高下	204
吸取	204
阿門	204
分泌	204
歲數	204
子民	204
你幫手	204
跟上	204
倪	204
當選	204
凡間	204
新派	203
寓意	203
貼心	203
姥姥	203
揮動	203
重現	203
乞食	203
集會	203
秋風	203
失傳	203
找數	203
安居樂業	203
前度	203
錢銀	203
狼牙棒	203
罪人	203
假冒	203
奉勸	203
船員	203
歐盟	203
賣命	203
稀奇	203
哄	203
勝算	203
燕窩	203
豁	203
有加	203
我大佬	203
聖火	203
睇佢個樣	203
湖泊	203
生肖	203
猙獰	203
通告	203
掉落	203
打咗個突	203
內情	203
籮	203
勢頭	203
車程	203
托盤	202
直言	202
大功告成	202
唔要命	202
急促	202
低沉	202
我想話	202
孔雀	202
擺佈	202
傾談	202
高招	202
遵從	202
會館	202
苦瓜	202
啲多	202
茨	202
朝堂	202
奔走	202
信貸	202
呼應	202
息率	202
年號	202
神出鬼沒	202
乜説話	202
政局	202
茫然	202
凜	202
和睦	202
吉林	202
黃豆	202
櫻桃	202
拘留	202
披露	202
拓	202
單眼	202
睇下咧	202
道觀	202
你都算	202
嗱嗱嗱	202
眼影	202
瞄準	201
牛仔褲	201
字畫	201
駕馭	201
加持	201
洗衣機	201
無理	201
太上老君	201
義父	201
風水師	201
傳送	201
敍述	201
虔誠	201
進取	201
周全	201
常理	201
火槍	201
食肆	201
更換	201
涼亭	201
容顏	201
重病	201
新高	201
不測	201
紫禁城	201
驕	201
詫異	201
背囊	201
雙重	201
強力	201
肇慶	201
唔鍾意	201
冬至	201
聖誕老人	201
胡鬧	201
環繞	201
殺機	201
太空船	201
山崗	201
好細聲	201
係呀係呀	201
解放軍	201
斃	201
元旦	201
倒閉	201
係咁多	201
楊柳	201
動聽	201
私心	201
邑	201
欣慰	200
深遠	200
竭力	200
欠缺	200
賠罪	200
勞累	200
暢飲	200
行刺	200
整天	200
半天	200
八月十五	200
鄰近	200
青菜	200
審理	200
沙皇	200
休養	200
打火機	200
教室	200
禮金	200
維繫	200
侍候	200
花心	200
支配	200
卡車	200
八名	200
他鄉	200
頒佈	200
鏢師	200
屍骨	200
逮捕	200
八樓	200
保管	200
切磋	200
學期	200
宣讀	200
古蹟	200
多元	200
坐飛機	200
天際	200
所在地	200
鄂	200
偵	200
停下	200
大可以	200
速成	200
好清	200
手電筒	200
鬼子	200
軍校	200
鬧鬼	199
歸還	199
志向	199
聽起來	199
感官	199
融洽	199
屋檐	199
門生	199
砂	199
初心	199
調皮	199
記低	199
消遣	199
官僚	199
三角形	199
流感	199
南極	199
週歲	199
乾旱	199
血緣	199
高歌	199
夾手夾腳	199
北海道	199
牀下底	199
才幹	199
轉行	199
路向	199
戰友	199
板斧	199
盆地	199
吃力	199
掠過	199
開明	199
轅	199
阿嬸	199
競選	199
講課	199
做低	199
景觀	199
過濾	198
氈	198
招聘	198
豪爽	198
羞辱	198
麻痹	198
販賣	198
滑稽	198
光明正大	198
枷鎖	198
煲仔飯	198
緊要啦	198
上限	198
重返	198
配方	198
八哥	198
怪罪	198
就手	198
廬	198
螺絲	198
踱	198
我就好似	198
大驚小怪	198
禱告	198
平方	198
見外	198
名利	198
飄然	198
促成	198
伏擊	198
蝦米	198
最平	198
傷天害理	198
警署	198
莫大	198
口袋	198
競技	198
灸	198
雞腳	198
鴿	197
山坳	197
新郎	197
血壓	197
相干	197
冇可能㗎	197
斷氣	197
除去	197
眼線	197
夜市	197
欽佩	197
迫不及待	197
盡心盡力	197
框架	197
氾濫	197
點好呢	197
表述	197
一表人才	197
提交	197
禹	197
谷底	197
空軍	197
佛經	197
不當	197
前門	197
迷你	197
電飯煲	197
冇膽	197
傳開	197
草寇	197
幾經	197
鬍	197
背面	197
西宮	197
瞓下	197
喚	197
到此為止	197
正門	197
專屬	197
摁	197
副官	196
一兩次	196
象牙	196
廂房	196
注射	196
算盤	196
應變	196
草木	196
轉折	196
穩固	196
甘肅	196
後天	196
就瞓着	196
輕重	196
叛軍	196
月內	196
識人	196
隔絕	196
依依不捨	196
上下五千年	196
宣言	196
淨喺	196
扣留	196
攣	196
刨	196
得益	196
炎熱	196
養育	196
管制	196
透氣	196
包大人	196
純真	196
亥	196
傷者	196
覺悟	196
垂頭喪氣	196
判決	196
中招	196
綠豆	196
據點	196
入學	195
怪唔知	195
幾重	195
我都話啦	195
衣裳	195
別離	195
天公	195
粒聲都唔出	195
清官	195
一聲令下	195
紅潤	195
天災	195
冷笑話	195
下定決心	195
爛仔	195
攜	195
平價	195
專制	195
茂密	195
拉丁	195
炮彈	195
仲得了	195
唔經唔覺	195
噠	195
上吊	195
中世紀	195
導航	195
略為	195
束手無策	195
聽唔聽到	195
低級	195
滑雪	195
落毒	195
西貢	195
密度	195
賽車	195
後腦	195
出境	195
彎腰	195
埋身	195
薯條	194
深切	194
外觀	194
打麻雀	194
國防	194
企鵝	194
流放	194
衝撞	194
打頭陣	194
土豪	194
蟲仔	194
去馬	194
燊	194
首長	194
嫲	194
引進	194
近視	194
共有	194
供應商	194
橡	194
拼搏	194
飲宴	194
喚醒	194
慰問	194
保濕	194
濃烈	194
木瓜	194
常人	194
親兄弟	194
兔子	194
舊式	194
器材	194
唔使理佢	194
短命	194
櫻花	194
狂妄	194
瀨嘢	194
咩程度	194
不忍	194
去街	194
逛街	194
中外	194
佢明明	194
年薪	194
你位	193
嫡	193
暗暗沉沉	193
愛爾蘭	193
你邊個	193
一九九七年	193
竭	193
推崇	193
慰	193
超額	193
打柴	193
下調	193
錶	193
散落	193
加深	193
高樓	193
神州	193
指尖	193
秒殺	193
基督	193
男兒	193
水管	193
黑濛濛	193
面相	193
醒水	193
坦誠	193
產物	193
駿馬	193
惡死	193
劣	193
厭倦	193
有面	193
蚩	193
火力	193
浪花	193
渺小	192
神氣	192
過獎	192
翻新	192
曼谷	192
咪又係	192
字面	192
恰當	192
賽道	192
進出	192
禁衞	192
漫步	192
似曾相識	192
自由行	192
蘆葦	192
夾擊	192
鬼上身	192
白費	192
啱用	192
社團	192
白人	192
你老母	192
致敬	192
突圍	192
見底	192
心抱	192
配套	192
池塘	192
北角	192
眯埋	192
大獲全勝	192
簡稱	192
哎呦	192
經濟學	192
灌木	192
你想知	192
商户	192
出走	192
豬手	191
不慌不忙	191
意下如何	191
明瞭	191
農耕	191
樹根	191
曾國藩	191
阿大	191
新任	191
轉機	191
都睇唔清	191
尋仇	191
秘魯	191
千辛萬苦	191
口碑	191
室友	191
中共	191
下文	191
贈送	191
思緒	191
未婚妻	191
捕魚	191
三長兩短	191
倘若	191
天涯海角	191
託付	191
沉澱	191
驚嚇	191
思索	191
長年	191
重組	191
含糊	191
自認	191
下沉	191
夏季	191
日益	191
專利	191
駕到	191
粗糙	191
主見	191
架構	191
大手	191
老總	191
情商	190
碰上	190
搞亂	190
正視	190
我呢度有	190
交通工具	190
把持	190
大廚	190
素食	190
呢間鋪	190
人心惶惶	190
哭哭啼啼	190
發自	190
成品	190
日內	190
化石	190
呻吟	190
小童	190
贖罪	190
口乾	190
軍糧	190
五星級	190
寫明	190
忍不住	190
批發	190
唔走得	190
唔正	190
叻仔	190
族羣	190
擺到明	190
瓜子	190
磊	190
未醒	190
簽署	190
制裁	190
長青	190
下跪	190
中華民族	190
獲利	190
珍藏	190
知名度	190
箭頭	190
海域	189
憨	189
伊斯蘭教	189
前人	189
農作物	189
威風凜凜	189
懶惰	189
唔夠你	189
理應	189
嗡嗡	189
殊	189
如實	189
特製	189
執笠	189
花旦	189
拎走	189
交錯	189
嵩山	189
卯	189
旁觀	189
西面	189
聽電話	189
高檔	189
議院	189
罕有	189
審美	189
精湛	189
開胃	189
錄影	189
錢包	189
你把聲	189
郊區	189
遮掩	189
驚歎	189
玩嘢	189
蓮子	189
殘疾	189
湯匙	189
頃	189
接通	189
牌照	189
單元	189
大賊	189
復工	189
奉陪	188
開鋪	188
僻靜	188
舔	188
烏龍	188
寒意	188
荷里活	188
朧	188
關乎	188
挺身而出	188
梳洗	188
蠔油	188
五台	188
列為	188
哐	188
陸路	188
自責	188
花樽	188
手尾	188
富二代	188
生病	188
蒼天	188
樹皮	188
跑馬	188
鬆軟	188
喜慶	188
設有	188
金條	188
低潮	188
純正	188
閉路電視	188
海灣	188
指紋	188
可否	188
差遣	188
劈低	188
不懷好意	188
猛鬼	188
驅使	188
野草	188
振奮	188
庚	188
回購	188
櫃筒	188
備受	187
中性	187
到頂	187
甘願	187
鰻魚	187
受益	187
焉	187
浮誇	187
鬆懈	187
定價	187
偏心	187
間唔中	187
紡織	187
割據	187
箭步	187
感人	187
字跡	187
小鳥	187
盤旋	187
電動	187
接任	187
版圖	187
白飯	187
小號	187
看管	187
蟒蛇	187
人像	187
遼闊	187
由此可見	187
雖則	187
房東	187
唔好過	187
反派	187
捨不得	187
白菜	187
代表作	187
實實在在	187
信託	187
外匯	187
誰不知	186
吾	186
嫁人	186
懺悔	186
意想不到	186
婆媳	186
車子	186
老鄉	186
交差	186
捧場	186
觀塘	186
木魚	186
佛陀	186
冇噃	186
零基礎	186
忍無可忍	186
台山	186
呼嘯	186
得嘅咩	186
所需	186
袖手旁觀	186
聲母	186
戰火	186
鼻子	186
接下	186
撤離	186
救濟	186
曬太陽	186
立志	186
丹麥	186
枴	186
你為什麼	186
敲詐	186
曬命	186
貼上	186
喺廳	186
奇才	185
中方	185
低迷	185
相伴	185
急救	185
茶壺	185
請帖	185
嗡	185
大個女	185
置身	185
週圍	185
慌張	185
本色	185
克羅地亞	185
期盼	185
困住	185
引力	185
出水	185
本分	185
奧地利	185
退位	185
一族	185
貴姓	185
修補	185
投身	185
百合	185
漂浮	185
醫管局	185
心儀	185
社會主義	185
啲咁多	185
眾所周知	185
體積	185
歷程	185
衰啦	185
蟠	185
鏡子	185
外向	185
申報	185
腦子	184
縮短	184
華佗	184
摸索	184
金邊	184
你啲人	184
好猛	184
穆斯林	184
搶掠	184
舅仔	184
順應	184
培育	184
一無所有	184
熟知	184
車頭	184
青草	184
生計	184
唔怕嘅	184
鄺	184
審視	184
高傲	184
極品	184
攞獎	184
濫殺	184
進而	184
堵	184
無視	184
高漲	184
勾當	184
冇得救	184
訣	184
特地	184
梳理	184
多疑	184
西餐	184
碩士	184
四散	184
弱者	184
窟	184
一見鍾情	183
降温	183
五名	183
相好	183
李嘉誠	183
欺壓	183
腦筋	183
嘔血	183
大豆	183
奮勇	183
邊個嚟㗎	183
上流	183
中立	183
改建	183
好得意啊	183
動情	183
慘烈	183
遵照	183
渭	183
垂直	183
吐出	183
繮	183
賦	183
點講都好	183
堪稱	183
衰咗	183
聽不到	183
花木	183
五顏六色	183
殘留	183
雙臂	183
干預	183
膩	183
心上人	183
醬油	183
出嚟行	183
對照	183
司令部	183
偏差	183
一貫	183
淳	183
無時無刻	183
出去行下	183
照明	183
萬能	183
足球隊	182
觸發	182
人情味	182
犀牛	182
外家	182
周不時	182
告誡	182
自大	182
淪落	182
合乎	182
掩殺	182
島嶼	182
把柄	182
香甜	182
港島	182
遲疑	182
上座	182
剎車	182
病痛	182
朔	182
信賴	182
天朝	182
牙膏	182
信徒	182
啡	182
電商	182
瀉	182
紅茶	182
茂盛	182
斷斷續續	182
觸犯	182
飽受	182
卑微	182
報國	182
筆墨	182
糟糕	182
高雅	182
珊瑚	182
倒轉	182
鼻涕	182
違規	182
讓步	182
壓縮	182
地段	182
前生	181
咆哮	181
人緣	181
救護車	181
善惡	181
援軍	181
擊退	181
公頃	181
節省	181
戲弄	181
葡	181
粒聲	181
電流	181
邊啲嘢	181
墮落	181
上心	181
投稿	181
禮節	181
一臂之力	181
眨下	181
世世代代	181
羣組	181
懷恨在心	181
偷渡	181
從今以後	181
次要	181
重兵	181
豆漿	181
騙局	181
誇獎	181
唔似樣	181
打草驚蛇	181
不失	181
貪官污吏	181
地皮	181
木偶	181
良機	181
樓主	181
圖謀	181
歷來	181
指手畫腳	181
拌	181
現成	181
平復	181
表揚	181
氧	181
邂逅	181
過熱	181
癱瘓	181
重力	181
發啲	181
曾志偉	181
心灰意冷	180
善用	180
假日	180
上唔到	180
呻	180
秀麗	180
遺留	180
呵護	180
書面	180
海峽	180
斷裂	180
離家出走	180
話時話	180
膽怯	180
姐係	180
暗藏	180
馬拉松	180
偵查	180
嘢飲	180
撤走	180
每每	180
姑爺	180
勵志	180
告一段落	180
失利	180
大作	180
學系	180
軾	180
分身	180
驟	180
利器	180
大牛	179
下底	179
變色	179
風向	179
外傳	179
清爽	179
糖漿	179
體温	179
特價	179
酒量	179
快快脆脆	179
幾行	179
菜單	179
瞞住我	179
顯現	179
幫會	179
心胸	179
凌厲	179
旗袍	179
呢篇文章	179
深色	179
拾	179
問號	179
災禍	179
馬虎	179
失事	179
閨房	179
一日到黑	179
你阿哥	179
成效	179
兑現	179
老舉	179
洞房	179
深奧	179
賣出去	179
傻妹	179
顯出	179
標本	179
麻麻地	179
早茶	179
你死我活	179
做女	179
淡水	179
知識分子	179
男神	179
盯	178
打壓	178
落定	178
離間	178
趨	178
一擁而上	178
剎那	178
邊度玩	178
綿羊	178
信奉	178
不治	178
打亂	178
響亮	178
肉丸	178
空手	178
病重	178
淹沒	178
情分	178
入席	178
主食	178
靜止	178
江河	178
編號	178
鎖鏈	178
抵啊	178
所料	178
神志	178
何來	178
手足無措	178
生菜	178
顏值	178
富商	178
器械	178
榕樹	178
視角	177
了事	177
退役	177
烹	177
似啦	177
剪輯	177
驛站	177
雷公	177
水銀	177
白眼	177
答謝	177
瞭然	177
開墾	177
青瓜	177
作弊	177
編曲	177
矩	177
按兵不動	177
本體	177
本科	177
揾食	177
舞會	177
裁	177
國旗	177
大衣	177
我哋細個	177
我走先	177
自助	177
祖母	177
規格	177
頑強	177
世界觀	177
走入嚟	177
九天	177
用藥	177
諗下先	177
雲彩	177
用具	177
通風	177
肉餅	177
處分	177
爹地媽咪	177
火化	177
火海	177
眷	177
都算啦	177
二氧化碳	177
頒	177
師生	177
構思	177
放在眼內	177
蓄	176
紅的	176
無價	176
清秀	176
蒼老	176
盡快	176
神器	176
績	176
火熱	176
流利	176
命中註定	176
凌亂	176
謎團	176
特效	176
免疫	176
引用	176
罪孽	176
零舍	176
信我啦	176
咁平	176
冷戰	176
領命	176
渾	176
齊整	176
詩句	176
措	176
自如	176
藥品	176
什	176
強悍	176
西魏	176
醃製	176
逝去	176
暴君	176
計時	176
多達	176
奶粉	176
後輩	176
約莫	175
沙膽	175
北洋水師	175
滿腔	175
中游	175
契弟	175
招手	175
追風	175
弱小	175
接電話	175
本意	175
經濟週期	175
上街	175
教養	175
樓價	175
濫	175
萬名	175
變心	175
評分	175
雲梯	175
唏噓	175
韞住	175
劍柄	175
拜堂	175
死黨	175
橋段	175
賢德	175
交接	175
豺狼	175
攔腰	175
數一數二	175
入選	175
書店	175
我話你知	175
勸解	175
苦澀	175
省長	175
屯	175
論壇	175
憧憬	175
百般	175
錯怪	175
王法	175
你有你	175
躁	175
飯館	175
自負	175
水位	174
鈣	174
清泉	174
茵	174
熱播	174
豪氣	174
人來人往	174
親屬	174
唯獨是	174
千言萬語	174
嚓	174
兑換	174
閂門	174
異樣	174
向着	174
遠走高飛	174
霸氣	174
上進	174
俞	174
結義	174
緋聞	174
敗壞	174
耽擱	174
嫁妝	174
厚度	174
衣襟	174
管治	174
構	174
神獸	174
乜嘢話	174
執翻條命	174
下流	174
得唔得閒	174
下氣	174
法郎	174
哲理	174
健全	174
沙啞	174
班主任	174
引申	174
心虛	174
一不做	174
交匯	174
呼叫	174
淡然	174
最重	174
敬意	174
短褲	174
神威	174
貿然	174
海濱	174
環球	174
物流	174
同僚	174
分隔	174
上水	174
相依為命	174
翳	173
楚懷王	173
天理	173
青島	173
身不由己	173
通去	173
餐具	173
不以為然	173
哩	173
連日	173
行善	173
上策	173
調教	173
啫喺	173
必勝	173
名下	173
蘆	173
往年	173
浮雲	173
隨機應變	173
正路	173
為伍	173
通行證	173
疑似	173
浮雕	173
難以置信	173
杖	173
薯片	173
促使	173
上訴	173
叭	173
死路一條	173
爽口	173
順路	173
大氣層	173
求先	173
病牀	173
胡作非為	173
安全帶	173
阿頭	173
作文	173
問卷	173
順其自然	173
唔自然	173
寵信	173
練兵	173
聲氣	173
果園	172
山大王	172
遠東	172
碎銀	172
眼仔	172
顯眼	172
睇波	172
國企	172
樂曲	172
簡約	172
譴責	172
迦	172
如常	172
難民	172
真摯	172
體能	172
班次	172
汕頭	172
救駕	172
輕而易舉	172
教材	172
唔怪得我	172
綠洲	172
岔	172
變相	172
自發	172
出發點	172
專員	172
為本	172
級數	172
美德	172
拜壽	172
度日	172
十字路口	172
領隊	172
比率	172
八角	172
脈搏	172
王妃	172
羊城	172
售賣	172
腰骨	172
四隻腳	171
原子彈	171
言歸正傳	171
揭露	171
醒覺	171
睡衣	171
骨骼	171
過橋	171
實時	171
唉唉	171
寒暄	171
太妃	171
束縛	171
自刎	171
遺物	171
幾多啦	171
牛雜	171
繽紛	171
烽火	171
香燭	171
香草	171
鄙人	171
物料	171
求之不得	171
冀	171
小腿	171
孕	171
南朝	171
民宿	171
陶醉	171
高分	171
四國	171
冷卻	171
極具	171
敬仰	171
淪為	171
屙屎	171
敵意	171
錐	171
好攰啊	171
葉飛	171
暮	171
效益	171
芙蓉	171
拆穿	171
聽朝早	171
飛翔	171
打後	171
原定	171
移居	171
薄荷	171
埋頭	171
海龜	171
扎醒	171
田園	171
交還	171
呼喚	171
喧	171
將軍澳	171
人山人海	170
警戒	170
屋村	170
片場	170
護城河	170
不得而知	170
優越	170
領會	170
教誨	170
引致	170
得獎	170
公用	170
臨行	170
三思	170
不等	170
阻力	170
所屬	170
同情心	170
穿上	170
一言為定	170
趕時間	170
補救	170
苦衷	170
狗官	170
呼喊	170
蛛絲馬跡	170
神婆	170
要事	170
一讀	170
福州	170
鄭重	170
蜻蜓	170
豬油	170
國歌	170
防衞	170
託住	170
養病	170
附加	170
求饒	170
轉告	170
舒暢	170
風車	170
交際	170
家母	170
雲海	170
自取	169
沉沒	169
全心全意	169
諗翻轉頭	169
咩感覺	169
牙醫	169
我人	169
抄襲	169
達官貴人	169
緝	169
貼紙	169
龍袍	169
傷殘	169
盛行	169
往返	169
引領	169
快餐店	169
交替	169
窗台	169
錯失	169
毅力	169
舞廳	169
夢遊	169
冰凍	169
受害	169
原住民	169
做樣	169
揪	169
保暖	169
定製	169
情誼	169
納粹	169
開火	169
人多勢眾	169
啷	169
特產	169
㗎喇	169
釐	169
日漸	169
啓蒙	169
奶油	169
偏好	169
記得咗	169
警局	169
提取	169
高壓	169
愚昧	169
記憶力	169
發過嚟	169
衰公	169
魁	169
誘	169
精確	169
起居	169
浙	169
即位	169
廣州啊	169
測量	169
打齋	169
拆散	168
老友記	168
叮叮噹噹	168
蛇仔	168
隨緣	168
下層	168
大佬我	168
苦楚	168
遷徙	168
收納	168
蔘	168
冇鬼用	168
顯赫	168
判處	168
清酒	168
騰空	168
來意	168
天眼	168
古往今來	168
會所	168
語調	168
截止	168
唔得掂	168
睇都唔睇	168
母語	168
由始至終	168
平分	168
免除	168
平房	168
澀	168
退下	168
怪唔得	168
砂糖	168
對峙	168
班主	168
喺呢一刻	168
宣稱	168
侵佔	168
因應	168
裹	168
濕地	168
臘腸	168
剝削	168
生效	168
打的	168
信件	168
娶老婆	168
靈驗	168
前路	168
落户	168
定論	168
千米	168
構建	168
憾	168
卡塔爾	168
構造	168
充斥	167
差館	167
菱	167
膚淺	167
史稱	167
打滾	167
外行	167
接管	167
火勢	167
領略	167
屏障	167
貧苦	167
蝦餃	167
網球	167
非禮	167
黃大仙	167
巨頭	167
伙食	167
你都覺	167
絕非	167
孭起	167
西施	167
親家	167
長方形	167
慘敗	167
説時遲	167
關卡	167
運勢	167
出版社	167
月大	167
保釋	167
簽字	167
有冇得	167
二不休	167
兇徒	167
好令	167
新型	167
嗓子	167
人名	167
改裝	167
瞭望	166
好傾	166
擴充	166
千金小姐	166
虎視眈眈	166
留神	166
開水	166
水下	166
無愧	166
分量	166
出神入化	166
栗子	166
頂撞	166
講啱	166
輕快	166
雜草	166
我到而家	166
講師	166
大腿	166
老死	166
水喉	166
審查	166
樓宇	166
晚頭黑	166
冇朋友	166
閤	166
阿星	166
查案	166
鑼鼓	166
識破	166
皇天	166
的水	166
代言	166
播啦	166
顧名思義	166
大坑	166
拉人	166
戇居	166
援助	166
擎	166
不了了之	166
起過	166
遇難	166
麥子	166
飼養	166
扳	166
操場	166
上緊	166
點燃	166
統統	166
挪	166
翟	166
富足	166
打拼	166
茸	166
樓層	166
果子	165
冰涼	165
偶然間	165
杏仁	165
展出	165
銀色	165
恒大	165
金字	165
服用	165
冼	165
肚屙	165
葬禮	165
歇後語	165
細膩	165
誤殺	165
牀單	165
大街小巷	165
埋手	165
事成	165
投放	165
繼母	165
暗戀	165
好死	165
紅磡	165
參選	165
動身	165
心理醫生	165
毒品	165
乜水	165
一個億	165
細細粒	165
社羣	165
驢	165
鬨	165
蛋撻	165
丑	165
加州	165
衰弱	165
急劇	165
球會	165
肅	165
煲水	165
後勤	165
刪除	165
偷雞	165
好勝	165
好聲音	165
選用	165
插曲	165
學霸	165
疏通	165
財力	165
綱	165
勃勃	165
古書	165
忌廉	165
高高在上	164
通用	164
帝位	164
紛飛	164
買下	164
月台	164
圍城	164
二點鐘	164
兇案	164
血氣	164
無憂無慮	164
敲打	164
懵懂	164
畀你	164
馴服	164
培植	164
疑慮	164
共通	164
直系	164
稻草	164
發送	164
借力	164
嚴峻	164
千軍萬馬	164
一乾二淨	164
水壺	164
徵收	164
後話	164
護膚品	164
時勢	164
淌	164
大勢	164
推論	164
關你咩事	164
識貨	164
巫婆	164
身懷絕技	164
外衣	164
陰性	164
拉攏	164
國際足聯	164
水草	164
睇白	164
油麻地	163
后羿	163
幾點鐘	163
長大咗	163
阿毛	163
佳麗	163
偷偷摸摸	163
唔講住	163
老謀	163
一敗塗地	163
蒸發	163
襬	163
佢隔離	163
研究所	163
大早	163
元首	163
百貨	163
穀物	163
致富	163
花王	163
儘早	163
祭品	163
悔恨	163
直頭係	163
第時	163
喜出望外	163
狂熱	163
姦夫	163
唔睬佢	163
瀘	163
鉛筆	163
你講笑	163
新娘子	163
無上	163
回望	163
月圓	163
佢嚟咗	163
用得着	163
猖狂	163
糞	162
燭光	162
滄桑	162
二奶	162
誌	162
威逼	162
眼紅	162
山勢	162
奇遇	162
血路	162
夜班	162
蘇格蘭	162
華語	162
哪兒	162
回饋	162
住院	162
郝	162
省份	162
空曠	162
相近	162
宣誓	162
肩膀	162
押送	162
綢	162
受驚	162
沒落	162
密封	162
激戰	162
胡椒粉	162
粉末	162
內亂	162
你跟我嚟	162
明㗎啦	162
敗退	162
眯埋對眼	162
勇於	162
航線	162
不在乎	162
蝗蟲	162
鬆弛	162
瘋癲	162
不明不白	162
快啲起身	162
敬畏	162
妥善	162
嚐	161
驛	161
彈開	161
誠信	161
動亂	161
容量	161
軸	161
養活	161
百貨公司	161
肥胖	161
內政	161
掛心	161
扮靚	161
情場	161
抉擇	161
眉目	161
賣藝	161
橫跨	161
主唱	161
必備	161
去你屋企	161
廁	161
牧羊	161
見下面	161
難分難解	161
廚藝	161
格仔	161
惡神	161
咩歌	161
罪惡感	161
食雞	161
應有盡有	161
機長	161
中指	161
薄弱	161
復出	161
享有	161
匯聚	161
全名	161
灌溉	161
胸襟	161
涼茶	161
瑕疵	161
護膚	161
發揚光大	161
圍巾	161
謊言	161
逆向	161
性能	161
專一	161
科研	161
心服口服	161
法場	161
馬尾	160
惶	160
陳述	160
換言之	160
針線	160
叩見	160
無間	160
器皿	160
十字架	160
抽象	160
廳堂	160
減持	160
港台	160
作惡多端	160
大搖大擺	160
指控	160
魯莽	160
效忠	160
另類	160
塵埃	160
拓展	160
呢輪	160
生命力	160
查看	160
作樂	160
降服	160
面珠	160
奠定	160
跳水	160
匹夫	160
唔係路	160
歡聚	160
煎熬	160
庇護	160
小行星	160
皮革	160
輕薄	160
又走咗	160
詠春	160
生活費	160
做咩啊你	160
專人	160
猶太	160
陰功	160
人魚	160
懸念	160
作法	160
接替	160
鬥士	160
開闢	160
敬禮	160
姨姨	160
原唱	160
稀罕	160
濕疹	160
糖尿病	160
過只	159
肆無忌憚	159
灑脱	159
打消	159
借用	159
大家姐	159
樓盤	159
冇幾個	159
實物	159
端正	159
銅牌	159
勃	159
山嶺	159
屙尿	159
每一晚	159
比利時	159
迷惘	159
血水	159
爛泥	159
余	159
藴含	159
許下	159
尋覓	159
按時	159
過山車	159
善心	159
鞠躬	159
品系	159
勵	159
住户	159
用詞	159
咬緊牙關	159
雨點	159
放水	159
軀	159
羞愧	159
蜀漢	159
小提琴	159
廂	159
暢通	159
淨低	159
日光	159
信服	159
散户	159
勁抽	159
麻將	159
機動	159
馬面	159
啱啱先至	159
咁瞭解	159
名師	159
上香	159
燒賣	159
門鎖	159
復活節	159
作詞	158
晉升	158
國號	158
甦醒	158
秘方	158
民工	158
皮毛	158
車佢	158
你好嘢	158
一年半載	158
飆升	158
荒山	158
園林	158
掌權	158
仙丹	158
跳槽	158
啞口無言	158
觀望	158
鬥氣	158
渾身	158
前夕	158
廣為	158
盛產	158
大碟	158
逸	158
深淺	158
甲板	158
設宴	158
下年	158
設想	158
出入口	158
張敬軒	158
還擊	158
馬不停蹄	158
徵求	158
狹	158
簽證	158
天主教	158
鬧交	158
蹺	158
婉轉	158
旅遊業	158
洗澡	158
奔馳	158
財經	158
花市	157
竹竿	157
鑽研	157
雷陣雨	157
方針	157
手印	157
朝拜	157
卑職	157
離地	157
名分	157
動員	157
重疊	157
慣例	157
化驗	157
鐵皮	157
吏	157
咖	157
傾心	157
爆笑	157
漢堡包	157
飄忽	157
怨言	157
橛	157
執掌	157
長春	157
真係啱	157
靈位	157
可觀	157
永世	157
得體	157
用功	157
唔好喐	157
密謀	157
釋迦牟尼	157
對住你	157
不着	157
機槍	157
宛	157
順理成章	157
祁	157
飛碟	157
財運	157
擁戴	157
奇幻	157
消磨	157
市政	157
水域	157
居高臨下	157
玩弄	157
墮入	157
晶瑩	157
直上	157
荊棘	157
手踭	156
哈爾濱	156
整合	156
人文	156
好耐下	156
嫦娥	156
聚居	156
異口同聲	156
特輯	156
算唔算係	156
道義	156
撲面	156
俯	156
至高無上	156
衣食	156
釀酒	156
而家啦	156
蛇頭	156
港人	156
濁	156
水滾	156
安息	156
止痛	156
精神科	156
風範	156
海口	156
音調	156
白雪雪	156
委派	156
壯年	156
死仔	156
起訴	156
賠禮	156
必死無疑	156
麾下	156
沉醉	156
撤銷	156
圖形	156
蹲	156
坪	156
攤喺	156
紮營	156
辨認	156
廉價	156
合眾	156
亞視	156
攏	156
怕事	156
特長	156
司空	156
口哨	156
談心	156
撐腰	156
法案	156
得唔得㗎	156
補給	156
同住	156
毛孔	156
琅	156
契娘	156
村屋	156
採摘	156
九州	156
穩重	156
人證	156
盾牌	156
防曬	156
銀仔	156
尿酸	156
抹茶	156
飄逸	155
弩	155
殺氣騰騰	155
新郎哥	155
灰心	155
衣甲	155
信義	155
北美	155
大開眼界	155
保險公司	155
選美	155
劣勢	155
函	155
雞髀	155
你嘅意見	155
慈愛	155
咀	155
稀少	155
醒嚟	155
熱量	155
底牌	155
打散	155
目中無人	155
沒收	155
故人	155
傳真	155
用作	155
緊握	155
為期	155
佗	155
師姑	155
一網打盡	155
纖	155
經費	155
蔑	155
豐滿	155
家陣時	155
到頭嚟	155
懷住	155
花草樹木	155
整容	155
整親	154
幾率	154
夠力	154
間隔	154
忘恩負義	154
招親	154
八婆	154
填滿	154
何嘗	154
歸納	154
我老母	154
推算	154
終日	154
墨魚	154
透徹	154
參軍	154
取暖	154
微不足道	154
起事	154
兩敗俱傷	154
兩仔乸	154
產能	154
旗艦	154
同好	154
確切	154
祈	154
綠燈	154
妹丁	154
相就	154
皮鞋	154
五花大綁	154
派出所	154
竅	154
負心	154
濕潤	154
捻住	154
灶	154
見諒	154
金針	154
閲歷	154
空前	154
食唔食	154
食宵夜	154
到訪	154
感想	154
化妝師	154
冤屈	154
早上好	154
施捨	154
千里迢迢	154
照常	154
窗户	154
醜事	154
貼切	154
慘淡	154
僱傭	154
晴朗	154
圖像	154
饕餮	154
返去啦	154
死路	154
窖	154
高血壓	154
入聲	154
金朝	154
東張西望	154
裝模作樣	154
禁區	153
捆綁	153
安逸	153
跟住你就	153
何妨	153
鍵	153
製片	153
聽力	153
續約	153
肇	153
簇擁	153
嗶	153
採集	153
旗幟	153
紅顏	153
唔使死	153
叫法	153
分支	153
私事	153
估到啦	153
堵塞	153
彈牙	153
波折	153
志在	153
七彩	153
搬家	153
浪潮	153
急切	153
愧疚	153
奢侈品	153
洛杉磯	153
粗壯	153
備用	153
璣	153
來來去去	153
開採	153
票價	153
心多	153
不可一世	153
殿堂	153
橋樑	153
反常	153
九零後	153
萎縮	153
開庭	153
疑點	153
責罰	153
紙包	153
掛牌	153
低價	153
海嘯	152
多多指教	152
相戀	152
鹹蛋	152
打天下	152
鬆綁	152
你出咗	152
腑	152
閒人	152
金蟬	152
絨	152
偏離	152
退縮	152
即場	152
由來	152
聽信	152
收視	152
高踭鞋	152
法門	152
唔知噃	152
發炎	152
真空	152
秉	152
李四	152
細膽	152
決不	152
開咗門	152
曉得	152
可以睇出	152
低谷	152
金文	152
盡力而為	152
跑道	152
指明	152
快馬加鞭	152
鬼馬	152
史詩	152
益處	152
光鮮	152
仰望	152
梧	152
田螺	152
獻醜	151
抒情	151
坨	151
門徒	151
耕種	151
候選	151
打風	151
姓氏	151
嗷	151
快啲講啦	151
相擁	151
未婚	151
闖蕩	151
社工	151
吟沉	151
檢視	151
朝聖	151
粗暴	151
碾	151
地藏	151
彩蛋	151
獨行	151
苦力	151
幽谷	151
白鶴	151
油畫	151
芽菜	151
精巧	151
年班	151
大台	151
完工	151
有心人	151
鋭利	151
直白	151
海豚	151
嗦	151
陪審員	151
潔白	151
中旬	151
中興	151
機警	151
睇唔出嚟	151
病逝	151
後衞	151
探親	150
寫意	150
風趣	150
鄭州	150
迷路	150
尺度	150
米線	150
洗腦	150
郵箱	150
下級	150
資質	150
後生女	150
睇透	150
飲用	150
睫毛	150
徵兵	150
發落	150
港灣	150
僵持	150
溝女	150
渡口	150
咁輕	150
小矮人	150
成羣	150
募	150
獨裁	150
共存	150
冚家	150
面頭	150
秦穆公	150
纏繞	150
打冷震	150
閃耀	150
光頭佬	150
燒豬	150
擴散	150
歸宿	150
原型	150
過時	150
廢棄	150
特約	150
打通咗	150
下一節	150
證書	150
峻	150
暴動	150
腫瘤	150
海港	150
脾性	150
乾杯	150
做作	150
梳頭	150
加薪	150
精良	150
幕前	150
你唔繫好	150
死無葬身之地	150
長假	150
碗碟	150
肉身	150
星河	150
主旨	150
辜	150
老頭子	149
農產品	149
倒影	149
開房	149
配備	149
前後左右	149
你邊度	149
重修	149
倖存	149
價位	149
衍	149
鉸剪	149
墜落	149
脱險	149
好自為之	149
五臟六腑	149
花絮	149
油漆	149
脱身	149
清明節	149
成事	149
後座	149
易如反掌	149
布料	149
孕婦	149
花膠	149
衚衕	149
囉囉攣	149
先下手為強	149
硃砂	149
膝頭	149
墜	149
皇親國戚	149
爽脆	149
殲滅	149
依次	149
薪水	149
菜刀	149
係咪真嘅	149
遠山	149
收錄	149
粗人	149
封條	149
名勝	149
處女	149
眼淚水	149
水牛	149
虛幻	149
田雞	149
事態	149
鞭打	149
輔	149
腳踏	149
登台	149
做飯	149
軍用	149
淹	149
石台	149
迷上	148
搣咗	148
低微	148
車你	148
隋	148
湧現	148
遼寧	148
波鞋	148
齋飯	148
蓬勃	148
勝地	148
生蠔	148
寫法	148
木耳	148
表露	148
戴眼鏡	148
九龍城	148
無惡不作	148
景物	148
收貨	148
迫害	148
站立	148
車身	148
華南	148
貿	148
端莊	148
虧待	148
喪禮	148
稽	148
國法	148
豆皮	148
意境	148
應手	148
傳單	148
無厘頭	148
天下太平	148
病例	148
講兩句	148
舵	148
行刑	148
裁員	148
頹	148
蜆	148
列出	148
跌親	148
鴉片戰爭	148
調和	148
同房	148
聰明伶俐	148
復古	148
明朗	148
重咗	148
出處	148
開㗎	148
原味	148
初衷	148
眼眶	148
梳化	148
落淚	148
貧富	148
蕭條	148
全數	148
揾嚟	148
脾胃	148
生粉	148
天鵝	148
假使	148
列入	147
短缺	147
悉心	147
抽搐	147
時鐘	147
一言不發	147
寥	147
興盛	147
庫房	147
自然界	147
新鮮感	147
阿太	147
公證	147
啱聽	147
尼羅河	147
致電	147
農田	147
截圖	147
生死關頭	147
油膩	147
轆	147
灌輸	147
手瓜	147
自尊心	147
拔咗	147
舊樓	147
天窗	147
潛能	147
肥沃	147
騰出	147
表格	147
走遍	147
披風	147
求醫	147
童謠	147
花言巧語	147
異國	147
四分五裂	147
事關重大	147
熱潮	147
攪拌	147
只怪	147
厚禮	147
即興	147
原價	147
無家可歸	147
掹出嚟	147
沙丘	147
黑點	147
多半	147
千里馬	147
凝固	147
挑逗	147
水利	147
瞧	147
卡數	147
臘肉	146
飯廳	146
同等	146
殯	146
噁心	146
買單	146
禮服	146
咔嚓	146
睇開	146
花蕊	146
急躁	146
還債	146
回鄉證	146
掃興	146
愉悦	146
茉莉	146
説服力	146
唔抵得	146
古都	146
體育館	146
下毒	146
要瞓	146
頑皮	146
幻象	146
兵馬俑	146
見頂	146
烏冬	146
農曆新年	146
簡化	146
速遞	146
深秋	146
芭蕾舞	146
中路	146
組長	146
雄厚	146
採納	146
包青天	146
消散	146
維他命	146
女裝	146
餐券	146
三頭六臂	146
衰鬼	146
國立	146
宣泄	146
強人	146
東嶽	146
明目張膽	146
水腫	146
殺人犯	146
風力	146
聽唔出	146
墓碑	146
焚燒	145
得分	145
東周	145
撫摸	145
光年	145
凶神惡煞	145
匙	145
高峯期	145
防水	145
浩大	145
立立令	145
沉睡	145
成婚	145
雪人	145
祖墳	145
行運	145
粉紅	145
筆記簿	145
點樣都好	145
自自然然	145
無表情	145
營長	145
應承你	145
科目	145
殊不知	145
爆裂	145
名校	145
承載	145
滿門	145
促銷	145
子宮	145
買通	145
久經	145
送貨	145
認命	145
心花怒放	145
預定	145
酒保	145
出爐	145
佔地	145
叛逆	145
伽	145
檢疫	145
雲集	145
命大	145
舉薦	145
吵架	145
赴宴	145
虹	145
罪狀	145
成個鐘	145
門子	145
娣	145
抱負	145
伺候	145
隕石	145
安詳	145
傳旨	145
礦泉水	145
煤氣	145
氣壓	145
水花	145
劇透	145
挑釁	145
外景	145
縱然	145
巡迴	144
想做咩	144
我架	144
疑犯	144
神女	144
長夜	144
皮球	144
過客	144
妻兒	144
瓜葛	144
葬身	144
因子	144
中中	144
特工	144
敗露	144
止血	144
泵	144
不甘	144
棉被	144
富麗堂皇	144
觸摸	144
三行	144
露水	144
拋售	144
篝	144
熟食	144
掠奪	144
絲帶	144
彈藥	144
第二聲	144
打水	144
乜嘢嚟嘅	144
原裝	144
北魏	144
上報	144
抵制	144
問路	144
戈	144
無法無天	144
倒霉	144
識穿	144
本應	144
支柱	144
未瞓	144
瑣碎	144
西式	144
預警	144
年報	144
哥倫比亞	144
鹹菜	144
眼金金	144
撲鼻	144
滿月	144
複	144
可口	144
伊斯蘭	144
祖傳	144
輕描淡寫	144
意志力	144
現場觀眾	143
一年一度	143
損壞	143
四下	143
年僅	143
章魚	143
春夏秋冬	143
門窗	143
名言	143
十有八九	143
嘆下	143
女足	143
生鏽	143
匾	143
雙目	143
老僕	143
貫穿	143
聰明一世	143
異鄉	143
轎車	143
發芽	143
他日	143
只需	143
涵蓋	143
前朝	143
塵土	143
屢次	143
匙羹	143
影帝	143
行政長官	143
出示	143
巡遊	143
大逆不道	143
離職	143
存放	143
何等	143
櫃桶	143
理髮	143
修道	143
幻影	143
龍捲風	143
概括	143
勁敵	143
災害	143
戲班	143
邪氣	143
孤兒院	143
單薄	143
魚類	143
心力	143
遺棄	143
辛酸	143
開除	143
茶匙	143
手指尾	143
情慾	143
你眼望我眼	143
飛躍	143
升降機	143
填充	143
茫	143
觀世音菩薩	143
羽毛球	143
温室	142
鬼火	142
北斗	142
圖騰	142
過目	142
枯萎	142
截至	142
居多	142
琴聲	142
品行	142
高佬	142
一房	142
所致	142
無窮無盡	142
朝野	142
氧化	142
紮起	142
心病	142
荒地	142
動畫片	142
無線電	142
互通	142
寬敞	142
你睇咗	142
直達	142
饑荒	142
雲端	142
點呀	142
白天鵝	142
綠化	142
本金	142
竄	142
挫敗	142
停電	142
時速	142
骨折	142
冇種	142
眼花繚亂	142
血絲	142
機能	142
總額	142
名副其實	142
定係話	142
中獎	142
單調	142
登錄	142
熒	142
跪地	142
欖	142
昇華	142
頂天立地	142
會心	142
日食	142
睇報紙	142
衝口而出	142
應得	142
為非作歹	142
軍機	142
人潮	142
議事	142
輕巧	142
潰	142
自以為是	142
正中間	142
助教	142
線路	142
唔建議	142
捍衞	141
運程	141
我咁大	141
賣相	141
命中	141
故障	141
事務所	141
無動於衷	141
藥房	141
留念	141
看似	141
攀上	141
聲線	141
飾物	141
快餐	141
誤導	141
暗自	141
啓用	141
驚青	141
對講機	141
打磨	141
鬼片	141
合共	141
情義	141
一塌糊塗	141
耗費	141
關西	141
事項	141
相稱	141
壯麗	141
為數	141
過氣	141
書架	141
程式	141
深得	141
雲吞麪	141
淤血	141
中鋒	141
收啦	141
心安	141
才藝	141
窺探	141
付款	141
雷電	141
胸部	141
碌嚟碌去	141
爭辯	141
尋訪	141
舊日	141
岡	141
鼻哥窿	141
可以㗎	141
夜幕降臨	141
尋死	141
中同	141
底氣	141
我必	141
甕	141
成就感	141
刻苦	141
茂名	141
比較重	141
息息相關	141
熱力	141
榴	141
成語接龍	141
血糖	141
通透	141
撤出	141
某程度	141
底藴	140
氣度	140
喧譁	140
公升	140
公認	140
過水	140
吉日	140
慫恿	140
名流	140
毛氈	140
總而言之	140
內蒙古	140
唞氣	140
咕咕	140
餃	140
倒塌	140
導向	140
可貴	140
發佈會	140
前妻	140
不省人事	140
首要	140
拍照	140
國庫	140
冇嘢啊	140
訂婚	140
烈士	140
適中	140
圓碌碌	140
編寫	140
抽籤	140
樸素	140
地貌	140
靠得住	140
嘈起上嚟	140
眼濕濕	140
中和	140
食慾	140
周密	140
出殯	140
殺戮	140
斗篷	140
膽戰心驚	140
使唔使我	140
廠商	140
蘇丹	140
靜心	140
餘額	140
呷醋	140
哀傷	140
測驗	140
硬件	140
悄	140
暴風雨	140
兜口兜面	140
炮火	140
出獄	140
冷門	140
洛克菲勒	140
生疏	140
慣性	140
講實話	140
險境	140
熒幕	140
熹	140
成因	140
絲綢之路	140
提煉	139
卓越	139
眉開眼笑	139
晝夜	139
冷凍	139
僱	139
血流成河	139
毫升	139
生抽	139
劇痛	139
東亞	139
滋養	139
死對頭	139
首選	139
旁觀者	139
放緩	139
不才	139
隨行	139
呢嘢	139
熟客	139
猩猩	139
邊際	139
誇大	139
天象	139
列強	139
排位	139
前因後果	139
樓房	139
違抗	139
天長地久	139
黨員	139
學徒	139
捐款	139
重拾	139
你點知㗎	139
語氣詞	139
植入	139
懸殊	139
賺取	139
修好	139
病症	139
驗屍	139
抗戰	139
攪勻	139
耐啫	139
空置	139
赴湯蹈火	139
鉅額	139
慰勞	139
博學	139
開放式	139
諒解	139
得噃	138
神高神大	138
變革	138
地攤	138
失魂落魄	138
班級	138
請飲	138
強逼	138
龍眼	138
解説	138
禮拜一	138
污糟嘢	138
勉勉強強	138
起草	138
到飛起	138
瘀	138
家常	138
醇	138
天亮	138
萬象	138
可恥	138
屈辱	138
正史	138
人際	138
勝出	138
劫難	138
封地	138
牀鋪	138
聚焦	138
天羅地網	138
眼看	138
山人	138
所謂啊	138
遠大	138
責任感	138
彩排	138
鋼叉	138
夢寐以求	138
合情合理	138
粟	138
經由	138
調息	138
面青	138
副手	138
只可	138
沿用	138
咐	138
試卷	138
零下	138
善待	138
謹	138
懶音	138
等陣先	138
貴國	138
求學	138
離場	138
全神貫注	138
彬	138
祈福	138
全球化	138
端端	138
莊重	137
應急	137
縮細	137
逆境	137
飛鏢	137
燬	137
配菜	137
頂峯	137
呢堆	137
住家	137
趴低	137
機緣巧合	137
日元	137
就職	137
一改	137
佈陣	137
挪威	137
裁定	137
借鑑	137
語系	137
蒸汽	137
好天	137
火頭	137
守信	137
加害	137
港產片	137
新意	137
侵入	137
清甜	137
公募	137
四大天王	137
顫抖	137
公廁	137
出嚟嘞	137
唔好出聲	137
賣點	137
售價	137
我邊個	137
淵博	137
小企業	137
憐	137
樵夫	137
下決心	137
聖姑	137
餐牌	137
文具	137
一個啫	137
貨品	137
人渣	137
上萬	137
控告	137
包廂	137
正人君子	137
網購	137
冷衫	137
識趣	137
敍利亞	137
失憶	137
食咗飯	137
增多	137
警報	137
對內	137
播音	137
威尼斯	136
伶俐	136
謙卑	136
充當	136
不祥	136
大大聲	136
無依無靠	136
蠟像	136
濕婆	136
強弱	136
黯然	136
好日	136
簡介	136
逆天	136
撻	136
一本正經	136
族長	136
獲獎	136
墮胎	136
木頭人	136
屋苑	136
紙張	136
丟失	136
公家	136
你家姐	136
快啲走啊	136
拉薩	136
鑾	136
你唔得	136
刑法	136
昂貴	136
懲	136
享樂	136
蹭	136
全力以赴	136
撥打	136
申訴	136
絕路	136
政黨	136
吸毒	136
輕生	136
門面	136
遊擊隊	136
打印	136
環遊	136
小隊	136
哭笑不得	136
帽子	136
名正言順	136
創舉	136
手提電話	136
唔關事	136
在學	136
高調	136
月薪	136
你隔離	136
水魚	136
對稱	136
自治	136
兩全其美	136
年終	136
剝奪	136
棒球	136
你都識	136
窩闊台	136
實地	136
前晚	136
重擔	136
醖釀	136
中華民國	136
翻本	136
奇葩	136
沉悶	136
包抄	135
話頭	135
謀劃	135
三言兩語	135
作客	135
黑天鵝	135
鯨	135
啓程	135
定罪	135
鬍鬚佬	135
賭王	135
恭候	135
自學	135
偽君子	135
混沌	135
紀念品	135
韶	135
外戚	135
排練	135
松陽	135
鹼	135
施行	135
治病	135
飲湯	135
初頭	135
遊歷	135
篇幅	135
猜想	135
南韓	135
小可	135
稻米	135
瞬	135
覆滅	135
氣象台	135
乖乖地	135
你老闆	135
享福	135
咕咕聲	135
激素	135
吞噬	135
三隻手	134
鬼死咁	134
抗衡	134
死啦你	134
深海	134
安然無恙	134
手板心	134
割斷	134
軍裝	134
老味	134
歹	134
切割	134
我冇錢	134
圍剿	134
眉清目秀	134
走失	134
免不了	134
傻女	134
就近	134
愕	134
浮動	134
客運	134
婆羅門	134
演説	134
雙向	134
抌落	134
行車	134
假象	134
碧波	134
制約	134
面紗	134
剷	134
奇珍異寶	134
恐嚇	134
攤凍	134
自閉症	134
愛錫	134
大件	134
分割	134
都得啊	134
觀戰	134
誓死	134
執迷不悟	134
簡潔	134
王八	134
飈	134
靶	134
鬧市	134
褸	134
國境	134
得㗎啦你	134
頂得順	134
着迷	134
郵件	134
迴響	134
抓緊	134
維多利	134
老化	134
當機立斷	134
支系	134
菲林	134
睡着	134
打定主意	134
胺	134
路數	134
賽馬	134
錄得	134
酋長	134
帶起	134
醜怪	134
信箱	134
花粉	134
嘍	134
一言難盡	134
穗	134
劊子手	133
唔使慌	133
老到	133
懸疑	133
桌子	133
詭計多端	133
注目	133
史無前例	133
何謂	133
遲鈍	133
套裝	133
畫廊	133
唔做啊	133
涉案	133
了斷	133
中午飯	133
粗心	133
返轉頭	133
叮咚	133
個子	133
褲子	133
起家	133
靈芝	133
欣然	133
啞巴	133
了卻	133
兜圈	133
些小	133
上載	133
硬幣	133
唔怪之得	133
絃	133
色澤	133
謝天謝地	133
壯丁	133
警務	133
活生生	133
濃度	133
囑	133
盅	133
豪邁	133
毛筆	133
星期天	133
不以為意	133
發病	133
變做	133
考上	133
侵蝕	133
獲勝	133
把脈	133
爭拗	133
前腳	133
下星期	133
袋鼠	133
差佬	133
頁面	133
千變萬化	133
企定腳	133
基數	133
把戲	133
我先講	133
長出	132
水鬼	132
相睇	132
自己攞嚟	132
花椒	132
講嘢呢	132
濕氣	132
講幾句説話	132
陀螺	132
父親節	132
燈塔	132
唔同你講	132
家教	132
香檳	132
凳仔	132
海風	132
宴席	132
撈起	132
浸會大學	132
驚天	132
機率	132
熟讀	132
惆悵	132
小眾	132
與否	132
食堂	132
面紅紅	132
煽動	132
辯解	132
焗住	132
熱戀	132
籌劃	132
從天而降	132
先父	132
小精靈	132
大食	132
不分勝敗	132
捷徑	132
選項	132
橘	132
搞大	132
審計	132
銀行卡	132
成份	132
美人魚	132
月經	132
淡薄	132
慌慌張張	132
從軍	132
放上	132
我唔係你	132
依稀	132
志同道合	132
佛堂	132
重案組	132
睇定	132
木馬	132
沸騰	132
咪就係咯	132
不復	132
沖茶	132
重演	132
幽靜	132
遊戲機	132
轟轟烈烈	132
沉聲	132
留低你	132
對出	132
威信	132
超能力	132
水庫	132
逐啲	132
天光大白	131
一舉兩得	131
株	131
兵臨城下	131
速速	131
身段	131
縮小	131
無花果	131
探究	131
鏢客	131
鬢	131
珠三角	131
水煮	131
三番四次	131
架子	131
以致	131
成條街	131
深感	131
清高	131
隔壁	131
高樓大廈	131
氏族	131
安營紮寨	131
維生素	131
坐立不安	131
淒厲	131
喜酒	131
拍馬屁	131
起腳	131
董事會	131
喺企	131
執下	131
研究院	131
得當	131
或多或少	131
蓮藕	131
為乜	131
應驗	131
表證	131
公尺	131
芬蘭	131
愛戀	131
起先	131
震騰騰	131
搭訕	131
督促	131
唐樓	131
津津有味	131
死到臨頭	131
卡通	131
確信	131
芭	131
用家	131
識咩	131
被控	131
大行	131
弱智	131
鄉里	131
有救	131
毛蟲	131
交友	131
即食麪	131
豬腳	131
神殿	131
風采	131
爆料	131
推搪	131
撐起	131
各行各業	131
反觀	130
燈泡	130
舅母	130
湯水	130
試下咯	130
心安理得	130
情書	130
港姐	130
舉措	130
打雷	130
談吐	130
宿命	130
壕	130
重地	130
驚愕	130
寢室	130
仇敵	130
借宿	130
與生俱來	130
直立	130
順風	130
異地	130
條理	130
鬧翻	130
逃難	130
大份	130
芽	130
途經	130
兒歌	130
瞓唔着覺	130
公義	130
快感	130
有冇啊	130
土豆	130
星體	130
天不怕地不怕	130
架生	130
轉眼間	130
花會	130
推辭	130
晃動	130
大同小異	130
總數	130
疆土	130
椎	130
自保	130
卡住	130
通車	130
簡短	130
延期	130
慘劇	130
改寫	130
前者	130
牌坊	130
唔諗住	130
授予	130
熱咗	130
天翻地覆	130
深知	130
家破人亡	130
法規	130
委任	130
傾下傾下	130
代為	130
糟蹋	129
香油	129
灶頭	129
在行	129
讓位	129
激昂	129
撿	129
告退	129
副業	129
火警	129
彈出嚟	129
兵團	129
早餐啦	129
四級	129
啡色	129
不爭	129
營盤	129
斷送	129
口唇	129
翻騰	129
燒着	129
風平浪靜	129
裂痕	129
坐正	129
白金	129
取而代之	129
實戰	129
一條龍	129
槍刺	129
喜怒哀樂	129
改用	129
蜈蚣	129
存活	129
黃鼠狼	129
往常	129
失足	129
波段	129
中華文化	129
寒酸	129
綺	129
影評	129
撤兵	129
不自量力	129
門神	129
反光	129
論點	129
沖涼房	129
境外	129
成見	129
電波	129
人脈	129
逼真	129
心想事成	129
毆	129
均值	129
頂籠	129
外殼	129
麻油	129
同性戀	129
流言	129
眼下	129
香濃	129
挾持	129
峽	129
德州	129
基金會	129
恍惚	129
孵	129
查探	129
七名	129
神機妙算	129
叔公	129
乘坐	128
進駐	128
基準	128
分局	128
掛鈎	128
依法	128
六神無主	128
間斷	128
鬥雞	128
輸送	128
用地	128
蔓	128
對質	128
烏合之眾	128
見客	128
盛會	128
口面	128
貪靚	128
唔知醜	128
切片	128
復發	128
遠見	128
車輪	128
品格	128
事必	128
遊人	128
僅有	128
草鞋	128
金子	128
山腰	128
捉棋	128
恩賜	128
鈍	128
做夢	128
淪陷	128
成地都係	128
毫米	128
相熟	128
澎湃	128
患病	128
慘案	128
百事	128
笙	128
濃縮	128
體格	128
馬甲	128
師尊	128
凍冰冰	128
刺身	128
姑蘇	128
使館	128
憨居居	128
鱷	128
耕地	128
樂團	128
意氣	128
我求下你	128
筆跡	128
遊蕩	128
塑料	128
後樓梯	128
欸	128
微波爐	128
弱勢	128
有意無意	128
猶豫不決	128
忍者	128
省略	128
自知之明	128
稀有	128
雙飛	128
替天行道	128
轉個頭	128
營救	128
輟學	128
史前	128
水龍頭	128
會試	128
展望	128
生產力	128
假意	128
界線	128
致死	128
執念	128
你就想	128
太陽能	127
撞車	127
道袍	127
到頭來	127
阻滯	127
聯同	127
魚露	127
火場	127
非但	127
青檸	127
法定	127
節制	127
土著	127
冇仔	127
改動	127
接聽	127
惡鬥	127
遊牧	127
夾板	127
涼氣	127
橫刀	127
老牛	127
擁擠	127
多口	127
魚塘	127
日間	127
單手	127
生母	127
遠行	127
新西蘭	127
捉摸	127
由得你	127
天晴	127
蠍	127
鐵漢	127
傾家蕩產	127
刁蠻	127
奪冠	127
民情	127
討論區	127
按鈕	127
商討	127
壞習慣	127
空心	127
重手	127
處世	127
拉扯	127
不力	127
盒子	127
驚呼	127
問心	127
後母	127
魚生	127
唔愛我	127
伴奏	127
泊車	127
管理費	127
飯局	127
三四日	127
接線	127
民居	127
超羣	127
軍費	127
造福	127
失明	127
討價還價	127
病院	127
自戀	127
回歸	127
頸渴	127
搖擺	127
術語	127
及得上	126
你做緊	126
你唔要	126
玉米	126
時事	126
背景音樂	126
情面	126
老江湖	126
獻計	126
際遇	126
慢吞吞	126
火種	126
花白	126
轉讓	126
結界	126
紳士	126
惶恐	126
早排	126
老外	126
可比	126
台底	126
想方設法	126
鑄造	126
牢房	126
知曉	126
放馬過嚟	126
杉	126
傑作	126
落難	126
家暴	126
法事	126
彪悍	126
候選人	126
情趣	126
西歐	126
來路	126
炯	126
嬤	126
祭壇	126
優良	126
旅店	126
串通	126
應聘	126
恭維	126
淚如雨下	126
轟炸	126
招攬	126
朴	126
禮盒	126
法文	126
一而再	126
主謀	126
鎮靜	126
宙	126
緊身	126
自告奮勇	126
黃蜂	126
十二生肖	126
游擊	126
鋒芒	126
工業化	126
芙	126
寬厚	126
篩	126
指揮官	126
飛走咗	125
中氣	125
本命	125
壁虎	125
初更	125
調轉頭	125
貼地	125
水滸傳	125
攻略	125
靈巧	125
美觀	125
括	125
賽跑	125
唔再理	125
災民	125
言行	125
反向	125
主人房	125
抌咗佢	125
僅次	125
芬芳	125
告知	125
壘	125
蝕本	125
姐弟	125
出圈	125
痛飲	125
俘	125
快手快腳	125
相隨	125
轉手	125
花盆	125
蜥蜴	125
高音	125
名冊	125
幾好啦	125
衞隊	125
天兵	125
鐵塔	125
急凍	125
斬草除根	125
剛強	125
藥箱	125
啫喱	125
棋子	125
算乜嘢	125
官服	125
目擊	125
螃蟹	125
甲蟲	125
開盤	125
閃光	125
臭豆腐	125
柔弱	125
戰戰兢兢	125
幾何	125
鐺	125
頂樓	125
那兒	125
淨化	125
入圍	125
直不甩	125
掃平	125
毀壞	125
防不勝防	125
褲袋	125
履	125
連帶	125
騰雲駕霧	125
栽	125
相安無事	125
氣泡	125
凝重	125
毒素	125
高薪	125
舊陣時	125
評選	125
貶低	125
音量	125
桃子	125
扣除	125
女星	125
喘息	125
開局	125
檢察	125
象形文字	124
隔離鄰舍	124
搞乜嘢	124
苛刻	124
腕	124
大袋	124
誇口	124
退讓	124
公會	124
走狗	124
進修	124
務農	124
勤勞	124
茄子	124
械	124
配音員	124
恒生指數	124
虛榮	124
共振	124
滿分	124
脾臟	124
巨浪	124
改正	124
登機	124
風沙	124
大戲	124
不知天高地厚	124
驚異	124
五體投地	124
讚揚	124
一條心	124
配件	124
小弟弟	124
津貼	124
迫切	124
基督徒	124
忠義	124
戰績	124
槍斃	124
美學	124
笑哈哈	124
不法	124
氣絕	124
生死之交	124
有沒	124
佢點講	124
選中	124
訂立	124
清湯	124
普羅	124
避雨	124
海鷗	124
整傷	124
鳳爪	124
張貼	124
馬國	124
交織	124
打撈	124
固有	124
反動	124
索取	124
死於非命	124
不敢當	124
求證	124
招生	124
奧斯卡	124
菜餚	124
電纜	124
忌諱	124
凡夫	124
頑固	124
爪牙	123
光棍	123
生女	123
揸主意	123
好聲好氣	123
傻笑	123
空空如也	123
壓境	123
士多啤梨	123
填補	123
陽間	123
早餐會	123
掛帥	123
義母	123
實屬	123
一帆風順	123
女巫	123
雙子座	123
咪搞	123
佛學	123
唔爽	123
你講㗎	123
放置	123
加劇	123
巢穴	123
學界	123
首播	123
定方	123
心喐	123
濺	123
小樹林	123
機艙	123
匱乏	123
只管	123
騎樓	123
大肚婆	123
凝結	123
你要佢	123
廟會	123
緣份	123
高等	123
剝落	123
搭建	123
冇份	123
鈔票	123
紅腫	123
輪船	123
通商	123
違約	123
當權	123
迢	123
開走	123
人權	123
大麥	123
檳榔	123
淺薄	123
紅燒	123
偶遇	123
你最中意	123
詭	123
凶多吉少	123
七夕	123
軍紀	123
扶手	123
殺傷力	123
不慎	123
火山爆發	123
細聲啲	123
大米	123
儲錢	123
至親	123
選取	123
下台	123
早晨啊	123
金鐘	123
三生有幸	123
有緊要事	123
鴨子	123
主線	123
口頭禪	123
情婦	122
污水	122
國寶	122
好樣	122
通電	122
海螺	122
文稿	122
自助餐	122
可恨	122
事宜	122
青筋	122
唔好客氣	122
佔用	122
爆香	122
可口可樂	122
陰謀詭計	122
破例	122
風濕	122
外語	122
弊傢伙	122
上㗎	122
孤男寡女	122
第二次世界大戰	122
蘿	122
大赦	122
行內	122
總括	122
墮樓	122
擬	122
姨丈	122
唔生性	122
變換	122
堡壘	122
阿水	122
阿麗	122
觸碰	122
球星	122
酥皮	122
收口	122
充裕	122
偽造	122
既定	122
巴基斯坦	122
打算點	122
頑	122
中位數	122
相處咗	122
憲兵	122
算命佬	122
疲累	122
月尾	122
超度	122
天旋地轉	122
阿生	122
此後	122
新世界	122
告發	122
埋岸	122
磁	122
救護	122
不單止	122
奮不顧身	122
亡靈	122
陳慧嫺	122
哨兵	122
遠征	122
歷時	122
詩意	122
老本	121
邊防	121
流亡	121
弘揚	121
強忍	121
桃園	121
行開啦	121
熱身	121
行唔喐	121
洗禮	121
開唔開心	121
損耗	121
遷移	121
對戰	121
夜景	121
西九龍	121
封號	121
我記得你	121
奢	121
眼前一亮	121
分發	121
雷雨	121
字句	121
避險	121
意味着	121
唔話得	121
聯名	121
暖氣	121
唔辛苦	121
排放	121
無所事事	121
梭	121
九泉之下	121
西多士	121
滿口	121
未婚夫	121
保命	121
發冷	121
周時	121
叫咗佢	121
夾硬嚟	121
有待	121
香主	121
大理石	121
腳板底	121
呢兩條友	121
孖生	121
妍	121
準則	121
長裙	121
飛蛾	121
風月	121
減產	121
性急	121
自古以來	121
發狂	121
教育局	121
搶眼	121
草根	121
咁直接	121
沙士	121
如下	120
老竇	120
調配	120
驅除	120
雜貨	120
腳軟	120
堂食	120
六合彩	120
枝葉	120
繃	120
反攻	120
超乎	120
仇口	120
安安靜靜	120
刺痛	120
類別	120
分寸	120
水泄不通	120
碗筷	120
潛心	120
高呼	120
得心應手	120
兒童不宜	120
慎	120
家庭主婦	120
進食	120
契約	120
癖	120
放映	120
又唔喺	120
沙塵	120
學派	120
老頑童	120
披上	120
齊備	120
遮瑕	120
急症室	120
原籍	120
荒蕪	120
劫持	120
問答	120
真係難得	120
初級	120
晚霞	120
震下震下	120
伶	120
送別	120
税率	120
心服	120
豫	120
八達通	120
鬼殺咁嘈	120
凸顯	120
老人院	120
虐	120
見死不救	120
交涉	120
懸掛	120
代言人	120
受不了	120
跛腳	120
恒生	120
錯亂	120
五臟	120
恭祝	120
禮拜五	120
處方	120
屹立	120
一見如故	120
唐人街	120
瞳孔	120
玩意	120
寶箱	120
電費	120
霸權	120
捱苦	120
教士	119
彎弓	119
邸	119
銀河系	119
斗膽	119
白淨	119
搭的士	119
打家劫舍	119
壞處	119
殘餘	119
勝任	119
豬皮	119
起樓	119
忘情	119
晏子	119
汽油	119
柬埔寨	119
鼓動	119
教化	119
吸血鬼	119
哨子	119
食水	119
沉寂	119
蘇蝦	119
頌	119
溪流	119
區內	119
珍重	119
紅綠燈	119
喺宿舍	119
欺人太甚	119
一口咬定	119
邊個㗎	119
橫衝直撞	119
絕症	119
殘缺	119
人設	119
婚宴	119
教科書	119
貴為	119
班機	119
魯班	119
藉此	119
共用	119
頂端	119
墳地	119
作嘔	119
佳餚	119
唔使審	119
橫樑	119
閉翳	119
時下	119
要塞	119
戰神	119
姑丈	119
面紅耳赤	119
落花	119
跤	119
咩字	119
迎擊	119
有序	119
食咗啦	119
你得閒	119
抄家	119
皮包	119
飛魚	119
句號	119
睇新聞	119
打架	119
取捨	119
壩	119
紅心	119
岔開	119
整潔	119
浸泡	119
老虎乸	119
唔使嚟	119
好氣	119
理事	119
福分	119
電燈	119
破滅	119
教宗	119
藍籌	119
現階段	118
通啦	118
早安	118
講得通	118
通俗	118
財團	118
海豹	118
包庇	118
反正就係	118
罪魁禍首	118
幽默感	118
耿耿於懷	118
痠	118
婆娘	118
有味	118
海景	118
骷髏頭	118
薄餅	118
講到尾	118
肥嘟嘟	118
第一次世界大戰	118
冇癮	118
陡峭	118
放任	118
南昌	118
全線	118
腐蝕	118
七手八腳	118
拖手	118
戇居居	118
升降	118
招致	118
產地	118
啓奏	118
貿貿然	118
創下	118
裝出	118
贏家	118
匿埋咗	118
近住	118
超生	118
相比之下	118
戒心	118
後備	118
顏料	118
喉嚨痛	118
蚊帳	118
見下你	118
堅毅	118
大熱	118
八百里	118
典籍	118
憤憤	118
專科	118
無中生有	118
風口	118
口信	118
差役	118
女僕	118
撇開	118
懶洋洋	118
監測	118
功績	118
幹活	118
酵素	118
公積金	118
識穿咗	118
頭號	118
唔及得	118
綁匪	118
整治	118
競賽	118
鐵面	118
外援	118
內陸	118
誼	118
爭先	118
全方位	118
炸開	118
週轉	118
馴	118
須要	118
跌跌撞撞	118
變數	118
滙	118
生老病死	118
出使	118
享年	118
正題	118
單方面	118
紅樓夢	118
執照	118
雪條	118
鐵閘	118
水瓶座	118
經銷	118
照例	118
幸會	118
海膽	118
上揚	117
贓	117
泡菜	117
肥料	117
嘶	117
開拍	117
探路	117
一了百了	117
貌似	117
幸好	117
諧音	117
閃亮	117
部件	117
笑臉	117
黃道	117
冰火	117
陌	117
爵士	117
貨倉	117
唉聲嘆氣	117
我搞掂	117
戰線	117
貢品	117
刺耳	117
夜幕	117
受賄	117
鑑賞	117
痴迷	117
稀奇古怪	117
蠱惑	117
國舅	117
接送	117
市井	117
不堪設想	117
激光	117
觀感	117
吒	117
膠水	117
首爾	117
深仇大恨	117
老身	117
嵐	117
年初一	117
纏綿	117
畔	117
鍾情	117
交配	117
果醬	117
死裏逃生	117
嚟得啱	117
上衣	117
保駕	117
內應	117
定力	117
史學	117
甜言蜜語	117
審批	117
路經	117
橫財	117
告白	117
兵分兩路	117
枯燥	117
編制	117
唔咗	117
眉心	117
功率	117
又唔出聲	117
生還	117
節約	117
七嘴八舌	117
白切雞	117
傲氣	117
百思不得其解	117
出巡	117
文雅	117
小家	117
想法子	117
咻	117
笑死	117
秦安	117
連繫	117
公有	117
凱撒	117
香港大學	117
難辦	117
孕育	117
富強	117
下腳	117
生態環境	117
傲視	117
唔理點	117
飛馳	117
細佬妹	117
殺生	117
地標	117
蝦人	117
新潮	117
借貸	117
淋漓盡致	116
共事	116
落袋	116
點整	116
辱罵	116
難聞	116
禮拜三	116
奧秘	116
衣冠	116
病態	116
諗唔掂	116
時運	116
血海深仇	116
煤礦	116
兜翻	116
好客	116
好不容易	116
加碼	116
就等我哋	116
度數	116
拂	116
存錢	116
緣由	116
激親	116
白粉	116
粽子	116
濕咗	116
相聲	116
糾	116
咁睇得起	116
空隙	116
生勾勾	116
大良	116
幸災樂禍	116
摩洛哥	116
沖水	116
老是	116
散佈	116
有勞	116
把心一橫	116
恐怖分子	116
笛子	116
轉播	116
木工	116
頭尾	116
老黑	116
斤斤計較	116
陽性	116
再而三	116
魚翅	116
暗處	116
掀	116
趣事	116
誦	116
澱粉	116
男子漢大丈夫	116
節點	116
軟綿綿	116
壽星	116
引路	116
鐵青	116
足跡	116
淫婦	116
引見	116
趙括	116
公所	116
謀財害命	116
點球	116
入職	116
紗布	116
不羈	116
刑期	116
融為一體	115
辦公枱	115
攤位	115
全盤	115
噬	115
刻畫	115
外牆	115
老表	115
排擠	115
實業	115
穿越時空	115
論盡	115
知音	115
活埋	115
出乎意料	115
不費吹灰之力	115
兩尺	115
塵世	115
點歌	115
籌款	115
泉州	115
征戰	115
救助	115
食緊飯	115
相提並論	115
後遺症	115
外貿	115
有料	115
瘴氣	115
好熱啊	115
追夢	115
大嶼山	115
準許	115
冇事做	115
真繫有心	115
赤手空拳	115
狩獵	115
得逞	115
冰水	115
為所欲為	115
治療師	115
合體	115
考場	115
濫用	115
粵曲	115
來賓	115
歷史人物	115
宿舍嘅	115
拳打腳踢	115
慘痛	115
師範	115
共處	115
對打	115
典範	115
茶坊	115
醜惡	115
試用	115
挫	115
秦漢	115
附屬	115
有權有勢	115
默認	115
滲入	115
鼻樑	115
比分	115
寫實	115
墩	115
品性	115
車飛	115
段落	115
描	115
有分數	114
打側	114
儒學	114
綠衣	114
儉	114
凍結	114
西方人	114
好景	114
受制	114
陽江	114
契女	114
盟約	114
解凍	114
晚宴	114
血洗	114
花瓶	114
教派	114
痠軟	114
闖蕩江湖	114
神經病	114
動不動	114
阻隔	114
你大佬	114
路段	114
抽中	114
追女仔	114
藏寶	114
負荷	114
抵消	114
發源地	114
礦物	114
尊崇	114
山歌	114
知心	114
查實	114
轉運	114
楓葉	114
拍掌	114
盤算	114
錠	114
宴請	114
大啖大啖	114
蒙恬	114
晚期	114
客家話	114
鬆散	114
狗吠	114
晝	114
出人頭地	114
詳盡	114
正午	114
塞外	114
奪去	114
配製	114
修飾	114
梟雄	114
筋疲力盡	114
開辦	114
吹風	114
酒鬼	114
整形	114
攆	114
男人大丈夫	114
有落	114
尊稱	114
年歲	114
沉着	114
男童	114
鳥類	114
話知	114
胡蘿蔔	114
微生物	114
上湯	113
用餐	113
警隊	113
恤衫	113
文藝復興	113
戰利品	113
太貴啦	113
酬	113
怪責	113
問斬	113
墨水	113
滾動	113
調製	113
舞動	113
手冊	113
音效	113
抹黑	113
不曉	113
臣服	113
貴陽	113
光源	113
苗條	113
水仙	113
車票	113
膿	113
總司令部	113
零碎	113
療法	113
桐	113
隨處	113
屑	113
石膏	113
捨命	113
寬大	113
放牛	113
參照	113
軀體	113
求職	113
歷年	113
不公	113
小冊子	113
病危	113
手銬	113
判定	113
愛戴	113
副總司令	113
效勞	113
怪癖	113
太空人	113
食麪	113
缺失	113
仙氣	113
富庶	113
痠痛	113
真傳	113
舌尖	113
手緊	113
撞板	113
示眾	113
修訂	113
冷麪	113
死啊你	113
救生	113
嘔吐	113
咁耐以嚟	113
鼻音	113
送上門	113
昂昂	113
甘草	113
天險	113
自衞	113
身敗名裂	113
破舊	113
聲望	113
盛宴	112
天線	112
退出去	112
伸展	112
水滸後傳	112
落寞	112
車頂	112
考中	112
散亂	112
擔驚受怕	112
汝	112
戒律	112
曬冷	112
頂你個肺	112
睇住嚟	112
迎頭	112
在所難免	112
楓	112
玻璃樽	112
做證	112
報章	112
電郵	112
骨子	112
誘人	112
試過啦	112
賣力	112
一廂情願	112
善後	112
內行	112
抽離	112
揸緊時間	112
賴屎	112
疤痕	112
圍欄	112
指指點點	112
金塔	112
開檔	112
脆皮	112
攝影機	112
野味	112
會談	112
發神經	112
坐下先	112
金碧輝煌	112
家世	112
桑拿	112
代代	112
魚竿	112
西洋菜	112
隴	112
記者會	112
寓言	112
紅白	112
中國共產黨	112
笑吟吟	112
灰暗	112
蒲頭	112
靜悄悄	112
中學生	112
白晝	112
重整	112
埋沒	112
丞	112
地平線	112
執教	112
顏面	112
暖身	112
救星	112
硫磺	112
世外高人	112
簪	112
攞佢命	112
聽不見	112
無他	112
賬目	112
低聲下氣	112
親吻	112
車費	112
恨之入骨	112
下垂	112
一事無成	112
天平	112
獨生	112
衝刺	112
苦悶	112
班房	112
躺平	112
人情世故	112
編排	111
協商	111
有眼無珠	111
威水	111
耿直	111
好到極	111
腳骨	111
混雜	111
一份子	111
精奇	111
入夜	111
趕盡殺絕	111
出息	111
芳香	111
點綴	111
輪胎	111
若有所思	111
肢解	111
遙望	111
土生土長	111
大姑	111
分憂	111
務求	111
惋惜	111
苦海	111
桔	111
係啊嘛	111
菜心	111
聽唔清楚	111
門將	111
選定	111
大波	111
翹起	111
慈祥	111
藥膏	111
丁香	111
取悦	111
判刑	111
民政	111
軍醫	111
歸案	111
已婚	111
慢性	111
波子	111
訴訟	111
建功立業	111
出嘢	111
老手	111
斜斜地	111
理睬	111
千載難逢	111
行得快	111
家書	111
尉遲	111
仲有邊	111
亮相	111
紮寨	111
賭徒	110
諗錯	110
一走了之	110
炷	110
特技	110
寡不敵眾	110
在牀	110
舊水	110
落雨啦	110
嚴寒	110
穩妥	110
咁耐㗎	110
炊	110
你貴姓	110
拉黑	110
外力	110
安放	110
刁難	110
波濤	110
絕倫	110
猥瑣	110
祝壽	110
消沉	110
接二連三	110
定性	110
橡皮	110
緝拿	110
招兵買馬	110
雞乸	110
羊羣	110
真命天子	110
大單	110
職能	110
聖誕樹	110
挨近	110
長工	110
拇	110
話知你	110
孤島	110
過量	110
全長	110
派發	110
靠岸	110
酸奶	110
一旁	110
虧心事	110
天父	110
歷練	110
長空	110
自救	110
為食	110
遊山玩水	110
口紅	110
跟班	110
同位	110
一如	110
涅	110
北歐	110
猶疑	110
排場	110
卸妝	110
獸醫	110
闊落	110
復國	110
探病	110
契媽	110
直逼	110
白粥	110
菠菜	110
濕度	110
履行	110
腦電波	110
乒乒乓乓	110
遠道	110
專長	110
罪案	110
印記	110
食屎	110
霎	110
好攰啦	110
吸氣	110
德行	110
大圈	110
大場面	110
不周	109
手語	109
查房	109
傳染病	109
關税	109
近況	109
鼓吹	109
睇你個樣	109
淺色	109
內務	109
神蹟	109
劫匪	109
錄取	109
窮鬼	109
今晚去	109
寬廣	109
派別	109
貪錢	109
限度	109
通貨膨脹	109
死去活來	109
總站	109
櫥窗	109
兑	109
穀子	109
重鎮	109
你等陣	109
承接	109
涓	109
不經不覺	109
我就唔講	109
腳踭	109
冇理由㗎	109
歡迎光臨	109
不寧	109
同理心	109
專權	109
搖晃	109
滑板	109
影后	109
歉	109
啤啤	109
鋪天蓋地	109
搶佔	109
樵	109
原意	109
物產	109
冷氣機	109
粘	109
回程	109
慢火	109
實證	109
停工	109
璀璨	109
臨陣	109
阻撓	109
牧民	109
莽撞	109
錄像帶	109
得意洋洋	109
梳妝枱	109
嬌小	109
啪啪聲	109
早啲瞓	109
契機	109
辛辣	109
調解	109
兼備	109
無理取鬧	109
光景	109
作息	109
推卸	109
包保	109
發揚	109
銅鑼	108
結晶	108
淑女	108
漫遊	108
方程式	108
射手	108
曹魏	108
威士忌	108
課本	108
看上	108
千鈞一髮	108
續集	108
鼴鼠	108
暢快	108
一齊送	108
飄揚	108
度高	108
野餐	108
旯	108
重播	108
藍圖	108
蘿蔔糕	108
佣金	108
冷親	108
歌頌	108
原告	108
天主	108
在心中	108
伊拉克	108
平常人	108
起跑線	108
關切	108
蛇王	108
離岸	108
山行	108
藴藏	108
定落嚟	108
絲巾	108
跳嚟跳去	108
腹肌	108
杭	108
意識形態	108
嘲諷	108
剩得	108
玉佩	108
資本主義	108
智利	108
接報	108
改嫁	108
安分	108
拜會	108
猜疑	108
擺動	108
入市	108
日曆	108
入會	108
失調	108
冇位	108
奢望	108
博大精深	108
西伯利亞	108
抒發	108
斑斕	108
以為我係	108
遲下	108
扭計	108
奄奄一息	108
思前想後	108
膀胱	108
平安夜	108
黑幫	108
謀求	108
沙石	108
看透	108
相撞	108
開門見山	108
備註	108
啊哥	108
桂枝	108
酵母	108
切碎	108
打轉	108
聽得見	108
自轉	108
免疫力	108
蒼蒼	107
重啓	107
急性	107
英女王	107
提點	107
生猛	107
老抽	107
慕尼克	107
賣國	107
社保	107
胸懷	107
傷悲	107
大選	107
山長水遠	107
鋁	107
考量	107
海內	107
號角	107
避忌	107
維尼	107
做生日	107
惹是生非	107
有我喺度	107
筆下	107
別緻	107
良將	107
撕爛	107
寧夏	107
反之	107
北韓	107
親眼所見	107
三百六十度	107
山墳	107
發散	107
挺直	107
黑錢	107
喺邊呢	107
牽動	107
賜予	107
心腹大患	107
洞府	107
輪候	107
配對	107
講座	107
食自己	107
於心不忍	107
封印	107
截然不同	107
勢不兩立	107
接力	107
槍頭	107
上畫	107
雙人	107
打拳	107
長凳	107
白羊座	107
睇樓	107
共產主義	107
死力	107
五金	107
配樂	107
遵命	107
又變咗	107
崇尚	107
河粉	107
人頭湧湧	107
矚目	107
踏足	107
禍患	107
紅葉	107
牙籤	107
發咗癲	107
紫菜	107
菜譜	107
力大無窮	107
褪後	107
看法	107
遭殃	107
抱不平	107
專櫃	107
眼淚汪汪	107
舉足輕重	107
大傻	107
人之常情	107
久仰	107
纜	106
跟前	106
揀中	106
趙軍	106
媒介	106
一九四九年	106
病菌	106
吸納	106
邊一年	106
公共汽車	106
識打	106
沒用	106
替換	106
死死下	106
如願	106
拍拖啦	106
黃袍	106
叉燒包	106
社長	106
痛罵	106
暢銷	106
黑椒	106
萬有引力	106
彰顯	106
睹	106
假髮	106
個鏡	106
唔揾	106
末尾	106
天文學	106
結怨	106
分公司	106
自行車	106
囤積	106
租客	106
輩份	106
説明書	106
一望無際	106
狐仙	106
戰鬥機	106
牽引	106
變異	106
十全十美	106
酒鋪	106
目前為止	106
放空	106
情愛	106
魔掌	106
詆譭	106
同謀	106
拱門	106
衰神	106
貫徹	106
停戰	106
真言	106
讚不絕口	106
助力	106
牀板	106
福晉	106
肝臟	106
悲歡離合	106
填寫	106
滯後	106
差點	106
姻	106
榮格	106
階梯	106
頂我	106
女強人	106
盜竊	106
犯規	106
未啦	106
奪命	106
打爆	106
勉	106
眸	106
窒咗一下	106
滅門	105
凋零	105
排毒	105
肥婆	105
彈弓	105
客串	105
荔	105
同性	105
靈柩	105
增進	105
藏有	105
言下之意	105
衙內	105
煙頭	105
豆沙	105
牌匾	105
虛名	105
告終	105
合夥人	105
樹蔭	105
經手	105
預留	105
鬼話	105
呆滯	105
鐵鈎	105
各式	105
西寧	105
同齡	105
軍力	105
老千	105
原野	105
高昂	105
猿	105
順流	105
善哉善哉	105
通縮	105
沖洗	105
水災	105
大口氣	105
物證	105
銅錘	105
高幹	105
退步	105
怯	105
灌醉	105
不單	105
席位	105
禁地	105
最低限度	105
隨和	105
受氣	105
振興	105
萬聖節	105
無拘無束	105
救國	105
手榴彈	105
發毛	105
雜貨鋪	105
吃喝玩樂	105
雨傘	105
節氣	105
醉意	105
乒乓	105
神秘莫測	105
水泡	105
白領	105
文科	105
士人	105
起舞	105
咩錢	105
吹走	105
萬夫不當	105
睇死	105
海洋公園	105
明天見	105
熱衷	105
味精	105
知不知	105
內徑	105
射門	105
花紅	105
散播	105
積木	105
研製	105
蝌蚪	105
混淆	105
崩盤	105
冷藏	105
裝香	105
傻更更	105
流口水	104
唔錯唔錯	104
結伴	104
國籍	104
有之	104
儀表	104
不軌	104
賞月	104
私情	104
跌落地下	104
棉花糖	104
徒步	104
縮水	104
妖孽	104
入主	104
盟友	104
賭客	104
繼任	104
馬刀	104
牽扯	104
唔使問阿貴	104
家底	104
請願	104
換咗佢	104
一於咁話	104
一時三刻	104
詮釋	104
錄音機	104
言之有理	104
絲瓜	104
大勢已去	104
睇水	104
後患無窮	104
抽水	104
雀鳥	104
神壇	104
視而不見	104
搞清	104
失陷	104
喪命	104
粗心大意	104
凍親	104
小聲	104
你一陣	104
惱	104
美感	104
發抖	104
冇效	104
含蓄	104
一命嗚呼	104
冇女	104
麪人	104
變性	104
惹禍	104
矯正	104
我同你去	104
碎裂	104
褂	104
啓德	104
嚟遲咗	104
地基	104
限時	104
巫師	104
走都走唔切	104
親臨	104
碰硬	104
髀	104
起心	104
鳳眼	104
檀	104
結冰	104
海綿	104
有損	104
送院	104
內幕	104
河涌	104
會考	104
客服	104
按下	104
曙光	104
鑑於	104
跟斗	104
馬力	104
熱血沸騰	104
行唔通	104
遷都	104
味蕾	104
刊登	104
大餅	104
口風	104
聖賢	104
踐	104
唔准	104
銘記	104
體態	104
小動作	104
追債	104
唔知死	103
養家	103
貪贓枉法	103
草帽	103
修長	103
開光	103
面青口唇白	103
楊秀清	103
和善	103
推車	103
安眠藥	103
清算	103
諗頭	103
短打	103
凸起	103
股息	103
勒馬	103
茅山	103
沖沖	103
吞吞吐吐	103
入定	103
搖動	103
有眼光	103
口述	103
不切實際	103
大言	103
戲子	103
勞碌	103
班底	103
更進一步	103
好掂	103
又冇咗	103
領養	103
約好咗	103
紳	103
微軟	103
畫作	103
多多保重	103
歹徒	103
下低	103
界定	103
副作用	103
放喺地下	103
鄙	103
偉人	103
合理化	103
菜館	103
隸	103
獨居	103
甜頭	103
旱災	103
藥酒	103
嗖	103
蟒	103
隨心所欲	103
沽	103
神童	103
槐樹	103
平平無奇	103
燈火通明	103
勝在	103
太婆	103
包頭	103
檀香	103
艱	103
眺望	103
膳	103
塞爾維亞	103
小康	103
攞落嚟	103
下課	103
排山倒海	103
型號	103
乳鴿	103
範文	103
你係邊位	103
金箔	103
嬉	103
痊癒	103
着落	103
預見	103
洗曬	103
廉潔	103
條毛	103
琛	103
好耐好耐之前	103
從來沒	103
困苦	103
慢慢食	103
熱淚	103
我都話我	103
引爆	103
弘	103
鋪路	103
古國	103
有幾重	103
量詞	103
老花	103
高爾夫球	103
生火	103
滿門抄斬	103
統稱	103
圖章	102
弊在	102
溢	102
養分	102
敗兵	102
戰事	102
走難	102
續期	102
情緣	102
穿搭	102
法理	102
上環	102
一如既往	102
膳食	102
矛頭	102
首腦	102
蕩失	102
貨真價實	102
爭先恐後	102
生定	102
骨架	102
好凍啊	102
惡作劇	102
言談	102
冇得傾	102
標榜	102
温情	102
揣摩	102
喺唔喺度	102
消逝	102
外傷	102
拖地	102
效用	102
客機	102
敞開	102
無可厚非	102
放膽	102
處決	102
嚴禁	102
出貨	102
繁複	102
稠	102
動向	102
訴求	102
咁多人嘅	102
苦痛	102
一併	102
冇嘢啊嘛	102
電光火石	102
螄	102
怕怕	102
少於	102
嚴守	102
係我講嘅	102
呢隻	102
名次	102
智能手機	102
熱淚盈眶	102
舜	102
回聲	102
攔住我	102
有得佢	102
新冠病毒	102
住屋	102
沿着	102
部頭	102
馬可波羅	102
火葬場	102
暢順	102
耙	102
終須	102
碎屍	102
累死	102
盤查	102
平方尺	102
天資	102
食晏	102
首期	102
素顏	102
斷估	102
菠蘿包	102
十樓	102
唔方	102
戲曲	102
運路	102
軟熟	102
辣手	102
菜花	102
入殮	102
低温	102
木匠	102
唔合適	102
京劇	102
後頭	102
標的	102
寶地	102
情有可原	102
揚言	102
好眼	102
為真	101
天馬行空	101
蛛	101
如期	101
碰見	101
緊逼	101
攀爬	101
辟邪	101
名著	101
芹菜	101
來年	101
北行	101
山雞	101
以後嘅事	101
沉淪	101
關帝	101
門牌	101
糊里糊塗	101
詡	101
潺	101
花甲	101
冇腦	101
眷戀	101
香港電影金像獎	101
杯麪	101
好耐之後	101
炮台	101
傾閒偈	101
後顧之憂	101
保温	101
目測	101
故作	101
安分守己	101
押後	101
火石	101
偏袒	101
噴霧	101
藝品	101
玄機	101
白頭髮	101
比重	101
穿透	101
賣弄	101
含冤	101
謝罪	101
生死存亡	101
青藏高原	101
背包	101
如此類推	101
外籍	101
飯桶	101
換啦	101
款項	101
水電	101
良方	101
鬼古	101
敢死隊	101
得啦啩	101
攞你命	101
協定	101
受唔起	101
美化	101
奇景	101
贖金	101
巧克力	101
鴕鳥	101
定向	101
大號	101
銀幕	101
裝作	101
一哥	101
白頭到老	101
甘蔗	101
吸食	101
打震	101
重出江湖	101
腰斬	101
酒氣	101
起因	101
孤僻	101
架撐	101
時份	100
行醫	100
掀開	100
猾	100
生食	100
等閒之輩	100
意中人	100
郊遊	100
內斂	100
上賓	100
頭銜	100
裔	100
點菜	100
剩餘	100
暗瘡	100
音符	100
放得低	100
剔除	100
櫥	100
超凡	100
三房	100
板凳	100
鐮刀	100
派頭	100
二十五日	100
不許	100
只等	100
心不在焉	100
淮山	100
火雞	100
盡興	100
寄生	100
藤條	100
網吧	100
吵鬧	100
龍尾	100
脱落	100
馬會	100
唔使驚㗎	100
包起	100
風霜	100
淋水	100
十惡不赦	100
思想家	100
深圳灣	100
猜忌	100
害羞	100
心驚膽戰	100
侍應	100
償還	100
出生入死	100
聲都震	100
評審	100
受訪	100
直指	100
籽	100
戒煙	100
懵咗	100
演練	100
眯住	100
遮擋	100
賬單	100
溯	100
温習	100
層出不窮	100
潮州話	100
麻包袋	100
忍氣吞聲	100
法制	100
領事	100
商機	100
夜場	100
磨合	100
大盜	100
淚痕	100
棲身	100
直通	100
並用	100
滑梯	100
游泳池	100
綠葉	100
光速	100
劍擊	100
頒發	100
奇觀	100
倒出嚟	100
預謀	100
家嫂	100
艱險	100
轉達	100
相距	100
疑神疑鬼	100
冰封	99
例如呢	99
焦糖	99
眼中釘	99
輕身	99
過境	99
我唔得閒	99
來生	99
殘兵敗將	99
哭訴	99
紗帽	99
曦	99
順風順水	99
叛變	99
廣島	99
長成	99
沖涼啦	99
理得佢	99
少年人	99
勾搭	99
爽朗	99
回本	99
額度	99
開場白	99
自然環境	99
硬淨	99
短促	99
排長	99
捉鬼	99
取向	99
列隊	99
指點江山	99
水土	99
填海	99
晉級	99
請便	99
出神	99
水餃	99
不堪一擊	99
銷售額	99
至極	99
開河	99
咩時間	99
相貌堂堂	99
印度教	99
晁	99
衰樣	99
完事	99
大佛	99
芝加哥	99
念舊	99
亢	99
大使館	99
請柬	99
收容	99
繁衍	99
尊姓大名	99
含淚	99
大把錢	99
蔬果	99
累計	99
積水	99
富士山	99
花花公子	99
日語	99
一蚊雞	99
之嘛	99
地表	99
遠望	99
神魂顛倒	99
虛無	99
藥性	99
搭檔	99
權衡	99
卸下	99
優勝	99
懲戒	99
亞軍	99
廠房	99
切實	99
關押	99
店長	99
乳房	99
臣妾	99
私通	99
部屬	99
小人物	99
見機行事	99
力學	99
修道院	99
半途而廢	99
金牛	99
漁村	99
聽下聽下	99
葱頭	99
枉費	99
冤啊	99
頂替	99
禮堂	98
震懾	98
日光日白	98
西環	98
束手就擒	98
天然氣	98
沼	98
放狗	98
會否	98
當紅	98
窮困	98
例行	98
天衣無縫	98
脱穎而出	98
剋	98
失敗者	98
峯頂	98
編織	98
色調	98
中槍	98
雷達	98
半透明	98
胸有成竹	98
起色	98
和藹	98
行先一步	98
三六九	98
傀儡	98
慘不忍睹	98
堅果	98
小喇叭	98
星際	98
紙幣	98
扛	98
接獲	98
白痴仔	98
暨	98
俯瞰	98
勁過	98
集齊	98
結算	98
隔咗好耐	98
囱	98
生事	98
承包	98
定係點	98
粉腸	98
滔滔不絕	98
高粱	98
突擊	98
濃密	98
器具	98
超然	98
出價	98
落荒而逃	98
留步	98
摧殘	98
存在感	98
澗	98
酬勞	98
蘋果樹	98
死板	98
數唔清	98
賽場	98
檸檬茶	98
賢能	98
照住佢	98
順眼	98
風潮	98
攝取	98
打錯	98
就緒	98
忿	98
當值	98
疲乏	98
宗族	98
中文字	98
珍珠奶茶	98
唐人	98
山火	98
刺繡	98
博客	98
紅寶石	98
俠義	98
搶嘢	98
棟樑	98
栩栩如生	98
巴士站	98
遙控	98
哮	98
官網	98
疹	98
纜車	98
原作	98
官老爺	98
全球暖化	98
股災	97
類比	97
街燈	97
同感	97
夭折	97
米酒	97
孤寂	97
瀏覽	97
驟雨	97
在天之靈	97
心下	97
分外	97
唔好受	97
驅趕	97
素材	97
下盤	97
中國大陸	97
農莊	97
不外乎	97
昊	97
真心話	97
欠債	97
原狀	97
對開	97
貪念	97
好唔好食	97
清純	97
眉飛色舞	97
陰濕	97
苦水	97
悔改	97
倒掛	97
聚餐	97
精壯	97
髮型師	97
皇朝	97
勇往直前	97
考取	97
臨朝	97
作威作福	97
挑動	97
結業	97
明信片	97
無話可説	97
韻味	97
資歷	97
辮	97
渺茫	97
照直講	97
起死回生	97
白宮	97
觸及	97
捕獲	97
風勢	97
手續費	97
廣東歌	97
牀尾	97
退化	97
波及	97
徵兆	97
熟睡	97
宣戰	97
呼風喚雨	97
抗爭	97
禪宗	97
大牀	97
稻田	97
短篇	97
睇唔開	97
偷拍	97
院友	97
破費	97
掙脱	97
抗生素	97
煲劇	97
博彩	97
剪片	97
講開又講	97
低能	97
攞下	97
拋低	97
野性	97
死火	97
稀土	97
評級	97
潛逃	96
忍痛	96
釘咗	96
藍牙	96
測字	96
拍拖啊	96
問緊	96
剪刀	96
瞻	96
半斤八兩	96
瑤柱	96
七樓	96
不可告人	96
熬夜	96
飛黃騰達	96
二十八日	96
官爵	96
輕柔	96
來者	96
好好飲	96
左右手	96
大命	96
引薦	96
工種	96
小意思	96
堤壩	96
理直氣壯	96
講穿	96
龍脈	96
滿天星	96
散席	96
轉交	96
我部車	96
本相	96
爆雷	96
淋濕	96
千真萬確	96
叫陣	96
與共	96
冇得頂	96
下半世	96
五穀	96
下家	96
影壇	96
話劇	96
病假	96
濠	96
甜點	96
樸實	96
預訂	96
青睞	96
諗緊嘢	96
可取	96
縱橫	96
入黑	96
頂點	96
轉角	96
再瞓	96
閉目養神	96
連年	96
要生要死	96
最多我	96
煩悶	96
暖粒粒	96
減退	96
接班人	96
方形	96
今晚黑	96
刊	96
羚羊	96
頹廢	96
醜八怪	96
重創	96
波濤洶湧	96
歸根	96
格鬥	96
向日葵	96
絕境	96
短裙	96
處女座	96
擂鼓	96
除夕	96
台中	96
追捧	96
不乏	96
欺詐	96
冇得彈	96
緩衝	96
多倫多	96
三十六計	96
升温	96
恐懼感	96
沸	96
繭	96
吹噓	95
瀝	95
當正	95
久違	95
收音	95
認識自己	95
姦淫	95
鹹水	95
肋	95
考官	95
腥風血雨	95
崩塌	95
明媚	95
熱誠	95
屋樑	95
辯駁	95
魄力	95
竅門	95
着陸	95
恆心	95
贓物	95
講起佢	95
為民除害	95
紋路	95
好快啦	95
上榜	95
身經百戰	95
接駁	95
領事館	95
山川	95
大陣仗	95
空缺	95
手筆	95
大麻	95
跑上	95
葱花	95
歧	95
安安樂樂	95
狡辯	95
歌劇	95
降頭	95
收科	95
鎮台	95
人日	95
講價	95
礦燈	95
關子	95
雜亂	95
傾掂	95
啲咁大	95
鮮奶	95
臀	95
多姿多彩	95
切身	95
根深蒂固	95
已故	95
傍	95
經濟體	95
刀手	95
刁民	95
行俠仗義	95
斂	95
水戰	95
格格不入	95
定型	95
雞雞	95
食咩啊	95
駝背	95
不辭而別	95
疏散	95
炮轟	95
精叻	95
哀家	95
識咗佢	95
過冬	95
難能可貴	95
重新做人	95
見效	95
削減	95
小巧	95
四仔	95
頭頭是道	95
波瀾	95
肥豬肉	95
二十一世紀	95
健壯	95
青魚	95
海岸線	95
評定	95
得切	95
草坪	95
空位	95
遊戲規則	95
喳	95
墓穴	95
無懼	95
烏頭	94
冇影	94
夏朝	94
嬅	94
收視率	94
許可	94
敗家仔	94
集資	94
嗚呼	94
為啥	94
婚約	94
榜首	94
車速	94
越野	94
納税	94
錯綜複雜	94
邪術	94
着鞋	94
肉骨茶	94
操兵	94
小徑	94
喺道	94
紙皮	94
家宅	94
赫	94
師長	94
只准	94
隔音	94
越戰	94
會計師	94
唔慌	94
巫術	94
時髦	94
迷途	94
秦孝公	94
保長	94
後巷	94
矮細	94
踴躍	94
想要咩	94
虧欠	94
林立	94
螳螂	94
岱	94
笑口吟吟	94
公營	94
胡亂	94
莎士比亞	94
表嫂	94
封口	94
潛艇	94
傻下	94
居屋	94
我發夢	94
好歹	94
揾工	94
東區	94
氫	94
力不從心	94
埋名	94
似的	94
好瞓	94
卞	94
內室	94
我中意你	94
思量	94
齊集	94
前天	94
笑點	94
老婆仔	94
又中	94
神學	94
射住	94
最好不過	94
南征北戰	94
機組	94
嵩	94
迴心轉意	94
蒲公英	94
手寫	94
鮮卑	94
港珠澳大橋	94
兵役	94
死佬	94
律法	94
除衫	94
有分寸	94
友人	94
第一聲	94
凡夫俗子	94
黑猩猩	94
車尾	94
我記得係	94
縮減	94
直落	94
音節	94
分居	94
日用品	94
搬翻	94
扣押	94
牙痛	94
敗類	94
工錢	94
異地戀	94
牛高馬大	93
總店	93
媛	93
勞力	93
落花流水	93
不敵	93
引人注目	93
白字	93
點子	93
無處不在	93
下落不明	93
去定	93
風吹草動	93
堅實	93
氣數	93
立心	93
催生	93
婿	93
糯	93
今宵	93
善有善報	93
自選	93
大都會	93
高清	93
國難	93
湊大	93
圍棋	93
點數	93
齊名	93
世伯	93
面無人色	93
容器	93
變現	93
好哇	93
遊記	93
失靈	93
茶居	93
北緯	93
光圈	93
神位	93
倉鼠	93
奉行	93
歸咎	93
剩返	93
週二	93
少之又少	93
獅子山	93
永別	93
厲鬼	93
户籍	93
書櫃	93
嘩啦	93
石屎	93
獨攬	93
兆頭	93
滷	93
呢一味	93
牛精	93
頭破血流	93
中上	93
太皇	93
波士頓	93
打電報	93
確鑿	93
黑星	93
屠夫	93
回心轉意	93
擂	93
自居	93
唔夠佢打	93
皆大歡喜	93
飛越	93
相親相愛	93
機師	93
棲	93
倖免	93
皮蛋	93
誅殺	93
形體	93
馬戲團	93
梅菜	93
犯太歲	93
如是者	93
骨髓	93
青春期	93
長毛	93
綽綽有餘	93
幾年來	93
洗劫	93
色情	93
洞察	93
蘭州	93
玩玩下	93
昧	93
軍頭	93
死人頭	92
定點	92
畢生	92
墨爾本	92
武打	92
唔短	92
教義	92
生物學	92
俊俏	92
體檢	92
私立	92
我叫佢哋	92
姐姐仔	92
因為喺我	92
計咗	92
透視	92
受用	92
手手腳腳	92
加密	92
揮霍	92
西王母	92
轉工	92
觀測	92
語感	92
口臭	92
門市	92
外皮	92
惡有惡報	92
霧氣	92
啼	92
大庭廣眾	92
大閘蟹	92
陰涼	92
首府	92
轉圈	92
升任	92
試過有一次	92
陶器	92
印花税	92
保加利亞	92
譏諷	92
硅	92
署名	92
看台	92
開動	92
水滴	92
野花	92
驚慌失措	92
跨國	92
耀武揚威	92
發展商	92
透支	92
飄飄然	92
靈車	92
乾枯	92
荃	92
歡快	92
教皇	92
多於	92
文昌	92
馬場	92
乞兒	92
合桃	92
心驚膽跳	92
啱心水	92
沉靜	92
病徵	92
乒	92
百厭	92
鬥法	92
手起刀落	92
染上	92
春季	92
舊啲	92
取名	92
纏身	92
小肚	92
預示	92
兩老	92
至上	92
你先係	92
神速	92
繁多	92
令尊	92
公演	92
平起平坐	92
增援	92
激死我	92
文憑	92
籬	92
隍	92
發黑	92
必經之路	92
仲有啲嘢	92
無名指	92
入室	92
浮躁	92
丸仔	92
功利	92
芥	92
句型	92
山巒	91
拋頭露面	91
受眾	91
代表人物	91
貪得無厭	91
衰女	91
省市	91
梁啓超	91
壞啊	91
曠野	91
奪目	91
顯靈	91
聽取	91
實惠	91
頂硬上	91
匈牙利	91
炒蛋	91
槍桿	91
河內	91
貫通	91
廠家	91
外孫	91
處心積慮	91
目不轉睛	91
煜	91
伎	91
一發不可收拾	91
你發夢	91
茶包	91
報喜	91
皮草	91
口水花	91
試音	91
瘦削	91
監房	91
今早	91
前奏	91
橋底	91
估話	91
通判	91
玩到大	91
接頭	91
展品	91
諗唔開	91
小腸	91
列舉	91
顫	91
白羊	91
怕且	91
大眾點評	91
偉哥	91
樓台	91
茶點	91
救治	91
擦鞋	91
金主	91
燒燬	91
跣	91
落車啦	91
場館	91
好衰唔衰	91
軍警	91
老成	91
我冇啊	91
剪接	91
雌雄	91
彈奏	91
自愛	91
天體	91
少將	91
瞓一覺	91
學到嘢	91
泰銖	91
跳高	91
書面語	91
威威	91
服輸	91
冤鬼	91
低音	91
熠	91
生硬	91
剎那間	91
字形	91
虛張聲勢	91
中歐	91
隱姓埋名	91
耳熟能詳	91
決絕	91
溝埋	91
不朽	91
捕頭	91
縣衙門	91
開羅	91
花枝	91
正方形	91
不俗	91
偏愛	90
調養	90
冒險者	90
餐桌	90
高深莫測	90
實不相瞞	90
悼念	90
告密	90
放大鏡	90
仲估	90
姨太太	90
大哥大	90
小吃	90
小費	90
再犯	90
隔夜	90
雌性	90
松子	90
修讀	90
語句	90
道統	90
充其量	90
行得通	90
徒手	90
總局	90
零日	90
魂不附體	90
補上	90
風土人情	90
強項	90
迭	90
別有用心	90
長褲	90
妨	90
擠喺	90
敵我	90
為善	90
咕嚕肉	90
予	90
卜卜	90
山窮水盡	90
狼狗	90
秋葵	90
煙韌	90
公牛	90
牢固	90
歡欣	90
優待	90
郊野	90
隨心	90
搏一搏	90
郵輪	90
戎	90
嘀	90
水汪汪	90
天外有天	90
返屋企嘅	90
排水	90
粗俗	90
一鼓作氣	90
仕途	90
要做咩	90
琴晚黑	90
太上皇	90
清閒	90
吊燈	90
單挑	90
百佳	90
卡啦	90
靈媒	90
出口啊	90
獵槍	90
邁向	90
花卉	90
並列	90
繼續瞓	90
屆時	90
高難	90
温飽	90
之不過	90
嶼	90
你咁叻	90
瘤	90
秋季	90
投注	90
自強	90
撇除	90
素有	90
並存	90
嬉皮笑臉	90
豆腐花	90
以此為	90
麪包車	90
有冇問題	90
兇殺案	90
睇得開	90
決意	90
嚴陣以待	90
自創	90
懇	90
舊底	90
咋噃	90
參演	90
淤泥	90
洗塵	90
隻身	90
民不聊生	90
開銷	90
咎	90
衰竭	90
高攀	90
啾	90
過去先	90
毫子	90
手刀	90
聽命	90
抽取	89
闖禍	89
拉斯維加斯	89
少不免	89
痴痴呆呆	89
鮮美	89
籃球場	89
梧桐	89
保險箱	89
一朝早	89
竹筍	89
寒冬	89
蠢蠢欲動	89
世界級	89
黑無常	89
噼噼	89
發牌	89
偷窺	89
蠢材	89
金牛座	89
繁瑣	89
礙於	89
同生共死	89
人妖	89
橫向	89
唔愛你	89
鵝肝	89
怨念	89
嘍囉	89
記住咗	89
食得啦	89
開片	89
惡夢	89
旁白	89
幾大都要	89
合夥	89
罈	89
喧鬧	89
芊	89
坑渠	89
三心兩意	89
妒	89
心急如焚	89
報社	89
蹈	89
租借	89
死死地氣	89
聘禮	89
去撩	89
軍令狀	89
整色整水	89
影院	89
活命	89
神神秘秘	89
原汁原味	89
心理作用	89
先秦	89
整濕	89
揣測	89
替死鬼	89
薄面	89
青梅竹馬	89
音質	89
不為人知	89
提攜	89
畫風	89
腳踏實地	89
光顧	89
鬼頭	89
重口味	89
衷	89
牽強	89
算係咁	89
論證	89
揚長而去	89
通姦	89
擴建	89
深藏不露	89
世尊	89
重型	89
開台	89
雨季	89
裁決	89
控方	89
降級	89
籠絡	89
二等	89
唔只	89
以其人之道	89
四時	89
水温	89
殘舊	89
土地公	89
漁業	89
發亮	89
有行	89
唔好提啦	89
屬實	89
塗家	89
篇章	89
警長	89
長跑	89
凝神	89
聽天由命	89
純樸	89
發問	89
親耳	88
慢慢講啦	88
屎坑	88
洗馬	88
三重	88
目無表情	88
嘭嘭聲	88
憐惜	88
分清	88
陳舊	88
必經	88
白白淨淨	88
變賣	88
無望	88
遮蓋	88
淡忘	88
卑鄙無恥	88
似模似樣	88
探頭	88
嬲死	88
見仁見智	88
點唱	88
頭痕	88
矯健	88
忐忑	88
英尺	88
整日	88
南華	88
中間人	88
任期	88
從命	88
招安	88
簽到	88
裸體	88
四五日	88
發夢都諗唔到	88
震天動地	88
等下先	88
火上加油	88
劈啪	88
你想我點	88
打救	88
風調雨順	88
藐視	88
洗頭水	88
力求	88
封存	88
受惠	88
問心無愧	88
明火	88
近親	88
平反	88
拘	88
輪換	88
鬼知	88
揚威	88
共和黨	88
斟酌	88
笨蛋	88
天皇	88
呷	88
老練	88
乾柴	88
優異	88
押韻	88
廝	88
誹謗	88
搏殺	88
深化	88
出資	88
喬裝	88
毒打	88
有喜	88
坐視不理	88
禁錮	88
倭	88
戰機	88
施禮	88
防盜	88
豬肚	88
中文大學	88
坐鎮	88
事隔	88
後尾枕	88
都夠啦	88
少主	88
碧綠	88
呢班嘢	88
簡易	88
戰隊	88
腹地	88
不知名	88
譯名	88
喪生	88
謹記	88
敬業	88
幾步腳	88
一朝一夕	88
憂心忡忡	88
我應承你	88
真係叻	88
肖像	88
冇機	88
賣家	88
唱好	88
朝夕	88
由衷	88
大志	88
榨	88
適量	88
根底	88
好唔好彩	88
發爛渣	88
壓榨	88
竊	88
鞍	88
敬愛	88
相當好	88
重陽節	88
印章	88
斜對面	88
樓底	88
化療	87
茶花	87
涉獵	87
人力資源	87
暴富	87
等閒	87
搞咩啊	87
並排	87
去掉	87
門診	87
大力士	87
信眾	87
乘虛而入	87
我掛住	87
凍過水	87
曾幾何時	87
做愛	87
賢良	87
失效	87
合拍	87
父系	87
一頭半個月	87
立正	87
狡詐	87
驚豔	87
民警	87
對外開放	87
運費	87
的當	87
拍手掌	87
全權	87
豁達	87
視頻聊天	87
混蛋	87
芭蕉	87
辭去	87
排解	87
行使	87
下海	87
備戰	87
損毀	87
攀升	87
國務院	87
內奸	87
完場	87
散心	87
升呢	87
公職	87
真心真意	87
反差	87
護身符	87
宣判	87
絕交	87
宿主	87
摩托	87
載體	87
通曉	87
發呆	87
黨羽	87
干戈	87
即食	87
説不定	87
格調	87
獵犬	87
蔚	87
不可理喻	87
褲腳	87
拉啊	87
國母	87
民意	87
獻身	87
肢	87
蚊子	87
肉赤	87
傳教	87
擔架	87
乞人憎	87
偏激	87
同仁	87
天真無邪	87
重申	87
蒸籠	87
亂咁嚟	87
語無倫次	87
伙伴	87
迴旋	87
執意	87
來訪	87
一個樣	87
放喺呢度	87
化痰	87
賀歲	87
守則	87
鳴金收兵	87
魚骨	87
得閒啦	87
大呼小叫	87
歌神	87
法老王	87
潔淨	87
刺刀	87
長命百歲	86
你想喺	86
陳年	86
嘢玩	86
詭秘	86
同我媽	86
嶄新	86
兼任	86
貝多芬	86
行徑	86
聯繫方式	86
冇益	86
露宿	86
共濟會	86
士卒	86
圖謀不軌	86
神手	86
諗返	86
始祖	86
客套	86
超前	86
主戰	86
刀兵	86
起勢咁	86
四強	86
有骨	86
魂飛魄散	86
加冕	86
廣州啦	86
枝頭	86
露出馬腳	86
話語權	86
地雷	86
捨身	86
黑超	86
裙子	86
保護費	86
多的是	86
藏書	86
更替	86
刮目相看	86
立春	86
陰陰嘴笑	86
屠宰	86
同佢分手	86
鐵砂	86
拍子	86
異想天開	86
掉頭就走	86
丟假	86
孫行者	86
躊躇	86
紅牌	86
片面	86
敦煌	86
啼哭	86
沙包	86
憑證	86
喐唔喐	86
合資	86
半數	86
北約	86
始於	86
現年	86
垮	86
中國話	86
追憶	86
櫻	86
回憶錄	86
錄低	86
服食	86
亂糟糟	86
免受	86
三板	86
消災	86
格式	86
渙	86
打鑼	86
小籠包	86
峯會	86
開疆	86
母乳	86
親民	86
椒鹽	86
文采	86
港大	86
亞太	86
黃瓜	86
唔三唔四	86
洗牌	86
懦夫	86
大難不死	86
神化	86
冇出息	86
咁興	86
俐	86
禮數	86
勢如破竹	86
原配	86
會戰	86
勞氣	86
漣漪	86
收線	86
入神	86
心平氣和	86
賴皮	86
騷動	86
溶解	86
熟牛肉	86
福音	86
天下大事	86
衣食住行	86
零星	86
國際化	86
有機可乘	86
純熟	86
人妻	86
毆打	86
維也納	86
主菜	86
搞嘢	86
事理	86
序幕	86
本住	86
水貨	86
監犯	85
貨櫃	85
微小	85
蒼生	85
見面禮	85
下世	85
扒手	85
臟	85
人跡	85
花天酒地	85
郵局	85
日用	85
詐病	85
下功夫	85
鏽	85
三點三	85
船主	85
不失為	85
侵襲	85
撈麪	85
門牙	85
堂口	85
航道	85
踐踏	85
得人心	85
沖涼啊	85
唔中用	85
去啦去啦	85
心算	85
猛衝	85
嘥氣	85
極光	85
夜明珠	85
錄音帶	85
牛一	85
國學	85
搞乜鬼啊	85
女魔頭	85
牛黃	85
打個突	85
個噃	85
雜質	85
唔打啦	85
對號入座	85
瀾	85
置業	85
自爆	85
僚	85
女色	85
瘦弱	85
落日	85
殘骸	85
跟從	85
缺席	85
何解	85
生日會	85
雪崩	85
密實	85
水溝	85
營房	85
得主	85
阿拉斯加	85
字樣	85
喪屍	85
跳海	85
睇就睇	85
音色	85
作死	85
天昏地暗	85
兜嚟兜去	85
護駕	85
燒傷	85
僵局	85
張望	85
疑難	85
誤以為	85
羊毛	85
安安穩穩	85
癒合	85
一竅不通	85
試點	85
打底	85
何嘗唔係	85
諧	85
傳教士	85
華裔	85
你要嘅	85
逞強	85
玻璃杯	85
緊縮	85
曆法	85
大熊貓	85
炕	85
去廣告	85
闊度	85
亢奮	85
入座	85
浮沉	85
蛇島	85
行船	85
撲滅	85
懼怕	85
陳設	85
開端	85
全能	85
死不瞑目	85
暴龍	85
皮袍	85
暴風	85
郵票	85
過日	85
舒展	85
有氣無力	85
勾心鬥角	85
失常	85
泰勒	85
大錯特錯	85
生字	85
親朋戚友	85
噴泉	85
冇害	85
冰河	85
魔法師	85
貼文	85
淤	85
廁紙	85
萍水相逢	84
竹葉青	84
罷免	84
新陳代謝	84
走鬼	84
礦工	84
雌	84
客場	84
一怒之下	84
鱗	84
聞所未聞	84
它們	84
大難臨頭	84
遺失	84
落鑊	84
疆域	84
情調	84
拼寫	84
行下睇下	84
奏摺	84
良性	84
坐定定	84
嚴刑	84
惡搞	84
快啲入嚟	84
天冷	84
傾電話	84
刀槍不入	84
受難	84
千刀萬剮	84
閒談	84
師祖	84
忍讓	84
判監	84
要地	84
界面	84
噴射	84
金句	84
鐵線	84
折斷	84
好好學習	84
天高地厚	84
三杯酒	84
義無反顧	84
遊俠	84
惡行	84
李家超	84
收屍	84
睛	84
股民	84
行賄	84
點會啊	84
得米	84
主旋律	84
莫講	84
冇文化	84
好彩數	84
足總	84
政客	84
嘉年華	84
車房	84
紅豆沙	84
旗開得勝	84
古籍	84
脱手	84
登高	84
尚有	84
堅韌	84
有線	84
稱職	84
信譽	84
振動	84
關鍵字	84
走嘞	84
姨父	84
覓食	84
流派	84
渤海	84
另眼相看	84
失職	84
第度	84
睇開啲	84
鈴鈴	84
海產	84
廉恥	84
腐化	84
杜鵑	84
葵涌	84
透火	84
嬌滴滴	84
鋼筋	84
唞下先	84
今晚會	84
馬房	84
代勞	84
學生會	84
目送	84
器重	84
宅男	84
亳	84
大額	84
兩河	84
兜路	84
青苔	84
八國聯軍	84
生薑	84
礦物質	84
為免	84
檢點	84
半價	84
開炮	84
農藥	84
茄汁	84
惹咗	84
虜	84
洗身	84
餵飽	83
存亡	83
終年	83
粉嶺	83
氣魄	83
渴求	83
有啲震	83
淨值	83
奇形怪狀	83
王后	83
居心	83
象棋	83
鐘樓	83
死魚	83
野雞	83
速戰速決	83
跳下跳下	83
先見之明	83
擡	83
齋菜	83
呼喝	83
米芝蓮	83
綁埋一齊	83
聽唔清	83
惺	83
氛	83
份嘢	83
租界	83
大亨	83
諗掂	83
宇宙飛船	83
睿智	83
槍炮	83
情急之下	83
糯米飯	83
幾夠	83
火盆	83
背誦	83
粗略	83
支持者	83
檢控	83
牲口	83
火葬	83
幾錢啊	83
土皇帝	83
暗地	83
温哥華	83
舅爺	83
搜出	83
龜婆	83
祖屋	83
燒味	83
庭上	83
行當	83
放行	83
亮出	83
孵化	83
馬體會	83
餘下	83
欣喜	83
熔	83
主使	83
決議	83
芳心	83
法蘭西	83
奮戰	83
死硬	83
暴亂	83
百戰百勝	83
以防萬一	83
苞	83
高堂	83
擺尾	83
殘破	83
彈劾	83
温書	83
乳豬	83
想來	83
沙頭角	83
兒戲	83
存有	83
百發百中	83
黃牌	83
燈飾	83
岳母	83
外間	83
吹氣	83
緊迫	83
小本	83
風乾	83
二房	83
實名	83
豆釘	83
深思熟慮	83
被鋪	83
人龍	83
出火	83
總值	83
揩	83
泳衣	83
繆	83
截擊	83
痣	83
協力	83
喺度食飯	83
自作自受	83
温差	83
往生	83
細力	83
正義感	83
莊稼	83
真人真事	83
越嚟越難	83
萬事如意	83
錚	83
赴會	83
藐	83
口齒	82
題外話	82
倍數	82
外交部	82
獨來獨往	82
傳記	82
版面	82
契合	82
便服	82
唔見得光	82
眼耳口鼻	82
連貫	82
太師椅	82
靜英英	82
解悶	82
葫	82
黑的	82
摑	82
招搖	82
死蠢	82
有違	82
龍井	82
青口	82
天生一對	82
問清	82
禁令	82
預兆	82
死訊	82
不符	82
山珍海味	82
無良	82
苦不堪言	82
低腰	82
睇唔睇到	82
動感	82
同窗	82
齊眉	82
虛心	82
九龍城寨	82
出線	82
主編	82
分組	82
白蓮教	82
蜕變	82
哥哥仔	82
霧裏看花	82
莫扎特	82
安檢	82
論述	82
底妝	82
改行	82
倒台	82
閨	82
保鮮	82
揀選	82
眷屬	82
望佢一眼	82
外傭	82
無害	82
西人	82
凼	82
鉅款	82
租賃	82
恐怖片	82
不屈	82
唔奇	82
一輪嘴	82
空談	82
盪漾	82
素菜	82
切勿	82
翻天覆地	82
和服	82
濕透	82
嚴正	82
襯托	82
執事	82
兜兜轉轉	82
有鬼用咩	82
黑沉沉	82
天哪	82
太陽穴	82
三輪車	82
飯糰	82
鬼妹	82
毛利率	82
開平	82
中過	82
豆豉	82
詞典	82
浮上	82
青宮	82
孤獨感	82
義子	82
鬆動	82
弊端	82
自嘲	82
鑰匙	82
縱觀	82
籌集	82
滑溜	82
嗅覺	82
捕獵	82
報考	82
肉緊	82
好勁㗎	82
真偽	82
黑頭	82
下旬	82
海味	82
牛屎	82
椰汁	82
國父	82
錄影帶	82
昨夜	82
政界	82
攤牌	82
白糖	82
南北朝	82
我等陣	81
行會	81
嚴苛	81
網店	81
轉戰	81
膠紙	81
痛改前非	81
天一光	81
一時半刻	81
變通	81
設下	81
中華人民共和國	81
開年	81
秦始皇陵	81
不可多得	81
亮光	81
膛	81
冰淇淋	81
建材	81
鐵索	81
知難而退	81
武生	81
搞出人命	81
出書	81
狼吞虎嚥	81
靚唔靚啊	81
大打出手	81
鄆	81
神探	81
藥用	81
你又睇	81
張燈結綵	81
賣廣告	81
長進	81
道謝	81
寒光閃閃	81
幽會	81
濃眉大眼	81
上繳	81
漫無目的	81
不雅	81
與別不同	81
咁正常	81
衫領	81
木筏	81
劫寨	81
人死不能復生	81
妻妾	81
咧咧	81
緊貼	81
平常心	81
調倉	81
煲粥	81
完備	81
溥	81
不得好死	81
脱胎換骨	81
風度翩翩	81
探員	81
紮根	81
謊	81
愁悶	81
賦税	81
冰天雪地	81
寄望	81
鐘數	81
電源	81
大茶飯	81
藥力	81
持平	81
讀書會	81
臨瞓	81
海鹽	81
奔放	81
二十二日	81
俠客	81
攰死	81
龍骨	81
小品	81
升學	81
訴苦	81
一意孤行	81
便秘	81
放大咗	81
蒙受	81
琥珀	81
準備定	81
蘇蝦女	81
不驚	81
刀光劍影	81
梅花鹿	81
特區	81
獎學金	81
罪有應得	81
凝望	81
斥責	81
咁多嘢做	81
係佢一直	81
翻版	81
鬧劇	81
流離失所	81
已經幫你	81
我講真	81
訂金	81
埔	81
排長龍	81
起碼係	81
老啲	81
冥冥之中	81
供電	81
受寵若驚	81
叫停	81
不振	81
天誅地滅	81
盟軍	81
黃酒	81
嘈吵	81
甲骨文	81
打喊路	81
鄰國	81
三千三	81
虛榮心	81
大拇指	81
老嚟	81
相認	81
先例	81
重複咗	81
歌謠	81
打唔通	81
小鮮肉	80
查證	80
相符	80
補血	80
牲畜	80
眼睫毛	80
妖氣	80
成羣結隊	80
二人世界	80
歡聲	80
私生子	80
雞蛋仔	80
時任	80
心扉	80
報夢	80
生離死別	80
邁進	80
喱	80
撥款	80
眷顧	80
整嘢	80
亡命之徒	80
善變	80
咯咯	80
懶叻	80
錦繡	80
打尖	80
光復	80
證監會	80
盜取	80
自欺欺人	80
棉衣	80
鴿子	80
何為	80
登對	80
大專	80
率兵	80
古惑	80
路軌	80
傻傻哋	80
音樂劇	80
隱隱作痛	80
出言	80
慫	80
貨運	80
唔使一陣	80
一言既出	80
表皮	80
碌低	80
我冇嘢	80
金木水火土	80
清清白白	80
龜蛋	80
更正	80
薰衣草	80
下馬威	80
急不及待	80
過鬼	80
冇嘢㗎	80
做好心	80
動武	80
仿效	80
過份	80
春秋時代	80
圖樣	80
住址	80
見聞	80
影迷	80
角鬥士	80
耶路撒冷	80
奴僕	80
教父	80
隸屬	80
氣炸鍋	80
出題	80
消委會	80
供樓	80
撒嬌	80
進出口	80
年金	80
休整	80
筆畫	80
汶	80
姜濤	80
心術不正	80
性病	80
源源不絕	80
主考官	80
藥廠	80
急需	80
貼出	80
查驗	80
流產	80
付諸	80
藏屍	80
嗓	80
紅卜卜	80
蒙查查	80
丟掉	80
狸	80
寄居	80
組隊	80
下賤	80
謎底	80
炒麪	80
防毒	80
奸笑	80
等埋我	80
冇手	80
斬釘截鐵	80
同聲	80
入貨	80
東山再起	80
罪成	80
天經地義	80
大綱	80
放咗工	80
及至	80
韓文	80
你仲記得	80
界別	80
腮紅	80
貧民	80
掩人耳目	79
咁光	79
斷言	79
千絲萬縷	79
啷啷	79
一傳十	79
灌咗	79
芋	79
流汗	79
火遮眼	79
醒你	79
暇	79
爆棚	79
水質	79
淼	79
瞎	79
官邸	79
撩佢	79
識到你	79
捲土重來	79
後枕	79
談笑風生	79
港英	79
心事重重	79
示弱	79
分屍	79
習以為常	79
單係	79
升遷	79
屏蔽	79
受騙	79
有生之年	79
帝制	79
香港地	79
起用	79
頭顱	79
迂迴	79
甘心情願	79
睡夢	79
竭盡全力	79
挨夜	79
精神分裂	79
厚道	79
唔係講玩	79
爆破	79
侖	79
有性格	79
供不應求	79
好快㗎	79
咀嚼	79
鞏	79
近似	79
有勇無謀	79
水簾洞	79
懲治	79
馬達	79
恆大	79
適逢	79
擋箭牌	79
來日方長	79
弦	79
紀念碑	79
玄妙	79
進獻	79
變質	79
叢生	79
羽絨	79
深交	79
烈酒	79
秤	79
撕裂	79
分叉	79
多士	79
售票	79
旺季	79
滋陰	79
大細眼	79
終端	79
倡導	79
寫照	79
無止境	79
聯營	79
決裂	79
一絕	79
一字排開	79
取巧	79
搖搖欲墜	79
分道揚鑣	79
可喜可賀	79
折返	79
下路	79
傳輸	79
諷	79
港督	79
得寵	79
相送	79
實心	79
熱狗	79
交好	79
春光	79
私營	79
只愛	79
圓滑	79
讓座	79
左睇右睇	79
特使	79
拳擊	79
威震天下	79
統計學	79
假定	79
真個	79
捋	79
按揭	79
百萬富翁	79
言聽計從	79
幾次三番	79
理科	79
鄰舍	79
偷竊	79
難得一見	79
機關槍	79
湖畔	79
狹義	79
支架	79
談情説愛	79
再三再四	79
開脱	79
雄偉	79
發言人	78
宇航員	78
殿後	78
艱鉅	78
當衰	78
右翼	78
大吉大利	78
衝浪	78
泰文	78
非議	78
死角	78
豪強	78
內需	78
用料	78
飛的	78
煲仔	78
共同體	78
哪吒	78
花灑	78
跳板	78
乾爹	78
刀背	78
移交	78
天敵	78
醫書	78
雞咁腳	78
死頂	78
下廚	78
罌	78
臨別	78
大年初一	78
反話	78
要不是	78
拍緊拖	78
重振	78
大牙	78
隧	78
氨基酸	78
盲眼	78
世道	78
週刊	78
花籃	78
牛頭馬面	78
回民	78
時間表	78
白米	78
骨幹	78
展露	78
桑樹	78
出鏡	78
藥材鋪	78
佳作	78
酒會	78
分期	78
留待	78
跋	78
之列	78
香薰	78
檢閲	78
衣架	78
空閒	78
醉人	78
自己去睇	78
好命	78
寬宏大量	78
被單	78
得意忘形	78
徵召	78
瞓好	78
私利	78
實習生	78
長年累月	78
火炭	78
手推車	78
失學	78
不鏽鋼	78
打雜	78
做雞	78
讓路	78
蘇蝦仔	78
難看	78
全才	78
暗格	78
交託	78
清貧	78
喪心病狂	78
參戰	78
唔識死	78
合計	78
諸子百家	78
水星	78
刑場	78
不見不散	78
椰菜	78
海王	78
在職	78
咁耐冇見	78
纓	78
外甥女	78
走緊	78
沖繩	78
翻山越嶺	78
孩童	78
花牌	78
居所	78
貨色	78
生意興隆	78
精油	78
有啲咁多	78
蓬鬆	78
麪筋	78
匯款	78
智障	78
塵土飛揚	78
商標	78
行雷閃電	78
認叻	78
勸阻	78
神社	78
心願單	78
好嫩	78
拗撬	78
九折	78
浩劫	78
蘿蔔頭	78
風生水起	78
掃除	78
調兵遣將	78
血本無歸	78
辦事處	78
殘肢	78
凌辱	78
繳納	78
圭	78
未嘗	78
世界大戰	78
服役	78
相等	78
伯樂	78
滋擾	78
賭注	78
早唞	78
飛水	78
瞌眼瞓	78
妙齡	78
內褲	78
唔好心急	78
度假村	78
稱心	78
插上	78
悍	78
通情達理	78
白日夢	78
得把口	77
白做	77
好意頭	77
舉手之勞	77
軍區	77
魚缸	77
河畔	77
酬謝	77
阿姑	77
對等	77
資本家	77
湊熱鬧	77
秘書長	77
雄心	77
牀位	77
扎扎跳	77
洗啦	77
眾籌	77
微觀	77
忠直	77
道出	77
黃泉	77
造謠	77
交易所	77
房車	77
兇悍	77
唔再去	77
收銀	77
急症	77
底子	77
太極拳	77
焦躁	77
婆婆媽媽	77
而家出	77
尾班	77
假貨	77
面熟	77
可敬	77
絕佳	77
手氣	77
小寨	77
特異功能	77
抄寫	77
剪裁	77
出局	77
肥妹	77
由得佢啦	77
衝鋒陷陣	77
附和	77
係路	77
氣管	77
逛下	77
淡淡定定	77
大婆	77
馬羣	77
執業	77
葵花	77
花店	77
聲帶	77
敗軍	77
推託	77
畫師	77
説謊	77
全景	77
會意	77
改觀	77
渦	77
短處	77
拘謹	77
撮合	77
職工	77
簫	77
夠做	77
稀疏	77
釀成	77
迷藥	77
分家	77
趕扯	77
講真句	77
收看	77
懶腰	77
零用錢	77
地堂	77
長途電話	77
殃	77
先入為主	77
球體	77
量度	77
更上一層樓	77
有勇有謀	77
基本功	77
承辦	77
白車	77
課金	77
明察	77
民歌	77
埠	77
肉片	77
蚌	77
解密	77
開講有話	77
港府	77
代名詞	77
甲子	77
開咪	77
牛丸	77
休養生息	77
遺言	77
大教堂	77
食雪糕	77
壯膽	77
蝦醬	77
龍船	77
不實	77
橙汁	77
寒毒	77
放逐	77
乜東東	77
與世無爭	77
如虎添翼	77
石器	76
銀牌	76
二次大戰	76
嘴型	76
家政	76
漏風	76
嚎	76
撞邪	76
省會	76
同姓	76
輩分	76
雙層	76
卡路里	76
音標	76
黑掹掹	76
熱切	76
幾條街	76
講書	76
白食	76
乏	76
疏離	76
遊樂	76
牴	76
淡出	76
住宅區	76
入局	76
冬眠	76
堂細佬	76
路見不平	76
敗將	76
殉	76
羨	76
在朝	76
汕	76
肥肥白白	76
適可而止	76
轉車	76
老地方	76
鍵盤	76
一陣子	76
冕	76
手感	76
自作主張	76
睇嚟睇去	76
懇請	76
動工	76
輕便	76
指名道姓	76
牆紙	76
自暴自棄	76
反胃	76
抵抗力	76
嚟臨	76
粗重	76
得閒你	76
超自然	76
三岔路口	76
八強	76
發明家	76
插頭	76
中飛	76
憚	76
嫁女	76
嗱嗱臨	76
竹篙	76
督察	76
有米	76
淫蕩	76
小輪	76
不遂	76
蒸氣	76
憨居	76
呢種行為	76
先發制人	76
鼎鼎大名	76
冇講啊	76
重男輕女	76
中暑	76
枱燈	76
質料	76
姨婆	76
迎娶	76
談笑	76
繮繩	76
斑點	76
自傳	76
套用	76
斷線	76
醫務	76
阻塞	76
壯烈	76
巨蟹座	76
解渴	76
規避	76
全局	76
以示	76
豁免	76
擔挑	76
無微不至	76
醒神	76
實淨	76
吉時	76
東歐	76
黑眼圈	76
肥美	76
首當其衝	76
天界	76
衣缽	76
腳力	76
院舍	76
夾帶	76
廣場舞	76
孟加拉	76
勞作	76
前菜	76
御用	76
話咁易	76
洋樓	76
共患難	76
恨到	76
碣	76
協作	76
茅舍	76
火機	76
繞道	76
長堤	76
潛質	76
流浪狗	76
中庸	76
下水道	76
溺	76
順滑	76
豆皮佬	76
死難	76
腫脹	76
配偶	76
槍械	75
嚟嚟去去	75
產權	75
長袖	75
唔怕醜	75
散文	75
新穎	75
獨當一面	75
廳長	75
冇眼睇	75
不倫不類	75
彼岸	75
商販	75
講學	75
正室	75
硬漢	75
幼兒	75
好精	75
香茅	75
保值	75
煮食	75
噪	75
稷	75
早瞓	75
係波	75
狸貓	75
打魚佬	75
出庭	75
點解依家	75
又係噃	75
罷手	75
超速	75
行花街	75
油條	75
當街	75
估中咗	75
主廚	75
食起嚟	75
文筆	75
博取	75
腳跟	75
巔	75
因人而異	75
膝下	75
少不了	75
耕作	75
繚	75
一場空	75
同阿媽講	75
單親	75
飲大咗	75
東羅馬帝國	75
爭相	75
海路	75
一百一	75
呢啲信息	75
出唔到嚟	75
砧板	75
鐵筆	75
氣宇軒昂	75
隱士	75
互換	75
庶民	75
山坑	75
面大	75
傾盆大雨	75
南國	75
記者招待會	75
恩重如山	75
病患	75
無可否認	75
馬尼拉	75
做假	75
你大個	75
叔伯	75
公車	75
海闊天空	75
落井下石	75
婚前	75
一路順風	75
切口	75
業內	75
使節	75
都覺	75
拼湊	75
北極熊	75
劫掠	75
數額	75
貧賤	75
逼於無奈	75
烏雞	75
爭光	75
氣色	75
滋生	75
油炸鬼	75
受審	75
藏族	75
針鋒相對	75
食完咗	75
我食完	75
遊手好閒	75
通水	75
訊息	75
分析師	75
好聲	75
靠攏	75
入閘	75
押解	75
捉弄	75
妄為	75
肉醬	75
席捲	75
死得佢	75
死穴	75
重磅	75
不忿	75
未頂	75
磁鐵	75
通緝犯	75
海草	75
地踎	75
雙胞胎	75
固體	75
組裝	75
足料	75
得閒呢	75
助興	75
正反	75
一舊舊	75
氹氹轉	75
電磁爐	74
搖曳	74
花圃	74
賢妻	74
膏藥	74
記掛	74
情緒病	74
茶客	74
奶酪	74
萬惡	74
北美洲	74
謠	74
噼裏啪啦	74
層級	74
修女	74
氣餒	74
磁性	74
湊仔	74
下把	74
寄養	74
敷咗	74
家法	74
心領	74
揼咗	74
親力親為	74
淨土	74
忙着	74
無形中	74
二十九日	74
史料	74
大敵當前	74
忽忽	74
穿行	74
食豬	74
面書	74
嘈喧巴閉	74
寄信	74
四通八達	74
出謀劃策	74
亮麗	74
內訌	74
收收埋埋	74
原地踏步	74
平整	74
消炎	74
座標	74
守法	74
二十四日	74
不共戴天	74
人聲鼎沸	74
杏黃	74
串燒	74
看護	74
打小人	74
有頭有面	74
苦行	74
水生	74
逼使	74
石家莊	74
真憑實據	74
從長計議	74
週四	74
爬行	74
幫補	74
暑期工	74
估算	74
雙生	74
腦汁	74
從頭到腳	74
激憤	74
戰俘	74
耐煩	74
税務	74
蛋漿	74
對症	74
斗笠	74
星馬	74
奇門遁甲	74
百花齊放	74
印度洋	74
我費事	74
老奸巨猾	74
標明	74
大發慈悲	74
餡餅	74
屍骸	74
秉承	74
收據	74
心理變態	74
可人	74
山陰	74
海運	74
報館	74
起名	74
應用程式	74
晴天霹靂	74
行人路	74
雪橇	74
手下敗將	74
樣式	74
柴灣	74
受命	74
推敲	74
瓜分	74
願景	74
把關	74
人生觀	74
特快	74
啼笑皆非	74
開鎖	74
彌陀	74
沙子	74
蔑視	74
叭叭聲	74
原封不動	74
吃苦	74
絕跡	74
熒光幕	74
望一望佢	74
一路平安	74
熟路	74
蜂巢	74
末代	74
落機	74
異味	74
爆紅	74
孤苦伶仃	74
飼料	74
雲層	74
單邊	74
僻	74
彬彬有禮	74
河牀	74
小豆	74
炆	74
靚妹仔	74
久別重逢	74
雪球	74
人行道	74
揭曉	74
彔	74
味覺	74
無端白事	74
距	73
綠油油	73
貴婦	73
天秤座	73
泥水	73
暗道	73
脖子	73
花槍	73
原廠	73
發愁	73
速率	73
交頭接耳	73
花容月貌	73
情郎	73
憑據	73
心曠神怡	73
花炮	73
順帶	73
悲壯	73
嫖妓	73
狀紙	73
無可避免	73
臏	73
寄生蟲	73
臨尾	73
鮮果	73
一成不變	73
和牛	73
洪亮	73
台南	73
本心	73
名符其實	73
同業	73
臨場	73
野戰	73
軀殼	73
福德	73
甘甜	73
撲克	73
烘焙	73
冰雹	73
考研	73
墨家	73
月入	73
滅火	73
加幅	73
長途跋涉	73
夜媽媽	73
搖籃	73
有可疑	73
劫案	73
西瓜皮	73
舊金山	73
爛尾	73
豉	73
雞頭	73
惡臭	73
紐西蘭	73
失約	73
不可或缺	73
擊落	73
亂咁諗	73
國策	73
吟詩	73
嫁禍	73
法學	73
坯	73
可持續	73
花式	73
分行	73
談何容易	73
冇咩所謂	73
有冇人啊	73
張力	73
僱傭兵	73
人仔細細	73
胃氣	73
調子	73
盡責	73
兩手空空	73
二十六日	73
你行先	73
悲涼	73
心血來潮	73
油門	73
專門店	73
大頭菜	73
祭司	73
源遠流長	73
童真	73
救護員	73
黑麪神	73
施加	73
院校	73
過場	73
男主	73
能成為	73
如夢初醒	73
帷	73
去無蹤	73
煎堆	73
釦	73
真材實料	73
訪談	73
歸隱	73
賣唱	73
遭逢	73
手動	73
眼科	73
無妨	73
話實	73
乜唔係	73
平滑	73
私生活	73
入世	73
隋唐	73
有啲麻煩	73
堂堂正正	73
瞻仰	73
睇場	73
行長	73
黑店	73
唔算得乜	73
咁濟	73
高人一等	73
地利	73
零散	73
咬一啖	73
憐愛	73
堅挺	73
倒翻轉	73
雞扒	73
我識佢	73
甜食	73
乏味	73
意欲	73
減壓	73
參透	73
我落咗	73
瀑	73
雷暴	73
醫保	73
加派	73
文革	73
文化中心	73
奇花異草	73
普魯士	73
高質	73
跑馬地	73
吞拿魚	73
過咗一排	73
賣座	73
歸功	73
講唔埋	73
豌豆	73
閘口	73
你講呢個	72
決定性	72
板起塊面	72
自重	72
因緣	72
同為	72
立方米	72
喺度做咩	72
月費	72
一目瞭然	72
水煲	72
姥	72
伯爺	72
開價	72
女流之輩	72
風貌	72
又名	72
點醒	72
整走	72
仍舊	72
拿捏	72
眼眸	72
事半功倍	72
冷知識	72
改下	72
減慢	72
陪笑	72
發惡	72
好好食㗎	72
冠冕堂皇	72
反骨仔	72
沖淡	72
密密	72
狙擊	72
講真㗎	72
過來人	72
鉗制	72
唔撈	72
凌遲	72
苔	72
強迫症	72
消瘦	72
揣	72
遮蔽	72
列明	72
使乜講	72
據為己有	72
映照	72
你唔會再	72
日程	72
禮拜二	72
大熱天時	72
赤條條	72
廠長	72
人治	72
粗布	72
翻手	72
剪除	72
講假	72
希特勒	72
簡樸	72
咩戲	72
軍訓	72
掛號	72
盤踞	72
化名	72
私奔	72
皮箱	72
厄運	72
片頭	72
維港	72
經得起	72
博覽會	72
清盤	72
帶子	72
戰無不勝	72
蛋殼	72
陳列	72
磁力	72
直擊	72
咁大㗎	72
破獲	72
仲裁	72
十萬八千里	72
政事	72
光禿禿	72
尖端	72
未㗎	72
標價	72
紋理	72
誣告	72
票數	72
放唔放	72
中菜	72
北區	72
大大話話	72
幾條友	72
咬字	72
碰頭	72
崢	72
接地氣	72
祀	72
便於	72
校對	72
康樂	72
強健	72
主板	72
廿八歲	72
借據	72
馱	72
車胎	72
五花八門	72
鞋帶	72
發奮	72
祭祖	71
死敵	71
公轉	71
噱	71
外鄉人	71
結賬	71
突飛猛進	71
布丁	71
優越感	71
表決	71
赤字	71
命脈	71
獨到	71
估到你	71
爆滿	71
花雕	71
儀態	71
卵子	71
各為其主	71
施政	71
咩呀	71
講理	71
老定	71
夠膽死	71
甲方	71
祺	71
喚起	71
不愉快	71
一手一腳	71
馗	71
澎	71
三角眼	71
地下河	71
黃皮	71
退燒	71
魔咒	71
爹地	71
車釐子	71
昔	71
欠薪	71
咁可惡	71
入戲	71
同年同月同日	71
指派	71
官印	71
死氣沉沉	71
低賤	71
農地	71
幾係	71
中文系	71
藴	71
妃嬪	71
頸巾	71
學年	71
出竅	71
就知你	71
釀造	71
荒誕	71
空空蕩蕩	71
出風頭	71
換轉	71
停滯	71
只差	71
氣焰	71
公約	71
礦產	71
特區政府	71
貨架	71
賬簿	71
後盾	71
喜怒無常	71
呢一鋪	71
張口	71
善解人意	71
衣衫襤褸	71
班子	71
我前幾日	71
布甸	71
連坐	71
知己知彼	71
戈壁	71
恭請	71
雲霄	71
一分為二	71
苦頭	71
默然	71
裝飾品	71
山澗	71
面龐	71
理工	71
介紹信	71
明燈	71
琢磨	71
奔赴	71
好力	71
白茫茫	71
淘氣	71
醜聞	71
安樂死	71
劍花	71
成頭大汗	71
再者	71
代詞	71
母愛	71
盲點	71
獅子座	71
刁鑽	71
同生死	71
過重	71
免税	71
居住環境	71
周遊列國	71
證物	71
議案	71
模特兒	71
依戀	71
管理處	71
坦蕩	71
去信	71
水箱	71
忙亂	71
精進	71
夫婿	71
舉目無親	71
司儀	71
一條氣	71
金石	71
天兵天將	71
櫃子	71
樞紐	71
建設性	71
局外人	71
大要	71
紫外線	71
人生路不熟	71
四眼	71
開名	71
微型	71
後手	71
便當	71
多煩	71
阿豬	71
老作	71
雨衣	71
稱作	71
話落	70
下嘛	70
都幾識	70
驢仔	70
意猶未盡	70
闔	70
晨早	70
出入境	70
我比你	70
親切感	70
表情包	70
真金白銀	70
城大	70
蕊	70
冷哼	70
抵受	70
鬥嘴	70
開審	70
打燈	70
刺眼	70
學童	70
自費	70
真切	70
摩天輪	70
美譽	70
磨刀	70
先不先	70
二胎	70
踢爆	70
老麥	70
當務之急	70
響噹噹	70
微細	70
用心良苦	70
盛裝	70
偎	70
五花肉	70
生活態度	70
惡性循環	70
碌地	70
無懈可擊	70
斷層	70
高額	70
舊址	70
哮喘	70
偏將	70
勃然	70
篋	70
我個個	70
大張旗鼓	70
老牌	70
好返	70
登入	70
攞開	70
感化	70
阿一	70
樣板	70
何應欽	70
虛寒	70
分流	70
扭動	70
推倒	70
駕臨	70
貶義	70
規管	70
多才多藝	70
盛事	70
聚精會神	70
高企	70
講白話	70
旅費	70
援手	70
意象	70
枉死	70
仗義疏財	70
好唔好睇	70
輕裝	70
面目全非	70
熾熱	70
字號	70
娜娜	70
連任	70
自給自足	70
分水嶺	70
主人翁	70
鼻孔	70
氣喘喘	70
香菇	70
延誤	70
你快啲過	70
半自動	70
蹉跎	70
扯上	70
城鄉	70
睇咁多	70
屈指	70
補習班	70
單靠	70
安卓	70
擇日	70
幼年	70
座椅	70
神人	70
身負重傷	70
曠	70
雙倍	70
鱸魚	70
元氣大傷	70
搗	70
溜冰	70
玷污	70
地理環境	70
航運	70
自用	70
和尚寺	70
妞	70
黑起塊面	70
林夕	70
碩	70
拍心口	70
運動會	70
血肉模糊	70
判斷力	70
百感交集	70
手搖	70
一帶一路	70
逆流	70
專區	70
大減價	70
拭目以待	70
記憶猶新	69
和談	69
大過你	69
幽魂	69
不為所動	69
死而無憾	69
一把年紀	69
自投羅網	69
半徑	69
接客	69
雪豹	69
橢圓形	69
夜貓	69
翠綠	69
剩咗	69
不折不扣	69
推選	69
國泰民安	69
蔚藍	69
生口	69
先頭部隊	69
寶庫	69
歸類	69
脱俗	69
鯪魚	69
慌慌	69
紡	69
阿諛奉承	69
牟利	69
查辦	69
生兒育女	69
長驅直入	69
幾多下	69
破落	69
靜音	69
係嘞	69
外勞	69
夢鄉	69
交易日	69
周宣王	69
拈	69
直譯	69
拔刀相助	69
唔睬你	69
隙	69
失言	69
多多包涵	69
右派	69
蒙上	69
文化交流	69
逆行	69
你拍拖	69
從業員	69
巍	69
模範	69
發炮	69
風水先生	69
方包	69
交學費	69
椅子	69
籌錢	69
揉	69
否決	69
起雞皮	69
人命關天	69
打靶	69
南丫島	69
定啲嚟	69
何須	69
咖啡機	69
籮柚	69
吱吱喳喳	69
不務正業	69
搏擊	69
河山	69
假名	69
祭典	69
何樂而不為	69
敗家	69
大細路	69
黑糖	69
天蠍座	69
制衡	69
老臣子	69
抹殺	69
報銷	69
推拿	69
失衡	69
傻人	69
放射性	69
崩牙	69
迴轉	69
撓頭	69
拍賣會	69
牀頭櫃	69
執輸	69
直率	69
承辦商	69
皎潔	69
悔過	69
防腐劑	69
捉迷藏	69
破除	69
郵政	69
聲東擊西	69
天時地利人和	69
行書	69
第六感	69
鐵絲網	69
天水圍	69
救贖	69
迫不得已	69
阿富汗	69
出油	69
錢莊	69
海平面	69
目錄	69
惡棍	69
民用	69
有組織	69
形形色色	69
一丁	69
忘記唔到	69
自始至終	69
赴約	69
失色	69
了了	69
標示	69
咒罵	69
藥劑	69
壯志	69
飽肚	69
稻草人	69
爆頭	69
訊號	69
鴉雀無聲	69
學長	69
咪話佢	69
疏導	69
大澳	69
觀眾席	69
哀怨	69
執包袱	69
興致勃勃	69
房客	69
竿	69
瓣	69
昆布	69
為害	69
着力	69
政績	69
謎語	68
分界線	68
圍村	68
陪我哋	68
馬德里	68
大面	68
端午	68
控訴	68
我攞到	68
橫過	68
果肉	68
雞尾酒	68
產後	68
勞役	68
任教	68
領情	68
入土	68
名店	68
蔗	68
準星	68
輕輕地	68
恆山	68
閒聊	68
棲息	68
語境	68
高等法院	68
香港仔	68
四聲	68
一視同仁	68
黃銅	68
必不可少	68
幫拖	68
無兒無女	68
靈通	68
耐唔耐	68
跟風	68
水坑	68
工商業	68
變調	68
熱能	68
當之無愧	68
衞生署	68
盜版	68
老媽子	68
灰色地帶	68
搶購	68
儁	68
恆星	68
短路	68
結為夫妻	68
打齊	68
笑騎騎	68
大褸	68
擺檔	68
唯恐	68
亞洲電視	68
藕	68
唸佛	68
廣義	68
單身狗	68
對焦	68
草率	68
造句	68
主攻	68
押金	68
租用	68
看更	68
金礦	68
反間計	68
為意	68
乒乓球	68
中葉	68
當黑	68
淇	68
立立亂	68
療程	68
必需品	68
搣開	68
聊天記錄	68
借刀殺人	68
縱火	68
瑕	68
死而無怨	68
老薑	68
點入去	68
四出	68
講數	68
靚女啦	68
熾	68
斷魂	68
仿製	68
上便	68
腸道	68
亨通	68
自來水	68
戰局	68
多年冇見	68
無地自容	68
粗聲粗氣	68
老翁	68
填飽	68
逆風	68
甜心	68
佔上風	68
厚麪皮	68
尋歡作樂	68
問長問短	68
身無分文	68
點化	68
挺身	68
逃犯	68
安插	68
小手	68
以身作則	68
紅孩兒	68
善男信女	68
用量	68
搖搖晃晃	68
紙盒	68
充飢	68
摩爾	68
雄性	68
紅毛鬼	68
睇來	68
窩心	68
自取滅亡	68
漳	68
搖下搖下	68
錄用	68
來者不善	68
事例	68
去一去	68
負起	68
蕩然無存	68
不可開交	68
碌下碌下	68
患得患失	68
燈謎	68
驚擾	68
喊苦喊忽	68
接班	68
毛衣	68
堆砌	68
呔	68
短線	68
侵害	68
兩頭蛇	68
書齋	68
馬鞍山	68
發威	68
銀錢	68
我敬你	68
拉鏈	68
緬	68
孝道	68
敢為	68
叻女	68
募集	68
容身	68
猖獗	68
咩原因啊	68
生產線	68
硬仗	68
龍君	68
零錢	68
兵來將擋	68
髮夾	68
冇料	68
臘味	68
磁石	68
你好少	67
餵奶	67
亞運會	67
破格	67
何年何月	67
走火	67
進場	67
死狗	67
通風報信	67
噩	67
蝦仁	67
播種	67
國情	67
斯里蘭卡	67
有心無力	67
斤兩	67
識咗我	67
牀褥	67
黃鱔	67
唯美	67
陰曹地府	67
奸邪	67
半壁江山	67
點到即止	67
肩負	67
訛	67
配額	67
台式	67
遊學	67
政壇	67
玩下玩下	67
尬	67
大不如前	67
新低	67
關你鬼事	67
雙魚座	67
講閒話	67
進階	67
國界	67
鋪排	67
擱淺	67
亮度	67
立憲	67
例牌	67
唱功	67
隨地	67
素描	67
女權	67
血型	67
營養不良	67
似層層	67
超脱	67
冇料到	67
有錢有勢	67
唔上嚟	67
萌生	67
意頭	67
凍土	67
政制	67
預早	67
辛亥	67
幫助之下	67
止咳	67
致意	67
翻湧	67
十世	67
飲奶	67
不詳	67
眾目睽睽之下	67
揾嘢食	67
如日中天	67
約摸	67
名滿天下	67
我都記得	67
乓	67
鼎力	67
同堂	67
氣勢洶洶	67
食鹽	67
十萬火急	67
佈防	67
唔忙	67
營業額	67
呃錢	67
天王巨星	67
連鎖店	67
北朝	67
搬遷	67
開導	67
二話不説	67
賽程	67
五味	67
尼泊爾	67
年齡層	67
巴勒斯坦	67
茯	67
潤肺	67
流年	67
誤差	67
課後	67
坐大	67
民謠	67
聖水	67
非比尋常	67
生魚	67
姊	67
大龍鳳	67
販毒	67
得不償失	67
收聲啦	67
搞埋一齊	67
槍戰	67
睡袋	67
趁火打劫	67
魚片	67
探長	67
州長	67
後繼	67
寄宿	67
勉勵	67
利祿	67
上調	67
快㗎啦	67
作勢	67
指南針	67
多此一舉	67
升空	67
失陪	67
窺	67
王牌	67
供水	67
推銷員	67
複診	67
執導	67
快趣	67
逃兵	67
猝死	67
佐敦	66
明鏡	66
風帆	66
古物	66
規例	66
僆妹	66
阿布	66
飯錢	66
一面之詞	66
劉明	66
乾貨	66
射線	66
朝門	66
血泊	66
所見所聞	66
悚	66
卒仔	66
九龍塘	66
焰	66
雀躍	66
上鏡	66
放蕩	66
咽	66
放射	66
破損	66
車咗	66
痹	66
跳傘	66
飆冷汗	66
攬攬	66
乘搭	66
校友	66
一籌莫展	66
堂皇	66
鱈	66
高腳七	66
集中營	66
沉溺	66
涯	66
天價	66
磁帶	66
終身大事	66
愣	66
講台	66
大打折扣	66
得未啊	66
翻風	66
他朝	66
順水推舟	66
散會	66
逐出	66
民風	66
弧度	66
碾壓	66
用神	66
畫下	66
寫字枱	66
脂粉	66
厄	66
説笑	66
依家唔係	66
糊裏糊塗	66
啲衰人	66
解僱	66
傾倒	66
兩味	66
肥牛	66
矯	66
心形	66
懶散	66
全副武裝	66
滑車	66
大夥	66
地殼	66
撰寫	66
幾多點	66
谷氣	66
喐手喐腳	66
古語	66
不拘小節	66
代溝	66
依時	66
基本法	66
新歡	66
血汗	66
反水	66
唔使憂	66
下放	66
銜接	66
結緣	66
自私自利	66
個乖女	66
高談闊論	66
馬騮精	66
墉	66
老懵懂	66
高中生	66
增加值	66
薪金	66
嬉笑	66
歸一	66
卡位	66
行動不便	66
錦上添花	66
動能	66
大律師	66
牛油果	66
包車	66
弧	66
雪雁	66
甸	66
革新	66
整蠱做怪	66
可數	66
表情嘅	66
冇假	66
薑餅	66
危在旦夕	66
加減	66
難為情	66
隻鴨	66
生殖	66
專訪	66
不思進取	66
保鮮紙	66
成行	66
生不如死	66
好言好語	66
咁出奇	66
人間蒸發	66
神志不清	66
可喜	66
來電	66
大駕光臨	66
反鎖	66
詐嬌	66
助長	66
謬誤	66
先驅	66
自己攞嚟衰	66
面世	66
變更	66
漏口	66
玄關	66
指意	66
音箱	66
嬌俏	66
接吻	66
風和日麗	66
不日	66
問世	66
繃帶	66
報稱	66
補品	66
歷久彌新	66
深井	65
堂兄弟	65
攞我命	65
妖術	65
錯手	65
開餐	65
黑手黨	65
車轆	65
烈焰	65
大風吹	65
為人正直	65
姑奶奶	65
聘用	65
寥寥無幾	65
相讓	65
絕妙	65
飲啖茶	65
受挫	65
夕陽西下	65
歸屬感	65
識咗你	65
賣身	65
假若	65
古舊	65
梗係得啦	65
時令	65
勘	65
血肉之軀	65
下裝	65
情信	65
鋰	65
騙案	65
摔跤	65
悉尼	65
到嘔	65
算術	65
尼龍	65
共計	65
有恃無恐	65
嬌嫩	65
死豬	65
動輒	65
離島	65
調啦	65
佔便宜	65
性侵	65
三腳貓	65
想當然	65
太輕	65
火焰山	65
熱帶氣旋	65
午餐肉	65
大日子	65
篷	65
壓迫感	65
畫質	65
反覆無常	65
胎兒	65
提案	65
空檔	65
等錢使	65
記事簿	65
真相大白	65
空運	65
積壓	65
官宣	65
感同身受	65
燈火輝煌	65
退伍	65
迎賓	65
一刀兩斷	65
審慎	65
陝	65
架空	65
忘懷	65
陛	65
不由分説	65
罪證	65
禁制	65
聳立	65
原居民	65
幹線	65
一個唔該	65
齒輪	65
無濟於事	65
封頂	65
學分	65
吝嗇	65
專營	65
海藻	65
隱情	65
水皮	65
如狼似虎	65
失火	65
撫慰	65
夜遊	65
壽衣	65
獨力	65
專管	65
四合院	65
暗地裏	65
抗體	65
割傷	65
內家	65
禪院	65
蜚語	65
走音	65
切菜	65
乜都知	65
公室	65
補水	65
堆填區	65
水口	65
下間	65
春暖花開	65
心慌意亂	65
淘汰賽	65
廉署	65
門鈴	65
病變	65
牀墊	65
避暑	65
誤事	65
准許	65
邊度得	65
證據確鑿	65
絕種	65
酷刑	65
祛	65
追討	65
闢謠	65
守夜	65
過火	65
飄渺	65
來得及	65
慣用	65
垃圾袋	65
上班族	65
目擊者	65
急中生智	65
要訣	65
炒魷魚	65
大有人在	65
舊好	65
心路歷程	65
口角	65
大把啦	65
靜坐	65
瞌	65
風化	65
出位	65
撈飯	65
散熱	65
狗糧	65
明眼人	65
舉世	65
繁重	65
牆腳	65
邊個打邊個	65
睇我唔起	65
中餐	65
你唔使問	65
牌位	65
頭耷耷	65
代號	65
招收	65
微觀世界	65
夏令營	65
咖啡色	65
鄉紳	64
南寧	64
三味	64
休假	64
戰地	64
智人	64
嫖客	64
掉以輕心	64
讚許	64
時差	64
大鱷	64
痛腳	64
廟門口	64
隱含	64
鉛	64
守寡	64
紅糖	64
血氣方剛	64
髮廊	64
百位	64
銅像	64
日月如梭	64
鋸齒	64
變卦	64
買大	64
榮獲	64
脈絡	64
八爪魚	64
悉	64
千奇百怪	64
終老	64
叱吒風雲	64
大頭蝦	64
三級片	64
職權	64
豆丁	64
高雄	64
半馬	64
轉而	64
漬	64
粗獷	64
搞掂你	64
鏗	64
入廁所	64
錯漏	64
走紅	64
生鐵	64
又多咗個	64
都係要去	64
相勸	64
乒乓波	64
弔詭	64
清早	64
感情線	64
養女	64
禍根	64
不足為奇	64
餘力	64
殮房	64
忘卻	64
純淨	64
女廁	64
兵工廠	64
混血	64
大家都去	64
益生菌	64
見怪不怪	64
鬼臉	64
射程	64
飛仔	64
洗啊	64
深思	64
風塵僕僕	64
炮灰	64
狼藉	64
書局	64
放哨	64
三十一日	64
中劍	64
逼供	64
超值	64
垃	64
講唔完	64
隔籬鄰舍	64
火辣辣	64
改邪歸正	64
腳板	64
沙煲	64
賢明	64
唐山	64
海員	64
看重	64
自相殘殺	64
買主	64
謙遜	64
大家樂	64
堆放	64
亂倫	64
方唔方便	64
整理下	64
左右為難	64
乞求	64
若隱若現	64
狗賊	64
唔入流	64
走唔走得	64
等我一陣	64
癲佬	64
奉送	64
禮制	64
浩瀚	64
公爵	64
檔期	64
詩詞歌賦	64
文員	64
西蘭花	64
劍道	64
世外桃源	64
痛風	64
山洪	64
生死未卜	64
長氣	64
二十三日	64
針織	64
調換	64
門衞	64
窮追不捨	64
坂	64
取景	64
何去何從	64
幫口	64
偷雞摸狗	64
登出	64
傭人	64
唔使急嘅	64
精於	64
公幹	64
烘	64
美食會	64
請勿	64
海帶	64
黑胡椒	64
攸	64
冽	64
花圈	64
攬頭攬頸	64
寒流	64
遠水路	64
得個樣	64
時間線	64
境況	64
喊出嚟	64
格言	64
搞邊科	64
債權	64
橫濱	64
現世	64
變本加厲	64
放牧	64
離合	64
糯米雞	64
落馬洲	64
動腦筋	63
曲奇	63
迫使	63
撮	63
空翻	63
有驚無險	63
屏山	63
上西天	63
當歸	63
深究	63
離鄉別井	63
本源	63
夾生	63
幾多號	63
一躍而起	63
説實話	63
狗仔隊	63
新會	63
識到佢	63
厚望	63
抵得	63
傷身	63
密探	63
改朝	63
民兵	63
解封	63
郊野公園	63
坐擁	63
料事如神	63
送命	63
造化	63
開竅	63
整鬼	63
疾苦	63
累咗你	63
猛力	63
咁大把	63
鬼混	63
射手座	63
娛	63
打比	63
污點	63
包租婆	63
喻	63
成家立室	63
掂當	63
跟團	63
倖存者	63
學名	63
鐲	63
捉實	63
腰圍	63
顯而易見	63
不厭其煩	63
鋪蓋	63
渝	63
新秀	63
程序員	63
咬口	63
矜持	63
逃之夭夭	63
鈞	63
跟足	63
攝製	63
靈丹	63
非物質文化遺產	63
果仁	63
記得我係	63
鏡片	63
本朝	63
手長	63
正牌	63
專為	63
掏	63
吹捧	63
便衣	63
歇腳	63
豐富多彩	63
諗下計	63
碟仙	63
風花雪月	63
食食下	63
妙哉	63
坐地	63
諭	63
葡國	63
角門	63
舞獅	63
閘門	63
折射	63
神采飛揚	63
朝氣	63
做東	63
回魂	63
教法	63
票據	63
湊埋	63
翻來覆去	63
棕色	63
苓	63
量力	63
問唔出	63
跳繩	63
殯儀	63
晦	63
勢利	63
得勢	63
繁盛	63
繃緊	63
肥膩	63
湯藥	63
涉足	63
回馬槍	63
鬼剃頭	63
眉梢	63
聽把聲	63
口徑	63
公使	63
陰森森	63
家室	63
苦功	63
拖拖拉拉	63
褲頭帶	63
巴不得	63
鷹犬	63
撲朔迷離	63
清拆	63
流浪漢	63
熱天	63
贖身	63
有條友	63
泥濘	63
駁嘴	63
鹼水	63
忙忙碌碌	63
共聚	63
拇指	63
強權	63
犬子	63
猛咁嗌	63
魔術師	63
森嚴	63
少男	63
高危	63
失策	63
鈔	63
繡球	63
郵差	63
十小	63
果皮	63
手舞足蹈	63
喜訊	63
闖關	63
好易啫	63
箱子	63
猛料	63
鵪鶉	63
癲狗	63
學府	63
花崗石	62
無名火起	62
傷及	62
盤腿	62
光宗耀祖	62
冇咩點	62
大會堂	62
眼白	62
執藥	62
慢條斯理	62
嘩嘩聲	62
捐血	62
屍橫遍野	62
疫症	62
受罰	62
正房	62
殺青	62
逼害	62
門當户對	62
旁若無人	62
萬劫不復	62
有情人終成眷屬	62
寞	62
不為過	62
麪餅	62
唔好走啦	62
有影	62
遙控器	62
玩死	62
你哋自己嘅	62
措辭	62
拷	62
加錢	62
好肚餓啊	62
出門在外	62
歷歷在目	62
御弟	62
礁	62
輕佻	62
搶手	62
煲下	62
痴心妄想	62
一個接一個	62
老撾	62
杯子	62
連番	62
披靡	62
收到風	62
直咗	62
戰力	62
北非	62
有心啦	62
曲解	62
暴政	62
其實我知	62
拉布	62
考啦	62
嘩嘩	62
清理門户	62
跌斷	62
仲好意思	62
一知半解	62
一蹶不振	62
啱到	62
無堅不摧	62
風吹雨打	62
武警	62
大失所望	62
法器	62
危及	62
做咗手腳	62
鸞	62
皮包骨	62
不肖	62
獠牙	62
疑兇	62
邪門	62
有利可圖	62
凌駕	62
閒閒哋	62
親孃	62
住持	62
教員	62
户主	62
大發雷霆	62
匿名	62
節儉	62
評語	62
購置	62
撼	62
消亡	62
牌樓	62
首尾	62
急行軍	62
閉塞	62
落幕	62
肆	62
修路	62
講好説話	62
長篇大論	62
橫生	62
囤	62
古玩	62
東洋	62
隱秘	62
色素	62
滾湯	62
有福同享	62
平易近人	62
機不可失	62
村子	62
破財	62
叫咗你	62
多多聲	62
噱頭	62
女眷	62
在望	62
靈光一閃	62
大快人心	62
特赦	62
梳妝	62
追星	62
蒐	62
我事	62
鬼節	62
偷生	62
紅海	62
樹梢	62
平行	62
阿母	62
南亞	62
梟	62
院士	62
棟篤笑	62
一人一個	62
閉氣	62
咬實牙關	62
褐	62
療養院	62
鐵達尼號	62
咬緊	62
效能	62
管束	62
成數	62
存入	62
波斯貓	62
受落	62
操勞	62
王道	62
喪膽	62
內科	62
只色	62
大凡	62
溶化	62
繁體字	62
像素	62
殺手鐧	62
文創	62
有腦	62
咁大火	62
碉	62
竹籤	62
青絲	62
定當	62
寫真	62
摩登	62
專案	62
擊斃	62
天職	62
心甘	62
英俊瀟灑	62
榕	61
生辰	61
瘦身	61
定出	61
拉拉扯扯	61
醉貓	61
糞便	61
活下	61
修整	61
植物人	61
電子書	61
定格	61
頃刻	61
專車	61
狼死	61
難點	61
室温	61
芫	61
專注力	61
普通老百姓	61
升格	61
免禮	61
文言文	61
法拉利	61
自殘	61
屋子	61
筋斗	61
諗深一層	61
拼盤	61
屋租	61
勾勒	61
轉彎抹角	61
叫賣	61
瞓唔到覺	61
王母娘娘	61
環顧	61
拖泥帶水	61
水酒	61
爛醉	61
陰陰濕濕	61
死期	61
苦瓜乾	61
茶具	61
唔係你諗	61
高等教育	61
班馬	61
數值	61
全天候	61
流行曲	61
學生哥	61
第三聲	61
可持續發展	61
報讀	61
念珠	61
小聰明	61
黨派	61
羣龍無首	61
好難呢	61
磨滅	61
鐵面無私	61
真皮	61
肉麻	61
血盆大口	61
話梅	61
上碟	61
吸力	61
科學院	61
神棍	61
暢談	61
間開	61
渲染	61
掰	61
蔬	61
手提電腦	61
揾到啦	61
西沉	61
遺漏	61
舊愛	61
殘存	61
同甘共苦	61
觸覺	61
答辯	61
喺度唔知	61
虛脱	61
相輔相成	61
氣候變化	61
蛇尾	61
集中咗	61
草稿	61
理虧	61
盛名	61
洪水橋	61
遇啱	61
姨仔	61
驅邪	61
恍恍惚惚	61
百無聊賴	61
予以	61
渾渾噩噩	61
國家公園	61
年少氣盛	61
薏米	61
熟落	61
阿邊個	61
能耐	61
執齊	61
出讓	61
美中不足	61
夾子	61
好悶啊	61
罷官	61
手作	61
喂呀	61
強有力	61
撇下	61
舐嘢	61
幼童	61
雜技	61
同化	61
木頭公仔	61
走訪	61
無牌	61
物主	61
苦戰	61
輕浮	61
發牢騷	61
託管	61
反過來	61
唔要得	61
無恙	61
拆除	61
一官半職	61
有目共睹	61
享譽	61
叼	61
漢高祖劉邦	61
喺呢幾年	61
之故	61
市道	61
唔受得	61
新月	61
各異	61
上刀山	61
電壓	61
鼻屎	61
我肚餓	61
不無	61
忐忑不安	61
普查	61
膠囊	61
俺	61
阿媽都唔認得	61
禿頭	61
詢	61
酶	61
股指	61
羊咩仔	61
開花結果	60
周遭	60
張三李四	60
心有餘悸	60
啱傾	60
建構	60
頭面	60
癖好	60
迫於無奈	60
好邋遢	60
精神奕奕	60
門框	60
籠統	60
胚	60
嬰孩	60
發惡夢	60
貴金屬	60
中型	60
工時	60
喐啲	60
選購	60
鱗片	60
慰藉	60
她們	60
槍擊	60
牛肉乾	60
沒完沒了	60
三峽	60
理事會	60
喜氣洋洋	60
停屍	60
變幻莫測	60
噻	60
壞鬼	60
賣武	60
荒淫	60
莞	60
全校	60
坍	60
邪派	60
奎	60
黑白分明	60
喪盡天良	60
腐竹	60
大蒜	60
職守	60
炯炯有神	60
邦聯	60
民航	60
神秘感	60
無所適從	60
踭	60
准	60
熊熊	60
偷情	60
責罵	60
正版	60
茶室	60
意會	60
就位	60
一絲不掛	60
張牙舞爪	60
摯愛	60
焚化	60
姑仔	60
開賭	60
印堂	60
臨界點	60
包喺我身上	60
時務	60
飛車	60
反倒	60
聚首	60
賠率	60
服帖	60
減免	60
軟化	60
叫雞	60
衣衫不整	60
點話點好	60
頻密	60
伸手不見五指	60
真心實意	60
冰室	60
惡頂	60
髻	60
悟性	60
一觸即發	60
問句	60
傾瀉	60
起立	60
雞飯	60
爛漫	60
旁聽	60
碎屍萬段	60
有樣學樣	60
發票	60
埡	60
真菌	60
離異	60
調轉嚟	60
商業化	60
火頭軍	60
尤為	60
費事你	60
三五七	60
實事	60
扶植	60
唔使旨意	60
兩文	60
欲言又止	60
釜山	60
食環署	60
扶手電梯	60
唔睬我	60
三角洲	60
黑幕	60
內憂外患	60
不懈	60
製藥	60
老同	60
海馬	60
排序	60
跑腿	60
迎親	60
服務費	60
困局	60
刺探	60
瞓晏覺	60
側門	60
吞唔落	60
真定假㗎	60
來行去	60
天網恢恢	60
被套	60
生死有命	60
問責	60
眼罩	60
沙拉	60
輪唔到	60
做文章	60
標槍	60
一肚氣	60
衰佬	60
不平等條約	60
分神	60
影樓	60
居留	60
財神爺	60
流浪貓	60
解鎖	60
樹頭	60
記錯咗	60
橫街	60
造價	60
撞牆	60
平心靜氣	60
擋風玻璃	60
求取	60
神主牌	60
監生	60
水母	60
長線	60
靜養	60
民事	60
魔幻	60
蘇武	60
用字	60
庶	60
十八羅漢	60
幗	60
財路	60
陰聲細氣	60
鈕	60
恩惠	60
不濟	60
不聞不問	60
暑期	60
身後事	60
切粒	60
華文	60
求籤	59
閒言閒語	59
反骨	59
背信棄義	59
箋	59
前衞	59
地下水	59
坦率	59
找錢	59
賀禮	59
阿曼	59
見家長	59
無釐頭	59
嫌疑犯	59
拖男帶女	59
大和	59
月後	59
立陶宛	59
動作片	59
飛機場	59
禮拜四	59
冇咁嚴重	59
卑鄙小人	59
大抵	59
譏笑	59
幾時得閒	59
精氣神	59
巴打	59
變量	59
效法	59
新移民	59
刀子	59
家常便飯	59
廚餘	59
傷腦筋	59
哈薩克	59
歉意	59
船老大	59
避無可避	59
罷了	59
期滿	59
大公無私	59
瓢蟲	59
酒水	59
惹麻煩	59
俗世	59
摸黑	59
叱	59
肅然起敬	59
一年到頭	59
天份	59
拖欠	59
伸張	59
鼻血	59
睇唔上	59
中衞	59
倡議	59
激流	59
肉鋪	59
不謀而合	59
裸露	59
工整	59
亭台樓閣	59
艇家	59
揮灑	59
獨白	59
肝癌	59
註明	59
攻讀	59
片酬	59
尖聲	59
教條	59
佢大聲嗌	59
開口埋口	59
同輩	59
腰包	59
惡習	59
隨同	59
玩女人	59
賤格	59
手骨	59
躋身	59
單單打打	59
曲調	59
敲擊	59
瓶子	59
被子	59
流連	59
胸懷大志	59
小掩	59
高球	59
太平公主	59
古風	59
義不容辭	59
壯舉	59
人各有志	59
將帥	59
白馬王子	59
謝意	59
養精蓄鋭	59
邊有話	59
死妹釘	59
食評	59
作答	59
心裏有數	59
琶	59
轉口	59
無異	59
虛無縹緲	59
幹掉	59
蛹	59
趕唔切	59
母系	59
彪馬	59
肉絲	59
特惠	59
診治	59
知死	59
選秀	59
長孫	59
重蹈覆轍	59
腎臟	59
魚子	59
一刀切	59
轍	59
開埠	59
暖流	59
小姑	59
大開殺戒	59
濃重	59
長遮	59
妖邪	59
上期	59
有冇你	59
梵高	59
幫兇	59
圓潤	59
拳王	59
侃	59
係我細佬	59
航空母艦	59
亞細亞	59
東涌	59
朝貢	59
莖	59
呼出	59
起身咯	59
埋口	59
散場	59
水力	59
名門望族	59
保證金	59
搶先一步	59
立大功	59
踉	59
生財	59
世代相傳	59
半桶水	59
善長	59
複述	59
散手	59
過堂	59
孔雀王朝	59
鬼叫我	59
諗計仔	59
閹割	59
年輕力壯	59
扮傻	59
邋	59
叫罵	59
暉	59
現行	59
送殯	59
嚟真	59
掃蕩	59
荷爾蒙	59
公署	59
騎射	59
飾品	59
黑手	59
函數	59
招標	59
食咗飯未啊	59
歡迎您	59
神經元	59
設計圖	59
紙錢	59
膽固醇	59
詐帝	59
大鼻	59
撥通	58
基石	58
預判	58
花旗	58
肥土	58
詬病	58
聽聽歌	58
避開下	58
蒼蠅	58
搭台	58
飽和	58
春色	58
號召力	58
市價	58
缺德	58
水槍	58
珍品	58
多愁善感	58
使用者	58
少許	58
戇	58
良心發現	58
温熱	58
火水	58
無所不能	58
關隘	58
乖巧	58
唔好嘈啦	58
寮	58
出入平安	58
驚喜交集	58
仲唔得	58
典雅	58
之先	58
廢氣	58
潯	58
鐘錶	58
久唔久	58
無稽之談	58
接載	58
兼夾	58
津津樂道	58
惻隱	58
難言之隱	58
死撐	58
構想	58
學壞	58
你點去	58
兜頭兜腦	58
插花	58
遊子	58
風速	58
化齋	58
毒害	58
周柏豪	58
上落班	58
謀取	58
狼人	58
連串	58
炎症	58
左下	58
敦厚	58
倍增	58
停產	58
個人資料	58
乘勝追擊	58
錢幣	58
發電機	58
矮瓜	58
究竟咩事	58
穿插	58
激死人	58
社會學	58
點知啫	58
行咁遠	58
立於不敗之地	58
等位	58
趨向	58
死咗條心	58
瞭如指掌	58
本州	58
手帕	58
舊都	58
辭退	58
蠟筆	58
彈吉他	58
調度	58
底衫	58
寄存	58
如願以償	58
藝能	58
訪客	58
整整下	58
唔夠瞓	58
掛好	58
碌架牀	58
解體	58
一技之長	58
呀嘛	58
婆家	58
動植物	58
病因	58
試行	58
係啩	58
冇壞	58
慌失失	58
年滿	58
胚胎	58
信紙	58
退休金	58
消防車	58
幺二	58
命題	58
即係乜嘢	58
切記	58
反口	58
豬潤	58
狗棍	58
機車	58
紅顏知己	58
談及	58
青椒	58
蝴蝶結	58
賭局	58
實事求是	58
追入	58
食宿	58
麪包樹	58
衙役	58
湯麪	58
運動場	58
藍莓	58
送還	58
激將法	58
雀巢	58
開賽	58
懷緬	58
光天化日之下	58
港女	58
叫咗我	58
維基	58
銅器	58
礁石	58
還神	58
點係啊	58
狂潮	58
高利貸	58
失分	58
王五	58
嬪	58
男女老少	58
春藥	58
斬獲	58
英中	58
鼻鼾	58
來勢洶洶	58
落湯雞	58
狹隘	58
濟世	58
束手待斃	58
首映	58
孤陋寡聞	58
中級	58
茶樹	58
超重	58
海地	58
文豪	58
左輪	58
雄壯	58
耨	58
衰婆	58
雞鳴	58
紙質	58
乍	57
施壓	57
擊潰	57
中標	57
道友	57
刀片	57
結案	57
高跟鞋	57
金山寺	57
戲份	57
好唔好啫	57
膠帶	57
堂妹	57
水上人家	57
授課	57
展翅	57
夠味	57
弔喪	57
掃貨	57
陣線	57
分工合作	57
發福	57
奧委會	57
重犯	57
製衣	57
相容	57
書展	57
食得㗎	57
奢求	57
打更	57
如痴如醉	57
火急	57
存貨	57
前一排	57
燒錢	57
以牙還牙	57
一筆勾銷	57
人見人愛	57
高帽	57
面巾	57
攻擊力	57
自然保護區	57
脩	57
瀨	57
硬朗	57
偽軍	57
寶林	57
興隆	57
水上樂園	57
晶體	57
空中服務員	57
仲使問嘅	57
組件	57
暗黑	57
途人	57
獎盃	57
公仔麪	57
啱巧	57
事到臨頭	57
大錘	57
冇揾到	57
包辦	57
兵強馬壯	57
滾瓜爛熟	57
桌面	57
小勝	57
自身難保	57
玩耍	57
炫	57
開飯啦	57
棕	57
丰	57
脊椎	57
貌相	57
狂妄自大	57
姑母	57
香港島	57
德文	57
泥公仔	57
沙塵滾滾	57
初出茅廬	57
自焚	57
樂事	57
問候下	57
過繼	57
清真寺	57
龍爭虎鬥	57
指正	57
着實	57
刪減	57
拖刀	57
攤喺度	57
睇頭	57
鄉下仔	57
新近	57
吱聲	57
檢獲	57
擘大喉嚨	57
警鐘	57
咩角色	57
填平	57
水到渠成	57
密閉	57
雲石	57
循序漸進	57
自斟自飲	57
櫃位	57
夠運	57
書法家	57
盲公	57
凝聚力	57
揼骨	57
恐防	57
惟	57
落網	57
取締	57
生肉	57
公頭	57
發難	57
切除	57
判案	57
可遇不可求	57
王室	57
執屋	57
葺	57
鋪設	57
扼殺	57
歸依	57
性行為	57
隔日	57
茸茸	57
戰刀	57
問下先	57
白頭佬	57
黑名單	57
比比皆是	57
藝高人膽大	57
破天荒	57
當政	57
嘥錢	57
落選	57
僧侶	57
着眼	57
遍體鱗傷	57
肥羊	57
現存	57
區塊鏈	57
草案	57
一文不值	57
重頭	57
好好睇睇	57
嘔心	57
打蛇	57
好衰㗎	57
曾祖父	57
揍	57
跪下	57
台幣	57
新聞發佈會	57
綾羅綢緞	57
殮	57
籌辦	57
宰割	57
講聲對唔住	57
打成一片	57
憤慨	57
租住	57
大家閨秀	57
腳眼	57
嚴懲	57
好難解釋	57
典當	57
寵幸	57
益智	57
糯米粉	57
蕎麥	57
討教	57
我寫嘅	57
冇理我	57
鑑別	57
越位	57
轟炸機	56
月票	56
癲狂	56
賀壽	56
新居	56
雨勢	56
血污	56
餅店	56
大合照	56
一千零一	56
帳幕	56
提神	56
鬧爆	56
打鐵佬	56
分毫	56
禪堂	56
墊底	56
喐嚟喐去	56
收皮	56
羣情洶湧	56
濾鏡	56
隱晦	56
吹簫	56
技師	56
附帶	56
平均值	56
揮之不去	56
背道而馳	56
支線	56
廉政公署	56
福星	56
優厚	56
閒錢	56
到目前	56
請纓	56
德語	56
擘大個口得個窿	56
萌芽	56
睇佢唔起	56
換班	56
好過冇	56
脱水	56
槍殺	56
停課	56
半途	56
意向	56
萬丈深淵	56
落堂	56
大草	56
哀悼	56
另一邊廂	56
松果	56
貼士	56
亡命	56
四腳朝天	56
粵語片	56
視死如歸	56
主力部隊	56
衣帽	56
選票	56
水土不服	56
捷克	56
商貿	56
傾巢而出	56
車水馬龍	56
食糖	56
打個冷	56
落手落腳	56
心照	56
沙俄	56
害蟲	56
潮語	56
內側	56
快測	56
射燈	56
生生世世	56
遊刃有餘	56
顛簸	56
晚間	56
叻咗	56
赤柱	56
空話	56
退學	56
應徵	56
一無是處	56
涼水	56
愛琴海	56
情有獨鍾	56
萬般	56
用情	56
潰不成軍	56
絕藝	56
桿	56
滿族	56
珠江三角洲	56
擔擱	56
精簡	56
寒舍	56
閒情	56
有指	56
家國	56
睇路	56
力挽狂瀾	56
為人處世	56
囡	56
食言	56
烈風	56
弈	56
執到寶	56
膠粘劑	56
罅隙	56
公仔書	56
孚	56
弔唁	56
焯	56
助攻	56
鍾唔鍾意	56
喐下喐下	56
金獎	56
紅外線	56
炒米	56
晶瑩剔透	56
出車	56
一般來説	56
好冇癮	56
注音	56
女傭	56
言而無信	56
搖頭晃腦	56
媒婆	56
柴油	56
抨擊	56
大顯身手	56
周詳	56
勘察	56
斜路	56
首創	56
打大赤腳	56
特派	56
藥效	56
手無寸鐵	56
宜人	56
瓷磚	56
笨拙	56
封城	56
薑湯	56
毛管	56
頭七	56
咎由自取	56
揮發	56
玩嘢啊	56
募捐	56
隔閡	56
聽唔入耳	56
常客	56
賺多啲錢	56
牛頭角	56
獨創	56
下壓	56
務實	56
激嬲佢	56
純情	56
賀年	56
背書	56
掃射	56
低窪	56
連載	56
一應俱全	56
燥熱	56
耐用	56
潑辣	56
支離破碎	56
起勢	56
信邪	56
先河	56
訓話	56
洋酒	56
水來土掩	56
教仔	56
夢想成真	56
暢遊	56
嗜	56
衞生局	56
無言以對	56
驅散	55
香口膠	55
惡果	55
榮辱	55
假借	55
夸	55
打腳骨	55
梁錦輝	55
拍爛手掌	55
苟且	55
達標	55
拎出去	55
失修	55
清唱	55
庇佑	55
有一手	55
行雲流水	55
笨重	55
燭台	55
後鼻音	55
記唔住	55
切入	55
削鐵如泥	55
邊遠	55
通街	55
噴水池	55
通暢	55
千載	55
飛機師	55
榜文	55
不負責任	55
山楂	55
仲使講	55
人一世	55
呢幾間	55
流星雨	55
官仔	55
鬟	55
幼細	55
角力	55
醜化	55
冇聯繫	55
摘下	55
拉埋天窗	55
最低工資	55
揸槍	55
獻唱	55
禁不住	55
打火	55
羅盤	55
接濟	55
營商	55
頂嘴	55
膠布	55
互助	55
語重心長	55
重量級	55
講埋先	55
電話亭	55
好戰	55
全然	55
元寶蠟燭	55
退款	55
翻揀	55
談天説地	55
修行人	55
你睇住嚟	55
唔理三七二十一	55
小編	55
案底	55
重中之重	55
兜風	55
嗷嗷聲	55
代碼	55
呢個就有	55
霓虹	55
石沉大海	55
晉朝	55
導火線	55
口語化	55
天災人禍	55
強詞奪理	55
鄔	55
審判長	55
首頁	55
孤家寡人	55
精彩人生	55
黑客	55
主治	55
自駕遊	55
不要緊	55
功勳	55
救世主	55
就至	55
起跑	55
間歇	55
成個彈起	55
面面相覷	55
外孫女	55
幹事	55
求降	55
公報	55
無所不為	55
規章	55
養子	55
吆	55
賭神	55
要過咗	55
情緒化	55
落地生根	55
激活咗	55
泄氣	55
經常性	55
壯漢	55
火拼	55
袋裝	55
自由身	55
快手啲	55
水份	55
仲有事	55
七仔	55
建制	55
鼓手	55
第一把交椅	55
孱弱	55
正文	55
做唔嚟	55
入土為安	55
家禽	55
突襲	55
慾火	55
贈品	55
礦坑	55
世故	55
毒殺	55
轉角位	55
悦耳	55
大小便	55
茶碗	55
咪喐	55
回水	55
循規蹈矩	55
闖江湖	55
年事已高	55
輪住	55
怪誕	55
咁大風	55
收監	55
膝蓋	55
隨軍	55
林鄭	55
魏忠賢	55
賠款	55
冤有頭	55
公眾人物	55
吸塵	55
中規中矩	55
驚心	54
町	54
伏筆	54
百毒不侵	54
剩女	54
氮	54
正行	54
冇解	54
孤魂野鬼	54
咩環境	54
拘束	54
吸取教訓	54
誤打誤撞	54
手帶	54
零頭	54
清蒸	54
自命	54
特警	54
恍	54
甘香	54
收檔	54
眉來眼去	54
慢動作	54
單日	54
冇有怕	54
含羞	54
分曉	54
迴光返照	54
軍機處	54
開户	54
修心養性	54
豬欄	54
鬼唔知	54
大耳窿	54
位高權重	54
貴少少	54
大言不慚	54
去濕	54
料酒	54
混血兒	54
入場券	54
冷盤	54
行唔行得	54
微乎其微	54
勉為其難	54
普羅大眾	54
重見天日	54
漢城	54
唐突	54
敗走	54
難解難分	54
女家	54
下火	54
鋪仔	54
雙皮奶	54
清查	54
收買人心	54
花枝招展	54
日積月累	54
默默無聞	54
趴咗喺	54
體恤	54
退貨	54
熱飲	54
殉國	54
撲落	54
簇	54
不只	54
外遇	54
拔出嚟	54
遮遮掩掩	54
炒賣	54
正傳	54
褪色	54
焦頭爛額	54
茶飯不思	54
打醒十二分精神	54
鴻福齊天	54
鬥牛	54
唔好擔心	54
四方八面	54
預告片	54
懲處	54
知足常樂	54
鑑證	54
福祉	54
迎刃而解	54
酒醒	54
記仇	54
遢	54
護航	54
樂天	54
生冷	54
開班	54
火坑	54
神燈	54
季軍	54
勤政	54
和風	54
聲樂	54
孟姜女	54
打賭	54
校舍	54
剁碎	54
軟咗	54
定理	54
遍及	54
顯微鏡	54
鬢邊	54
收數	54
知錯啦	54
君士坦丁堡	54
延年益壽	54
矯情	54
嬌生慣養	54
警犬	54
暴斃	54
調高	54
插圖	54
減價	54
如火如荼	54
奇想	54
枸杞	54
所剩無幾	54
勇者	54
冇咩興趣	54
一粒女	54
豪情	54
良家婦女	54
辛勤	54
工行	54
草蜢	54
乜係你	54
心腹之患	54
車公	54
硝	54
受阻	54
慚	54
自作聰明	54
到死死下	54
浮水	54
下列	54
家當	54
教廷	54
遣散	54
睺	54
隊冧	54
須知	54
俗氣	54
稀薄	54
綿羊仔	54
魚肚	54
白手	54
緊接	54
走馬上任	54
體育場	54
投契	54
隱喻	54
丟棄	54
自誇	54
退潮	54
縫製	54
勢均力敵	54
辦學	54
摳	54
叩謝	54
牙齦	54
粗淺	54
藥引	54
仿照	54
一家之主	54
翩翩	54
千百萬	54
啞仔	54
蓄意	54
十八般武藝	54
吧枱	54
單子	54
大劑	54
好動	54
燃油	54
褒	54
配藥	54
謠傳	54
繼父	54
蟑螂	54
咪走啊	53
團年飯	53
普洱	53
十拿九穩	53
歎為觀止	53
豬紅	53
仲啱	53
六道輪迴	53
酷熱	53
出廠	53
無與倫比	53
副本	53
焊	53
木棉	53
地老天荒	53
選民	53
成風	53
夾心	53
幾鬼	53
跟著	53
機房	53
桌球	53
合羣	53
備案	53
盤子	53
文盲	53
國營	53
煙筒	53
髮腳	53
五虎將	53
聽開	53
離隊	53
精幹	53
計落	53
無稽	53
蜜棗	53
畫筆	53
潛台詞	53
我哋上咗	53
四野	53
依從	53
作祟	53
緊湊	53
膨	53
套現	53
詩篇	53
天府之國	53
馬術	53
班會	53
韜	53
盜用	53
嚎啕	53
住家菜	53
感染力	53
把炮	53
犧牲品	53
後防	53
温文爾雅	53
中意人	53
扮豬食老虎	53
仇視	53
傾慕	53
知縣	53
要攞去	53
陰霾	53
凋謝	53
固態	53
一草	53
個唱	53
勺	53
換位思考	53
睏倦	53
輕度	53
眼明手快	53
熟絡	53
手相	53
長女	53
人性化	53
發臭	53
嚮	53
乾咳	53
百合花	53
差價	53
四房	53
場口	53
小息	53
擱	53
變得好似	53
禮賢下士	53
心都實	53
渣渣	53
交低	53
跳脱	53
歷險	53
光燦燦	53
未同佢	53
鼻腔	53
無須	53
未輪到	53
劫富濟貧	53
纖細	53
童書	53
賑災	53
油油	53
秋色	53
鬆脆	53
面善	53
服眾	53
閲兵	53
魚鈎	53
遐想	53
去國外	53
化學成分	53
一氣呵成	53
古色古香	53
嘥心機	53
密切留意	53
報廢	53
無誤	53
唔聲唔氣	53
爆發力	53
收受	53
激怒	53
商談	53
兒童節	53
雪亮	53
祥和	53
禮炮	53
報料	53
直接了當	53
章法	53
食量	53
緯度	53
出去旅遊	53
唔歡喜	53
打算幾時	53
缺氧	53
回禮	53
主因	53
愚弄	53
重頭戲	53
百家爭鳴	53
失神	53
身強力壯	53
寸步不離	53
夏至	53
朮	53
面不改色	53
立定心水	53
派員	53
荷包蛋	53
百里香	53
蒸汽機	53
鋌而走險	53
喜馬拉雅山	53
情敵	53
輸血	53
家山	53
多謝先	53
病歷	53
無所不知	53
眾説紛紜	53
五代十國	53
透骨	53
康泰	53
慣常	53
遠門	53
迅雷不及掩耳	53
燎	53
呃神騙鬼	53
行政總裁	53
耐人尋味	53
痴咗線	53
鄱	53
卟	52
擴闊	52
軟禁	52
口服	52
寡言	52
成雙成對	52
構圖	52
私房菜	52
自尋短見	52
半路上	52
香港話	52
自作多情	52
聞風喪膽	52
強暴	52
穿煲	52
不同凡響	52
麻煩啲	52
閃閃縮縮	52
毀於一旦	52
投標	52
點收	52
老邁	52
內鬥	52
飽讀詩書	52
蓑衣	52
爭端	52
淡水魚	52
勇武	52
水火不容	52
居室	52
項鍊	52
洗手盆	52
扇子	52
縮影	52
毯	52
政令	52
冥冥中	52
紙上談兵	52
帥氣	52
冇嘢好講	52
興沖沖	52
吹咩	52
抽空	52
惹事	52
仙草	52
碌卡	52
過龍	52
對流	52
養尊處優	52
敬服	52
有求必應	52
杞子	52
使命感	52
清水灣	52
攻入去	52
圖表	52
名帖	52
口花花	52
急轉直下	52
按理	52
兇神惡煞	52
好驚啊我	52
鵲	52
土崩瓦解	52
辨識	52
殺菌	52
誓詞	52
散工	52
遠赴	52
錦標	52
關刀	52
一應	52
批文	52
退婚	52
竭盡	52
人哋咯	52
柚子	52
氣急敗壞	52
做手腳	52
螺絲批	52
仲使問	52
濕碎	52
粵西	52
閃失	52
輕率	52
律師樓	52
灰白	52
景仰	52
花語	52
清一色	52
油站	52
咁講説話	52
三甲	52
你上咗	52
重有	52
出嚟擺	52
入伍	52
左翼	52
口硬	52
想着你	52
死清光	52
尖頭	52
羣居	52
主打歌	52
賴死	52
恩准	52
耐唔中	52
污穢	52
赤道	52
學得識	52
躲藏	52
估估下	52
鬼胎	52
外泄	52
屋邨	52
大前提	52
背棄	52
李昂	52
附上	52
夜生活	52
人倫	52
走馬燈	52
還治其人之身	52
記事	52
閃光燈	52
承繼	52
水利工程	52
中港	52
投其所好	52
噢	52
入讀	52
拜金	52
奔喪	52
到肉	52
蠶食	52
查閲	52
擂低	52
電機	52
租約	52
凹陷	52
褲頭	52
大頭魚	52
精神抖擻	52
胞	52
稠密	52
破門而入	52
起咗啦	52
軍刀	52
南區	52
購入	52
可親	52
情投意合	52
有的是	52
墊住	52
面談	52
血案	52
比擬	52
哀愁	52
老派	52
留醫	52
綠帽	52
招魂	52
調停	52
唔使送	52
申辦	52
人精	52
阿丁	52
風筒	52
操守	52
限額	52
內線	52
網址	52
遨	52
鄉鎮	52
心肝寶貝	52
簡體字	52
盆栽	52
藍田	52
更生	52
面試官	52
送客	52
湯羹	52
德克薩斯	52
欠債還錢	52
異物	52
散紙	52
幼蟲	52
奇異果	52
故居	52
點止	52
廣博	52
柏樹	52
西多	52
啞鈴	52
腺	52
分區	52
灼傷	52
轉下眼	52
藤牌	52
拎得起	52
徵税	52
汗毛	52
小節	52
話定	52
滑行	52
攞緊	52
行騙	52
何方神聖	52
飛檐走壁	52
等價	51
美名	51
雕花	51
制唔制	51
暖和	51
製造商	51
絕食	51
警匪片	51
預祝	51
直隸	51
雪茄	51
我得咗	51
隨遇而安	51
手電	51
咄咄逼人	51
且慢	51
岌岌可危	51
誘因	51
擔子	51
歡聲雷動	51
飛逝	51
接龍	51
叔仔	51
執生	51
修剪	51
男丁	51
寄予	51
前世今生	51
猶太教	51
你真係去	51
林林總總	51
安生	51
粗細	51
憫	51
載客	51
飲緊茶	51
澡	51
滯留	51
沿線	51
繪製	51
勞頓	51
芥末	51
彩池	51
古典音樂	51
人生贏家	51
八公	51
飄住	51
炮製佢	51
擁立	51
行大運	51
牛頸	51
歐西	51
人奶	51
染料	51
寵物小精靈	51
肝炎	51
車廠	51
許諾	51
一分貨	51
悠揚	51
迎新	51
高大威猛	51
爽直	51
身體力行	51
有難同當	51
第二時	51
附身	51
自閉	51
貶義詞	51
温潤	51
亂諗嘢	51
飛撲	51
教條主義	51
唱反調	51
一窩蜂	51
大魚大肉	51
腎上腺	51
縹	51
盡心竭力	51
温帶	51
放血	51
思鄉	51
牢騷	51
隨口講	51
見紅	51
不出所料	51
虧空	51
死肥仔	51
怠	51
蜘蛛俠	51
歡樂今宵	51
兩日啫	51
上工	51
御書	51
糰子	51
定額	51
上把	51
就範	51
揼爛	51
大葱	51
街頭巷尾	51
食唔食得	51
名目	51
扼	51
珂	51
夜長夢多	51
牙科	51
掃街	51
不近人情	51
揚名	51
將至	51
交帶	51
不育	51
夜店	51
走漏消息	51
唔理三七廿一	51
閤眼	51
飲食業	51
花蜜	51
岳父	51
離子	51
飛石	51
倚靠	51
睡意	51
既得利益者	51
卧虎	51
侷促	51
顆粒	51
方塊	51
工業品	51
凡是	51
新教	51
翡翠台	51
對家	51
阜	51
作曲家	51
回敬	51
白蛇傳	51
科大	51
道聽途説	51
時局	51
要員	51
拖車	51
揀過	51
飢渴	51
厚愛	51
譚公	51
空手道	51
曲子	51
浪跡天涯	51
茹	51
价	51
奸黨	51
遊魂	51
公款	51
蛇羹	51
強橫	51
放虎歸山	51
上廣州	51
堅定不移	51
暢所欲言	51
冪	51
執起嚟	51
優劣	51
爐頭	51
同你媽	51
變化莫測	51
債有主	51
涼快	51
素人	51
撩開	51
收條	51
懷疑人生	51
度水	51
俯首	51
天壇	51
肥水	51
刷新	51
生人唔生膽	51
日記簿	51
穩當	51
樓面	51
女團	51
涅槃	51
死而復生	51
都查唔到	51
認購	51
綽	51
查封	51
同我唔	51
林木	51
夥記	51
排球	51
北帝	51
服氣	51
蛋蛋	51
充氣	51
危殆	51
頭重腳輕	51
有見地	51
大角咀	51
抑壓	51
辯方	51
處理方法	50
正日	50
紙牌	50
秋高氣爽	50
口福	50
強身健體	50
依邊	50
黑豆	50
白素貞	50
南半球	50
留宿	50
隻眼開隻眼閉	50
作賊心虛	50
舞步	50
社會福利	50
安老院	50
降落傘	50
孖仔	50
克勒	50
留名	50
輾轉反側	50
舞女	50
在所不惜	50
氣節	50
草皮	50
外鄉	50
激增	50
領帶	50
熟習	50
總和	50
幾時係	50
出得街	50
接生	50
命不該絕	50
紅玫瑰	50
命仔都冇埋	50
官非	50
唔聲唔聲	50
你咁夜	50
繁忙時間	50
煉獄	50
五毛	50
精子	50
董事局	50
入股	50
兒時	50
白紙黑字	50
新鮮出爐	50
啱使	50
舉出	50
落敗	50
心大心細	50
塊嘢	50
都冇人應	50
生怕	50
展館	50
駭	50
不諱	50
偏執	50
捕食	50
髮型屋	50
渾濁	50
着咩衫	50
接生婆	50
空出	50
可有可無	50
空想	50
頂頭上司	50
生根	50
分娩	50
肆意	50
男家	50
聲卡	50
鷲	50
指證	50
問下人	50
改道	50
命根	50
蝗	50
賬面	50
富饒	50
去留	50
嬸嬸	50
暫定	50
斷斷	50
此起彼伏	50
洋溢	50
快門	50
幾樓	50
一拍即合	50
你答我	50
嘖	50
出診	50
鬼叫佢	50
夾個	50
地下街	50
色狼	50
終之	50
碌大眼	50
有幾可	50
打情罵俏	50
呼救	50
魚苗	50
腳掌	50
引人入勝	50
盞鬼	50
總公司	50
橡筋	50
氣定神閒	50
端倪	50
火柴人	50
不亦樂乎	50
兼具	50
埋堆	50
卧蠶	50
舉手投足	50
汪洋	50
長尾巴	50
占星	50
連根拔起	50
撲街啊	50
斜陽	50
大廟	50
發短信	50
咁好人	50
旅遊巴	50
唔阻你	50
候車	50
翻碗	50
雞毛蒜皮	50
潔癖	50
人哋可能	50
邪念	50
派駐	50
人心難測	50
晶片	50
事與願違	50
動容	50
液態	50
半條人命	50
冇佢收	50
獲救	50
恩平	50
無牽無掛	50
聲波	50
收藏品	50
鐵礦	50
喜鵲	50
高枕無憂	50
水氣	50
水族	50
膠片	50
七零八落	50
球賽	50
果凍	50
東主	50
懊悔	50
大飛	50
倚重	50
傳揚	50
開倉	50
里程碑	50
待命	50
冇放過	50
禪讓	50
疼愛	50
血汗錢	50
光管	50
興風作浪	50
保單	50
外遊	50
法人	50
塗鴉	50
周長	50
感應器	50
掉轉頭	50
外流	50
環抱	50
奸商	50
小調	50
吉隆坡	50
萬行	50
臘月	50
經唔起	50
來無影	50
年花	50
棍仔	50
島國	50
飄灑	50
粹	50
細食	50
專職	50
響道	50
海防	50
奚	50
你去咗邊	50
專業知識	50
法蘭克福	50
車仔麪	50
僑	50
闡述	50
浸濕	50
咩衫	49
照相	49
退房	49
痛死我啦	49
意氣風發	49
麻甩佬	49
我隱約	49
上色	49
不外	49
由佢啦	49
冇理咁多	49
骷髏	49
脅	49
淋巴	49
筆仙	49
水車	49
嬉戲	49
拖長	49
臉龐	49
玩命	49
為準	49
卧牀	49
光陰似箭	49
嘴臉	49
衰微	49
危機四伏	49
發軟	49
有料到	49
不知所謂	49
罔	49
自衞隊	49
暴發户	49
豆角	49
詩作	49
星期幾	49
漠視	49
講人話	49
父愛	49
日月星辰	49
着咗件	49
天倫之樂	49
升旗	49
諺語	49
哽	49
反掌	49
博愛	49
刀叉	49
蠻不講理	49
和尚袍	49
做世界	49
訪台	49
學車	49
聖僧	49
蕃茄	49
食在廣州	49
打醒精神	49
外患	49
縮頭烏龜	49
虛驚	49
運算	49
怪氣	49
陷落	49
攪拌機	49
完美主義	49
緲	49
打乞嗤	49
把鬼	49
大場	49
黑白無常	49
唔複雜	49
鷺	49
唔阻你啦	49
肅穆	49
萬載	49
三番五次	49
熔岩	49
百搭	49
夾錢	49
一場嚟到	49
可不是	49
食清光	49
看望	49
你副	49
防務	49
不合時宜	49
暗害	49
死定	49
老伴	49
茴	49
鱔	49
黑山	49
超我	49
屌你	49
冰窖	49
燈膽	49
恍然	49
兩棲	49
競爭者	49
滅頂	49
嚇大	49
諛	49
教大	49
異象	49
雞同鴨講	49
災區	49
錯字	49
電鋸	49
與世長辭	49
度日如年	49
空穴來風	49
金盆洗手	49
礴	49
失血過多	49
元宇宙	49
花拳	49
包金	49
堅持不懈	49
何以見得	49
通知書	49
私有化	49
東道主	49
紅噹噹	49
堯舜	49
賄	49
奸惡	49
費勁	49
好閒	49
似是而非	49
背向	49
大西北	49
井井有條	49
標青	49
佢唔捨得	49
隻碗	49
火船	49
唔理唔睬	49
仁愛	49
九霄雲外	49
衣領	49
天陰	49
疏而不漏	49
笨手笨腳	49
是日	49
雪上加霜	49
虛報	49
膀	49
齋戒	49
默許	49
剪斷	49
呢個算係	49
我都係用	49
喵喵喵	49
姦情	49
國泰航空	49
替死	49
權術	49
墨鏡	49
怪獸家長	49
手稿	49
行規	49
於事無補	49
拉鍊	49
雜務	49
好事嚟㗎	49
邪靈	49
辛勞	49
蛀	49
諸事	49
不寒而慄	49
叉腰	49
有賴	49
逮	49
因禍得福	49
銷魂	49
死得啦	49
英倫	49
飛鴿傳書	49
目定口呆	49
唔忍得	49
忠告	49
美孚	49
膽汁	49
真諦	49
警棍	49
捐助	49
家公	49
挪用	49
童顏	49
琉球	49
五湖四海	49
聖彼得	49
單打	49
放飛機	49
手指指	49
石英	49
影展	49
羔羊	49
中出	49
衣冠禽獸	49
加密貨幣	49
下肢	49
雪中送炭	49
監工	49
狂喜	49
兜嘢	49
穿山甲	48
登峯造極	48
合時	48
倒垃圾	48
公共交通工具	48
毋庸置疑	48
剩係	48
怨天尤人	48
自備	48
港隊	48
有何不可	48
空框框	48
凶宅	48
累贅	48
凝視	48
勞民傷財	48
止跌	48
下葬	48
禱	48
室內設計	48
辭行	48
男星	48
倘	48
世界形勢	48
走光	48
無功而返	48
另行	48
文化大革命	48
正餐	48
邀約	48
鄉音	48
打鼻鼾	48
波音	48
力爭	48
貓樣	48
編年史	48
朝朝暮暮	48
自動化	48
祖籍	48
正當中	48
平板	48
擺陣	48
胡説	48
能手	48
精益求精	48
私塾	48
徐徐	48
飲多杯	48
定心丸	48
心靈雞湯	48
窮途末路	48
伴娘	48
心領神會	48
分別為	48
發笑	48
璐	48
費解	48
塵封	48
上海話	48
豚	48
生水	48
屋脊	48
死牛一邊頸	48
同病相憐	48
揾嘢	48
周遊	48
雞飛狗走	48
交響樂	48
情操	48
豬瘟	48
地毯	48
暴利	48
北半球	48
留聲機	48
細聽	48
防火	48
滿城風雨	48
鼻鼾聲	48
講低	48
醉酒佬	48
四面佛	48
瞓懶覺	48
生得醜	48
漱口	48
馳名	48
公投	48
撈亂	48
壓驚	48
胸肉	48
嵌	48
諾貝爾物理學獎	48
沉痛	48
念力	48
行乞	48
牀前明月光	48
咩遊戲	48
唱和	48
好惡死	48
錯落	48
惡狠狠	48
份子	48
神秘學	48
認領	48
寓所	48
大法官	48
邊度㗎	48
餐單	48
履歷	48
講咗咯	48
天靈蓋	48
理工大學	48
尖東	48
座談會	48
芭蕉扇	48
壓軸	48
建文帝	48
下限	48
買返嚟	48
石斑	48
賣國賊	48
喜色	48
唆	48
冰點	48
光天化日	48
燴	48
跑步機	48
配有	48
邊個敢嚟	48
袖口	48
獨生女	48
車長	48
濕水	48
釋出	48
才俊	48
刀鞘	48
大義滅親	48
絕無僅有	48
忘我	48
守口如瓶	48
捐獻	48
冰鮮	48
椰青	48
清真	48
你話點就點	48
姣	48
組團	48
腸仔	48
翻風落雨	48
識乜嘢	48
緞帶	48
遞減	48
保本	48
油嘴	48
叔伯兄弟	48
體操	48
觸目驚心	48
參詳	48
揮拳	48
毛髮	48
煥然一新	48
憨居仔	48
標語	48
拉票	48
蹊	48
菜乾	48
動脈	48
痴呆	48
相宜	48
長平之戰	48
貼錢	48
咁就差唔多	48
雙喜	48
東拉西扯	48
驟眼	48
睇嘞	48
機電	48
打飛機	48
呢種心態	48
賙	48
仔爺	48
遙不可及	48
放風	48
靜觀其變	48
低俗	48
掹掹	48
文光	48
呼氣	48
星雲	48
文藝片	48
驍勇善戰	48
奏樂	48
滕	48
洗淨	48
三口六面	48
河間	48
貴府	48
西米	48
玩意兒	48
首屈一指	48
正職	48
海南雞飯	48
枱布	48
匈	48
天秤	48
入倉	48
商行	48
熟手	48
頹喪	48
消暑	48
引火	48
滷肉	48
肯德基	48
湯碗	48
投行	48
姍	48
睇輕	47
下狠心	47
服務生	47
翩翩起舞	47
掌相	47
福袋	47
重唔重	47
性愛	47
童心	47
撈嘢	47
終點站	47
救生員	47
遠唔遠	47
置之不理	47
開眼界	47
咬定	47
侮	47
清福	47
有效期	47
馬鈴	47
睇你唔起	47
蠅	47
吉普車	47
犁	47
色香味俱全	47
盛典	47
怒火中燒	47
官復原職	47
戰果	47
西斜	47
正嘢	47
水馬	47
頭車	47
合唔埋	47
泱泱	47
第四聲	47
打打殺殺	47
稱謂	47
劑量	47
家門不幸	47
增幅	47
夠威	47
頭版	47
危言聳聽	47
草蓆	47
牛力	47
穹	47
邊首	47
江湖道義	47
拜天地	47
性生活	47
苦肉計	47
峭	47
介懷	47
交人	47
嘈醒	47
綻	47
披散	47
踱步	47
骸骨	47
工作坊	47
氹人	47
濾	47
一波未平	47
變種	47
點嚟點去	47
太陽眼鏡	47
鎖上	47
低等	47
吔	47
茶果	47
慧眼	47
健美	47
韻律	47
性慾	47
縛	47
解約	47
自修	47
連着	47
暴跳如雷	47
龍友	47
劍神	47
俏皮	47
犯上作亂	47
酬金	47
異能	47
還貸	47
中庭	47
扣減	47
企定定	47
大全	47
嚇窒	47
襪子	47
遞交	47
招搖撞騙	47
東遼	47
打到落花流水	47
節奏感	47
鐵道	47
衣食無憂	47
改名換姓	47
維多利亞港	47
主婦	47
艦長	47
冷飯	47
屋宇	47
斑馬線	47
沾沾自喜	47
怪不得	47
苗頭	47
雜耍	47
天荒地老	47
颶風	47
作大	47
大舅父	47
心照不宣	47
維園	47
外文	47
踩雷	47
國破家亡	47
盛夏	47
立腳	47
隱憂	47
名作	47
幹道	47
寄人籬下	47
你又識	47
廚具	47
策動	47
製片人	47
失波	47
就腳	47
半圓	47
天婦羅	47
懇切	47
碳水化合物	47
鞍馬	47
異議	47
假面具	47
佢嚟過	47
線頭	47
廢紙	47
心思思	47
妙用	47
大手筆	47
售貨員	47
褒姒	47
一啖飯	47
信鴿	47
草本植物	47
你衰	47
招供	47
棚架	47
飛濺	47
人海茫茫	47
走數	47
浪得虛名	47
有咩冬瓜豆腐	47
雜種	47
建造業	47
擺架子	47
四腳爬爬	47
扯火	47
偏頗	47
生殺大權	47
行經	47
懾	47
水腳	47
撤回	47
正比	47
法號	47
大人有大量	47
存摺	47
立方	47
事不關己	47
壽堂	47
雪藏	47
美態	47
誇耀	47
吓話	47
和波	47
熱頭	47
阿特蘭蒂斯	47
卸任	47
葦	47
上方寶劍	47
鎮遠	47
穩步	47
芝麻綠豆	47
土瓜灣	47
死光	47
腔調	47
催化劑	47
當打	47
溝通下	47
拽	47
沙茶	47
笑面虎	47
十二經脈	47
副詞	47
更重	47
松下	47
長情	47
腎氣	47
烏拉圭	47
難逢	47
聲浪	47
提款	47
傻蛋	47
燈柱	47
手指罅	47
蒿	47
講實	47
畫緊	47
黃面婆	47
展覽會	47
掄	47
小寶寶	47
澡堂	47
自然災害	47
卒子	47
亞歷山大大帝	47
弄了	47
魏徵	47
譽為	47
費盡心思	47
上腦	47
狗男女	47
蘆筍	47
榨菜	47
咖啡豆	47
思覺失調	47
鮭	47
生生不息	47
包皮	47
打垮	47
吻別	47
電燈膽	47
毒販	47
芫茜	46
面黃肌瘦	46
冷巷	46
得天獨厚	46
蒸蒸日上	46
隨街	46
木薯	46
睦	46
空難	46
廣東菜	46
見義勇為	46
薯蓉	46
屬地	46
油菜	46
開心果	46
黑鬼	46
八步	46
舅公	46
幡	46
碗仔翅	46
藍布	46
血肉橫飛	46
集羣	46
恐龍蛋	46
墨守成規	46
段氏	46
受力	46
苦口	46
拉鋸	46
呢套嘢	46
多災多難	46
雞冠	46
卑賤	46
看不起	46
喳喳聲	46
黃陵	46
涼浸浸	46
茅台酒	46
找咗數	46
識到我	46
大市	46
後年	46
在逃	46
臉色	46
四海為家	46
年假	46
鏡面	46
幟	46
大勢所趨	46
萬全之策	46
信號彈	46
適得其反	46
出人意料	46
無以為繼	46
三跪九叩	46
懸案	46
蝠	46
碌柚	46
下墜	46
以後見到	46
刑天	46
濮	46
嚟喇	46
太平盛世	46
反響	46
水產	46
催化	46
塔羅牌	46
爽呢	46
赤痛	46
打打鬧鬧	46
牢獄	46
自尋煩惱	46
膽子	46
鼻窿	46
生靈塗炭	46
潮汐	46
呈獻	46
牛河	46
講笑咁講	46
顯貴	46
尋晚黑	46
高不可攀	46
悶熱	46
妖言惑眾	46
嘆世界	46
不辭勞苦	46
收歸	46
花邊	46
作物	46
訪查	46
編程	46
人壽	46
擦身而過	46
閒偈	46
狗血淋頭	46
講者	46
擠塞	46
曬相	46
枱曆	46
批皮	46
昏庸	46
怨聲載道	46
唔係咁明	46
驚叫聲	46
兩全	46
音像	46
講堂	46
玉蝴蝶	46
國教	46
馬交	46
騎術	46
新晉	46
接壤	46
照壁	46
受熱	46
自省	46
羣情	46
唔開胃	46
睇慣	46
蛋卷	46
亞裔	46
命水	46
直説	46
強積金	46
擠壓	46
上月	46
粗豪	46
老實講句	46
錢塘江	46
打殘	46
療效	46
頭飾	46
僆	46
鳳凰山	46
王儲	46
天朗	46
服藥	46
進香	46
朝露	46
自食其力	46
鑼聲	46
悍匪	46
牛肚	46
擄	46
墟市	46
線人	46
在即	46
繩子	46
影射	46
憂患	46
畀咗	46
接軌	46
再世	46
桃花運	46
盡歡而散	46
絹	46
中轉	46
看中	46
委婉	46
死過翻生	46
花茶	46
打沉	46
傷心欲絕	46
四舊	46
改天	46
合辦	46
講義	46
洗錢	46
施政報告	46
嘔心瀝血	46
收支	46
蛤	46
圈中人	46
救災	46
老西	46
定然	46
銀杏	46
對壘	46
閒雜	46
春日	46
更年期	46
印花	46
缺一不可	46
諤	46
所向無敵	46
和好如初	46
地產公司	46
拆卸	46
一掃而空	46
烏燈黑火	46
和藹可親	46
泄憤	46
冥王星	46
唔怪之	46
步步高昇	46
啄木鳥	46
菩提子	46
財源	46
合金	46
和悦	46
為人民	46
食物鏈	46
勞工處	46
認同感	46
文路	46
胃病	46
未卜先知	46
牢記	46
天腳底	46
下西洋	46
九龍灣	46
火炬	46
嫋	46
觀星	46
偏方	46
中古	46
以防不測	46
拗頸	46
取材	45
燒炭	45
頭向前	45
勤快	45
不錯不錯	45
伙	45
水深火熱之中	45
你幾點	45
代購	45
五光十色	45
波士	45
暴風雪	45
點樣咯	45
你一句我一句	45
騷亂	45
人在江湖	45
蜜月	45
教唆	45
水漲船高	45
上裝	45
吃香	45
你喺邊啊	45
新山	45
密不可分	45
坐以待斃	45
好仔	45
劃時代	45
形跡	45
風起雲湧	45
唔選擇	45
唔清唔楚	45
假牙	45
靠害	45
苦主	45
擺盤	45
轉危為安	45
至話	45
按部就班	45
推心置腹	45
非親非故	45
無償	45
陽光普照	45
單向	45
茶餘飯後	45
運數	45
攞唔定主意	45
鷹爪	45
插電	45
飆車	45
瀕危	45
推波助瀾	45
金鋪	45
尊卑	45
從政	45
妖豔	45
釐清	45
浮力	45
河灘	45
簽發	45
啱去	45
瀨尿	45
簡略	45
代步	45
出貓	45
試用期	45
大興土木	45
香港中文大學	45
雞公車	45
撤軍	45
鬼婆	45
留意咗	45
打九九九	45
休止	45
好波	45
產婦	45
交心	45
樂於助人	45
免疫系統	45
光學	45
人困馬乏	45
報德	45
冇嘢冇嘢	45
豁出去	45
步步為營	45
母體	45
隔代	45
墨汁	45
一塵不染	45
英姿	45
傷痕累累	45
應邀	45
席間	45
鬱金香	45
勤勤懇懇	45
盡忠報國	45
節食	45
香精	45
寫落嚟	45
敍事	45
窩藏	45
年邁	45
家喻户曉	45
晉身	45
療養	45
塑料袋	45
追加	45
功成名就	45
水大	45
晰	45
探求	45
車手	45
蹄印	45
搞掂埋	45
入廠	45
椰絲	45
族譜	45
尾數	45
活口	45
窪	45
多寡	45
你原先	45
蒼涼	45
面青青	45
狸貓換太子	45
忽嘅	45
著稱	45
等緊你啊	45
粒子加速器	45
糯米酒	45
災情	45
停滯不前	45
泡茶	45
背熟	45
受困	45
地保	45
寢食不安	45
騙徒	45
減法	45
前無古人	45
厚身	45
霸王龍	45
左派	45
健忘	45
略過	45
心直口快	45
王母	45
靈丹妙藥	45
成肚氣	45
善行	45
熟唔熟	45
冒起	45
專線	45
凹凸不平	45
沉積	45
執拾好行李	45
牛角包	45
置信	45
中樂	45
古板	45
買起	45
洗個面	45
大家坐低	45
費事啦	45
騰嚟騰去	45
三圍	45
傻豬	45
雕琢	45
參展	45
易容	45
先令	45
害處	45
已經愛	45
燁	45
毒辣	45
立身	45
打殺	45
作畫	45
逆來順受	45
賤民	45
辣雞	45
趾高氣揚	45
點石成金	45
新巴	45
花車	45
仙人掌	45
探監	45
發懵	45
幌	45
糧草先行	45
無可救藥	45
飛虎隊	45
話都冇咁快	45
守株待兔	45
話知佢	45
行唔開	45
唔犀利	45
馬勒	45
石筍	45
生物多樣性	45
示愛	45
逢凶化吉	45
旗鼓相當	45
唔化	45
婆媽	45
遲緩	45
殘障	45
打側身	45
消腫	45
胎盤	45
淥	45
結親	45
唔抵得頸	45
渾身解數	44
嘟嘟車	44
淺水灣	44
虛情假意	44
回頭是岸	44
割讓	44
兵敗如山倒	44
藍寶石	44
你有得	44
節外生枝	44
訶	44
國際新聞	44
氣量	44
調劑	44
嚇一跳	44
微積分	44
肝腸寸斷	44
嗌痛	44
窮到窿	44
調走	44
連隨	44
塾	44
精疲力盡	44
禪杖	44
世界衞生組織	44
湊下	44
法國大革命	44
失身	44
扮鬼扮馬	44
暗語	44
拍板	44
赤身	44
霾	44
石窟	44
官腔	44
棲息地	44
閒閒地	44
漠北	44
話名	44
銷聲匿跡	44
襖	44
垃圾站	44
樂此不疲	44
前言	44
心淡	44
拜占庭帝國	44
建交	44
男廁	44
水鄉	44
兼容	44
恢	44
有手有腳	44
急匆匆	44
赤膊	44
第樣	44
質數	44
緊火	44
鉅子	44
打冷	44
好面善	44
主題公園	44
口服心服	44
話做就做	44
四平八穩	44
唔淨只	44
牟	44
不識泰山	44
受理	44
倒瀉	44
有怪莫怪	44
腳毛	44
周身唔聚財	44
階下囚	44
托塔	44
直男	44
回贈	44
宜得	44
共治	44
可歌可泣	44
日曬雨淋	44
一面之緣	44
阿拉伯半島	44
樂在其中	44
三藩市	44
侍衞長	44
不勞而獲	44
棄置	44
擒上去	44
瓦礫	44
有識之士	44
二世祖	44
大行其道	44
幽暗	44
短語	44
取樂	44
如意算盤	44
普遍認為	44
庭園	44
洋行	44
温室氣體	44
使費	44
高院	44
攢	44
聚合	44
喊打喊殺	44
雪景	44
膽大妄為	44
地拖	44
奸雄	44
下款	44
茶水間	44
韜略	44
洗白	44
米麪	44
揼落	44
補身	44
徽章	44
自然科學	44
拉弓	44
天譴	44
愛民如子	44
沾染	44
水深火熱	44
真主	44
密實實	44
具體啲	44
非同凡響	44
集訓	44
男團	44
模稜兩可	44
重擊	44
開小差	44
將功贖罪	44
百科全書	44
盤古開天	44
健身室	44
私有	44
無產	44
明爭暗鬥	44
梳打	44
話事人	44
申請人	44
滑水	44
冠名	44
發喪	44
雞尾	44
瑣事	44
鐵馬	44
異事	44
內分泌	44
疲於奔命	44
挽手	44
有史以來	44
倒立	44
類推	44
摩羯座	44
加法	44
締造	44
建基於	44
高山流水	44
百分比	44
豔麗	44
膽粗粗	44
滿載而歸	44
石刻	44
區議員	44
律例	44
天人合一	44
標杆	44
急唔嚟	44
拘泥	44
忠貞	44
幾有錢	44
近在咫尺	44
史實	44
危機感	44
顴骨	44
隆冬	44
屁滾尿流	44
逃出生天	44
農曆年	44
伺	44
各自為政	44
搞唔明白	44
信條	44
點只	44
遇事	44
酸性	44
埃塞俄比亞	44
破釜沉舟	44
陽光明媚	44
青豆	44
恭賀	44
支點	44
出去咩	44
小老婆	44
大暑	44
無縫	44
説教	44
斷章取義	44
矢	44
不支	44
青黃	44
蟋蟀	44
墨綠	44
磨損	44
細半	44
哨牙	44
零售業	44
盲文	44
睇咗啦	44
產卵	44
饋贈	44
年夜飯	44
錦緞	44
殺馬	44
山泥傾瀉	44
裁判官	44
調情	44
生命線	44
政敵	44
你以前都	44
退落	44
光合作用	44
同舟共濟	44
九牛二虎之力	44
彈力	44
勞軍	44
正途	44
加勒比海	44
剝花生	44
片甲不留	44
外祖父	44
不歡而散	44
非法入境者	44
殉葬	44
冇表情	44
十六強	44
面皮厚	44
站長	44
西九	43
雛形	43
標緻	43
茉	43
超絕	43
破膽	43
開普勒	43
肝膽相照	43
大禹治水	43
邏	43
跳蚤	43
候鳥	43
大煲	43
夜宵	43
好準時	43
搶攻	43
身兼	43
打錯咗	43
四方形	43
牛羣	43
致謝	43
全貌	43
虎穴	43
昨	43
色水	43
獻媚	43
檸茶	43
人傑地靈	43
粉筆	43
儲藏室	43
升騰	43
篤篤	43
咁好機會	43
扯人	43
汗馬功勞	43
市郊	43
忽冷忽熱	43
用得上	43
歸西	43
未驚過	43
話咗你	43
不翼而飛	43
靜脈	43
彷	43
轉數	43
親族	43
生雞	43
何必當初	43
裝甲	43
並重	43
雜物房	43
檸檬水	43
集裝箱	43
醉醺醺	43
寸步難行	43
日有所思	43
寒涼	43
彈鋼琴	43
老鼠窿	43
反敗為勝	43
海菜	43
禍不單行	43
刷子	43
呱呱叫	43
命理	43
傾國傾城	43
眼簾	43
年貨	43
你個頭啊	43
節拍	43
天淵之別	43
大條道理	43
傳道	43
機會成本	43
投影機	43
初學	43
幼子	43
幣值	43
型格	43
鐵人	43
隨性	43
停放	43
圍到實	43
言行舉止	43
通婚	43
愫	43
四行	43
黑森林	43
啱身	43
圍裙	43
着草	43
潛移默化	43
闊綽	43
戒嚴	43
唔為意	43
中點	43
出咗差	43
納米	43
油光	43
吹水啊	43
客仔	43
咁單純	43
掛名	43
貧瘠	43
綜合症	43
白蘭地	43
大頭鬼	43
揮軍	43
雜工	43
馬邊	43
神傷	43
紅肉	43
上庭	43
負數	43
烏紗	43
佳話	43
要暈	43
高唱	43
晾衫	43
提醒你啊	43
轉接	43
浪跡	43
註解	43
唔同你玩	43
礦場	43
泰山壓頂	43
算你好彩	43
毛利	43
渾水摸魚	43
家鄉話	43
高高大大	43
荒僻	43
夫家	43
儲藏	43
戒口	43
變化多端	43
嗌外賣	43
廉政	43
九一八事變	43
入息	43
逃奔	43
對呢方面	43
復讀	43
翻盤	43
白老鼠	43
政見	43
敢作敢為	43
悲情	43
響處	43
甘於	43
包租	43
官威	43
唔多謝	43
理解錯	43
除外	43
反應堆	43
談古論今	43
全盛時期	43
腳架	43
鋪張	43
新造	43
罵戰	43
渡輪	43
實體店	43
尊容	43
傳感	43
你坐啦	43
縫隙	43
公允	43
鹽焗雞	43
度假屋	43
村寨	43
致命傷	43
輸蝕	43
風擋	43
營養師	43
武舉	43
愛情片	43
蘇維埃	43
高階	43
瀕死	43
鋼鐵俠	43
應敵	43
職業病	43
言談舉止	43
抽調	43
寒假	43
和暖	43
通史	43
盯着	43
逍遙法外	43
燃眉之急	43
紙紮	43
臨摹	43
布拉格	43
怎麼着	43
餘興	43
未知之數	43
成個人生	43
峯迴路轉	43
殊榮	43
中印	43
哭喪	43
筷	43
飲杯茶先	43
一落千丈	43
薄霧	43
遠勝	43
同種	43
控罪	43
約見	43
武勝	43
都等到	43
採礦	43
發展中國家	43
國際學校	43
媲美	43
蕭蕭	43
尷	43
晨光	43
功不可沒	43
中彈	43
安徒生	43
編碼	43
脈衝	43
新作	43
樂手	43
中銀	43
唔裝	43
油田	43
手柄	43
好細膽	42
如果您	42
四味	42
心神恍惚	42
從眾	42
併發症	42
狼胎	42
有兩道	42
讀物	42
你今朝	42
絕口	42
污衊	42
淋浴	42
詞組	42
還價	42
勘探	42
廣府話	42
關門弟子	42
花款	42
生息	42
攞嚟衰	42
生力軍	42
簽註	42
容光煥發	42
發燒友	42
從新	42
饒命	42
愁眉苦臉	42
閒時	42
霓虹燈	42
十年八載	42
暗河	42
西德	42
西藥	42
紀元	42
仲唔開	42
古曼童	42
踎低身	42
閒置	42
援救	42
壓倒	42
逞	42
失禁	42
泯	42
星宿	42
朝歌	42
搞作	42
落訂	42
保時捷	42
點對你	42
良家	42
辮子	42
搭棚	42
三兩下手勢	42
兵家必爭之地	42
姑婆	42
索氣	42
眉筆	42
試題	42
鴣	42
過户	42
車尾箱	42
溺愛	42
河水不犯井水	42
起水	42
拱起	42
亂象	42
先兆	42
天棚	42
起始	42
擦傷	42
面衫	42
角仔	42
列表	42
無所不用其極	42
母牛	42
牽腸掛肚	42
公審	42
黑芝麻	42
實至名歸	42
新淨	42
鐵石心腸	42
天籟	42
離境	42
現貨	42
舅舅	42
豐衣足食	42
梢	42
扁豆	42
伏低	42
蓋上	42
哀痛	42
月錢	42
受屈	42
何德何能	42
哀嚎	42
大棚	42
唔惹少	42
涵養	42
颳風	42
坳	42
率直	42
冇時間啦	42
緞	42
陰陽相隔	42
隨波逐流	42
茶盅	42
武斷	42
脱髮	42
借題發揮	42
資產負債表	42
汪洋大海	42
嚶	42
鳥語花香	42
品茶	42
慵	42
拜望	42
泥漿	42
釜	42
一擔擔	42
阿嬋	42
銜頭	42
卑躬屈膝	42
奸鬼	42
冇大冇細	42
有限度	42
淩	42
唸書	42
未行過	42
搶跑	42
實話實説	42
翻炒	42
不成文	42
強人所難	42
管用	42
滋補	42
閏	42
紅巾軍	42
殆盡	42
好話唔好聽	42
千叮萬囑	42
清唔清	42
朽	42
分封制	42
滿面春風	42
伴郎	42
東鐵線	42
棺材板	42
大賣	42
賞心悦目	42
又點話	42
井底之蛙	42
丟架	42
折埋	42
補習社	42
夜咯	42
見招	42
大飲大食	42
遠足	42
黃犬	42
誦經	42
祭禮	42
帆布	42
自動自覺	42
做莊	42
假假哋	42
撇低	42
火線	42
好唔好用	42
起泡	42
得寸進尺	42
靈光	42
世界語	42
蒸餾	42
愉	42
文法	42
第一手	42
貴婦人	42
咁快脆	42
心神不寧	42
快事	42
企起嚟	42
落格	42
牙根	42
栽種	42
惰性	42
老夫老妻	42
刷卡	42
盧比	42
酌	42
肺癆	42
大笪地	42
戲服	42
心悦誠服	42
公德	42
你講先	42
溢價	42
迷幻	42
既得	42
暖男	42
看病	42
豬乸	42
雄才大略	42
奸險	42
葬送	42
港獨	42
銅鈴	42
開天闢地	42
你哋想點	42
吉祥物	42
空降	42
片尾曲	42
冇時	42
腰果	42
苛	42
窮盡	42
食餐飽	42
生命體	42
套拳	42
芥辣	42
用膳	42
中樞	42
漫不經心	42
肥膏	42
一概而論	42
咪亂講	42
混凝土	42
當回事	42
吹口哨	42
裝唔落	42
消解	42
人民解放軍	42
白內障	42
三高	42
男女授受不親	42
唔相干	42
屏住	42
應考	42
介紹錯	42
傾兩句	42
欠身	42
追悼會	42
航拍	42
捕快	42
疑團	42
烏低身	42
偵破	42
極地	42
化險為夷	42
電磁波	42
兗	42
金融海嘯	42
保家衞國	42
好唔好玩	42
衣帶	42
人禍	42
春分	42
轉嫁	42
競爭激烈	41
唔認人	41
煽	41
摒棄	41
皇家馬德里	41
硬性	41
隔幾日	41
受災	41
捻死	41
濕立立	41
忍住咗	41
嫺熟	41
私人飛機	41
善終	41
可大可小	41
一絲不苟	41
好大條	41
女仔之家	41
雙人牀	41
子子孫孫	41
慳啲啦	41
政要	41
居心不良	41
混合物	41
對賭	41
插畫	41
業權	41
觸電	41
今時唔同往日	41
佢哋雙方	41
有運行	41
凍肉	41
觀摩	41
昌盛	41
高登	41
船運	41
節瓜	41
別來無恙	41
白蘿蔔	41
恆久	41
鮮為人知	41
雙陽	41
一盤散沙	41
鞭炮	41
震怒	41
覺覺豬	41
輕輕一笑	41
征討	41
弧形	41
類同	41
關咗個	41
做媒	41
生得幾靚	41
惦記	41
陡	41
徒勞無功	41
黃道吉日	41
差個	41
重賞	41
夜有所夢	41
隔咗咁耐	41
中肯	41
全家福	41
未知數	41
企硬	41
玩泥沙	41
一席之地	41
過數	41
紅油	41
脈門	41
揸手	41
羊咩	41
時光倒流	41
不屑一顧	41
病殘	41
唔係啫	41
乾淨企理	41
怖	41
出乎意料之外	41
西戎	41
聲名	41
密不透風	41
電競	41
強打	41
騰騰震	41
參政	41
八卦陣	41
致歉	41
正宮娘娘	41
行開下	41
深圳啊	41
文職	41
電瓶	41
慈母	41
陰德	41
積極參與	41
複印	41
打先鋒	41
精闢	41
行屍走肉	41
流水線	41
草圖	41
減緩	41
黑海	41
贏取	41
未解之謎	41
唔覺得點	41
灼熱	41
天虹	41
性關係	41
我行我素	41
姦污	41
萬全之計	41
僵化	41
艇仔粥	41
搦住	41
死結	41
封殺	41
嗱林	41
錄影機	41
搞去	41
指日可待	41
行差踏錯	41
到一個點	41
急功近利	41
鯉	41
姑息	41
趕往	41
上試	41
問下啫	41
山水畫	41
收樓	41
助詞	41
披甲	41
苦戀	41
不速之客	41
秀髮	41
全員	41
蠶豆	41
空腹	41
冇嚟正經	41
投資銀行	41
玉瓶	41
伸延	41
鎖匙窿	41
蘚	41
奪眶而出	41
毀屍滅跡	41
一鳴驚人	41
煽風點火	41
泥頭	41
道台	41
紙片	41
雅座	41
死貓	41
未嘗不可	41
為時已晚	41
成吉思	41
價值連城	41
混帳	41
同路人	41
骨針	41
底片	41
一國兩制	41
流鼻血	41
狂想	41
冶	41
痛哭流涕	41
碰啱	41
西片	41
遠房親戚	41
跌打	41
婚外情	41
緊唔緊要	41
決勝	41
差無幾	41
偶然之間	41
催眠術	41
好冇用	41
擔誤	41
薄情	41
倉頡	41
劣根性	41
頤	41
俗家	41
面如土色	41
橫巷	41
神往	41
蚯蚓	41
重係	41
詼諧	41
板間房	41
呢份嘢	41
十三太保	41
入錢	41
中電	41
眼火爆	41
華沙	41
括弧	41
獨立包裝	41
發展局	41
煮好飯	41
扮懵	41
釋迦牟尼佛	41
撒旦	41
過咗無耐	41
養家餬口	41
後援	41
主題樂園	41
返鄉	41
麪包糠	41
快高長大	41
突起	41
千分之	41
波羅的海	41
白板	41
回味無窮	41
西洋人	41
羣起	41
高材生	41
梯隊	41
戰區	41
重影	41
鳥獸	41
明理	41
白灼	41
避唔過	41
約咗人	41
維權	41
突圍而出	41
放養	41
艱難險阻	41
抄牌	41
污漬	41
芝麻糊	41
上妝	41
咁謙	41
滿載	41
趕考	41
師公	41
通順	41
水上人	41
定時定候	41
行開啲	41
不打不相識	41
蒼龍	41
冶金	41
傷神	41
雄心壯志	41
偷工減料	41
解構	40
心胸狹窄	40
視聽	40
講中文	40
陰陰笑	40
立時	40
探照燈	40
男女老幼	40
兮	40
精挑細選	40
秋毫	40
豬朋狗友	40
穩如泰山	40
未娶	40
鬥智鬥勇	40
轟動一時	40
火車頭	40
劍聖	40
正當時	40
副歌	40
屈打成招	40
關事	40
都唔睬我	40
開揚	40
梯田	40
徐世昌	40
難兄難弟	40
慢悠悠	40
大起大落	40
粗茶淡飯	40
芷	40
抖擻	40
投保	40
人情冷暖	40
令郎	40
徹夜	40
作廢	40
竹枝	40
摻	40
漸行漸遠	40
疚	40
好定唔好	40
初犯	40
視作	40
加利福尼亞	40
漲潮	40
金魚佬	40
留白	40
虎爪	40
蜢	40
疏疏	40
前因	40
雍容華貴	40
應援	40
閃埋一邊	40
狹小	40
興亡	40
以人為本	40
面皮	40
沖刷	40
乳腺	40
真跡	40
同屋	40
觸角	40
揚手	40
發開口夢	40
水性楊花	40
自行了斷	40
同仇敵愾	40
幾多斤兩	40
脖	40
侯王	40
一姐	40
重工業	40
納税人	40
人民羣眾	40
蠻橫	40
嫉妒	40
拉丁美洲	40
順風車	40
生辰八字	40
諸君	40
設身處地	40
街景	40
同流合污	40
裝傻	40
得償所願	40
朝頭	40
擇偶	40
蠢豬	40
十六國	40
謾罵	40
貪慾	40
幔	40
神級	40
粵拼	40
肘	40
寓	40
一些些	40
綠豆沙	40
爆谷	40
促請	40
機位	40
堅係	40
凹凸	40
化為烏有	40
過目不忘	40
草書	40
求神拜佛	40
生炒	40
不偏不倚	40
科爾沁	40
舞弊	40
下陸	40
小兒科	40
老點	40
霞光	40
你行開	40
好妒忌	40
或者係啦	40
冇陰功	40
絕密	40
黑金	40
拼圖	40
潛水艇	40
自取其辱	40
特寫	40
出口氣	40
秋收	40
恬	40
硯	40
經度	40
茶記	40
太平間	40
蒼山	40
免治	40
快啲瞓	40
崩壞	40
秘史	40
管理局	40
停靠	40
上客	40
若要人不知	40
開到聲	40
鼠標	40
利爪	40
惡啲	40
大循環	40
運載	40
軍備	40
唐裝	40
趕工	40
替代品	40
波打	40
網戀	40
人哋先	40
睡袍	40
如魚得水	40
波衫	40
大花面	40
停低腳	40
甩底	40
神交	40
轉述	40
新進	40
三點水	40
七竅	40
剖析	40
唔好亂喐	40
狂野	40
鐵枝	40
自卑感	40
易啲	40
微商	40
洶	40
動兵	40
金飯碗	40
孤苦	40
陰陰沉沉	40
作古	40
定期存款	40
姨媽姑姐	40
引證	40
重審	40
成功感	40
塗抹	40
銀牙	40
過大禮	40
巴格達	40
戰衣	40
坐姿	40
茶盤	40
好萊塢	40
適者生存	40
發跡	40
爽手	40
一病不起	40
油水	40
天時地利	40
滿座	40
嚮導	40
分拆	40
休克	40
古銅色	40
白露	40
爛攤子	40
多不勝數	40
功用	40
唔落雨	40
糾纏不清	40
鄉長	40
着名	40
養母	40
有過之而無不及	40
頭赤	40
炭爐	40
勒緊褲頭	40
牙齒印	40
温室效應	40
迷魂	40
玩陣	40
柔道	40
芝麻官	40
高過你	40
蘸	40
添置	40
裂口	40
搜救	40
揼你	40
魚蝦蟹	40
迂腐	40
不眠不休	40
獎牌	40
各就各位	40
周期	40
稜角	40
姦殺	40
下體	40
智能電話	40
逼過嚟	40
開江	40
收件	40
升浪	40
柳暗花明	40
難料	40
一反常態	40
講是非	40
唧	40
蒙古包	40
鬼打	40
陪下我	40
儷	40
打錯電話	40
蛋散	40
自力更生	40
打江山	40
猝	40
排泄	40
拜服	40
虛火	40
土產	40
西雅圖	40
有啲傻	39
跟開	39
橫蠻	39
鑫	39
靦腆	39
痢	39
商用	39
歪曲	39
戰況	39
做緊咩啊	39
無藥可救	39
轄下	39
電話線	39
係邊條	39
大寫	39
落架	39
佢屋企好	39
雜亂無章	39
繁茂	39
鹹濕佬	39
開手	39
碌過	39
撐住佢	39
神不守舍	39
校巴	39
賣肉	39
風雨不改	39
黃秋生	39
拗頭	39
劈柴	39
無精打采	39
電網	39
熱浪	39
擔遮	39
貌美如花	39
捧着	39
發慌	39
目擊證人	39
倖	39
即刻就嚟	39
銀器	39
步步進逼	39
歡愉	39
別出心裁	39
潮文	39
攝錄機	39
唔理點講	39
驚都唔驚	39
莓	39
賊船	39
黏土	39
君子報仇	39
杜拜	39
使用權	39
導賞	39
海底隧道	39
安身立命	39
肉鬆	39
讚譽	39
劣質	39
聯網	39
殘渣	39
老屈	39
意亂情迷	39
毛布	39
打橫嚟	39
鬱郁	39
有口難言	39
截停	39
中美洲	39
藻	39
族裔	39
國畫	39
精神失常	39
勢不可擋	39
撇咗	39
江景	39
一地都係	39
睡醒	39
台獨	39
分門別類	39
小河邊	39
什麼鬼	39
中咗邪	39
彝	39
賭馬	39
北極星	39
大摩	39
數口	39
惱羞成怒	39
心水清	39
演嘢	39
咵	39
實例	39
睇明	39
見步行步	39
自足	39
防空洞	39
鯊	39
胯下	39
白血病	39
檸	39
五花腩	39
魚子醬	39
的士高	39
細時	39
咁賤	39
多音字	39
始創	39
高身	39
情真意切	39
滑頭	39
特例	39
一大部分	39
睇低	39
上天無路	39
理據	39
殺價	39
感情用事	39
還好啦	39
蠕動	39
加害於	39
簡明	39
眾望所歸	39
環保袋	39
路牌	39
聚散	39
鼎立	39
各取所需	39
身水身汗	39
一步登天	39
電話卡	39
旨在	39
喺邊㗎	39
生保人	39
脱節	39
掃墓	39
折磨佢	39
千依百順	39
補助	39
倚仗	39
惡爺	39
出訪	39
調派	39
血脂	39
柱子	39
唔好買啦	39
翱翔	39
修法	39
做起嘢	39
威嚇	39
相敬如賓	39
公眾假期	39
捶	39
全身心	39
競爭性	39
你都中意	39
爛尾樓	39
單字	39
單行	39
骨瘦如柴	39
踩中	39
十年咁耐	39
菊花茶	39
多瑙河	39
大頭目	39
頭啖湯	39
延緩	39
報刊	39
大略	39
性交	39
被竇	39
靜觀	39
鼻敏感	39
幼小	39
遊戲人間	39
貪腐	39
兩腳一伸	39
微調	39
黃偉文	39
碰面	39
大事不妙	39
宗室	39
斜視	39
不食人間煙火	39
跳飛機	39
狂人	39
停業	39
海上世界	39
露骨	39
下不為例	39
賴尿	39
搜集	39
漸進	39
前瞻	39
間隙	39
鑊氣	39
撩我	39
心胸狹隘	39
絕世佳人	39
懸空	39
失威	39
酵	39
雪水	39
去就去啦	39
文青	39
製成品	39
對子	39
失血	39
重疊疊	39
煌	39
賢惠	39
情同手足	39
斑紋	39
抽屜	39
利弊	39
主修	39
河套	39
痛定思痛	39
打回原形	39
矮小	39
冇花冇假	39
開身	39
接機	39
白俄羅斯	39
變樣	39
補課	39
交收	39
飯煲	39
屎橋	39
八號風球	39
仲話唔係	39
窮光蛋	39
我唔制	39
令人髮指	39
好閒啫	39
春夢	39
自滿	39
直住	39
土話	39
立冬	39
不見得	39
換片	39
串流	39
輕信	39
舉世無雙	39
刀面	39
封王	39
救苦救難	39
嫌棄佢	39
先過咗	39
總統套房	39
隱世	39
未雨綢繆	39
就你哋	39
唔敢走	39
涼粉	39
各行各路	39
處所	39
來由	39
財政司司長	39
劇照	39
我可以點	39
山竹	39
自高自大	39
舊曆	39
出千	39
筆名	39
不知其二	39
西餅	39
深謀遠慮	39
識時務	39
鐸	39
不分青紅皂白	39
唔使唔該	39
夜光	39
手撕雞	39
麝	39
掉轉	39
母校	39
二路元帥	39
樽頸	39
乾笑	39
主考	39
天干	39
掏空	39
洗脱	39
淡季	39
受之有愧	39
萃取	39
肥騰騰	39
餘光	39
微薄	39
短途	39
米其林	39
冇口齒	39
玫瑰露	39
搞三搞四	39
風雲變幻	39
心理陰影	39
食糧	38
人強馬壯	38
喝令	38
你係乜水	38
建樹	38
嚟神	38
策應	38
濕淋淋	38
施肥	38
勳章	38
談婚論嫁	38
娶親	38
喊唔出	38
一氧化碳	38
點陣	38
遺照	38
暗箭	38
細則	38
醒定	38
穿梭機	38
依家真係	38
托賴	38
加納	38
治本	38
黑黑實實	38
心臟病發	38
碳酸	38
藥煲	38
博覽	38
上進心	38
要嘅話	38
刻板	38
垂死	38
長生不死	38
社交距離	38
鷹嘴豆	38
對落	38
男仔頭	38
爽爽快快	38
湊巧	38
白板仔	38
天各一方	38
大吉利是	38
攻堅	38
化骨龍	38
塵埃落定	38
貼服	38
工頭	38
快閃	38
痛不欲生	38
前鼻音	38
處理器	38
你今日做	38
如入無人之境	38
矇騙	38
羣毆	38
地庫	38
真係唔掂	38
賞面	38
睇唔上眼	38
得囉	38
玉樹臨風	38
硬化	38
汁液	38
輕鐵	38
垢	38
平實	38
甜嘢	38
你兩公婆	38
黑盒	38
蟀	38
既往	38
香港腳	38
誣陷	38
前情	38
可塑性	38
靚唔靚仔	38
呼天搶地	38
嘥氣啦	38
禮遇	38
麻鷹	38
政治部	38
冇計嘅	38
滿腹經綸	38
潤唇膏	38
水壩	38
直屬	38
退還	38
死寂	38
機心	38
咁幸運	38
如影隨形	38
章程	38
鐵飯碗	38
苦口婆心	38
專政	38
棗核	38
對死	38
傻氣	38
合規	38
真係識講	38
供求	38
係唔係㗎	38
會眾	38
飛昇	38
咄	38
養顏	38
從實招來	38
次方	38
玩火	38
掛斷	38
前傳	38
服刑	38
買路錢	38
出人意表	38
花邊新聞	38
誤入歧途	38
把幾火	38
神怪	38
爛生	38
大姨	38
空氣污染	38
世界文化遺產	38
解籤	38
氹仔	38
匣	38
欠安	38
唔係唔會	38
錫紙	38
影印	38
殺熟	38
代代相傳	38
歇斯底里	38
千篇一律	38
摟	38
縮骨	38
先到先得	38
低劣	38
撈世界	38
害命	38
獨一	38
梵蒂岡	38
拐彎	38
偏幫	38
魅	38
驃	38
官宦人家	38
魏晉南北朝	38
大正	38
海老	38
苛求	38
執過	38
膽大心細	38
絕處逢生	38
建築公司	38
破冰	38
儒生	38
聽清	38
長相廝守	38
信使	38
禮券	38
薰陶	38
嘲	38
一脈相承	38
議政	38
愛莫能助	38
拍賣行	38
棉胎	38
玻璃心	38
闊佬	38
批示	38
幸運兒	38
骨牌	38
巡警	38
妲己	38
生機勃勃	38
麪糊	38
手急眼快	38
濕紙巾	38
各自各	38
烈日當空	38
協辦	38
自治區	38
三鬥	38
合作社	38
放榜	38
神勇	38
年費	38
獨善其身	38
坐井觀天	38
豆醬	38
螢火	38
敗筆	38
末端	38
做親	38
思潮	38
虔	38
總動員	38
賠命	38
機子	38
行貨	38
水蒸氣	38
投考	38
委以重任	38
品名	38
着嚟	38
尤自可	38
應屆	38
碧綠色	38
闌	38
猿人	38
打颱風	38
扶貧	38
煤油	38
改換	38
獄警	38
陰文	38
烏龍茶	38
切合	38
順境	38
神道	38
泥山	38
殘局	38
痛感	38
財政預算案	38
追劇	38
付諸行動	38
四大名著	38
卷軸	38
監頭	38
示好	38
一大排	38
入贅	38
腳踝	38
唔憤氣	38
克里米亞	38
山豬	38
你睇唔睇到	38
偏殿	38
迪士尼樂園	38
走頭	38
驗血	38
應試	38
舞蹈員	38
后妃	38
健在	38
矇在鼓裏	38
你都傻嘅	38
依計行事	38
包龍圖	38
有聲有色	38
霧霾	38
媽祖	38
公噸	38
街頭小食	38
你出去先	38
自娛	38
報時	38
扒房	38
話點就點	38
明早	38
一針見血	38
竊聽	38
公理	38
銅盤	38
堵車	38
叔母	38
你話㗎	38
過五關斬六將	38
松木	38
便裝	38
有感而發	38
執著	38
體魄	38
力不足	38
同屬	38
特許	38
川流不息	38
劃清界線	38
校花	38
新開咗	38
讚頌	38
低三下四	38
智取	38
漲價	37
假説	37
都咁夜	37
看起	37
幕僚	37
啤住	37
除名	37
冒牌	37
自討苦吃	37
乞嗤	37
欣欣向榮	37
墓園	37
走咁遠	37
拖把	37
越飛	37
現錢	37
好白淨	37
麓	37
原產地	37
碾碎	37
兩情相悦	37
今晚先	37
隻手遮天	37
通氣	37
菠蘿油	37
狼狽為奸	37
茶果嶺	37
春聯	37
蜻蜓點水	37
傻話	37
罪惡滔天	37
食相	37
清廉	37
直通車	37
痴線佬	37
煉奶	37
平嘢	37
另作	37
巴士司機	37
錦囊妙計	37
人云亦云	37
推動力	37
慶生	37
話咗佢	37
關連	37
情境	37
起勁	37
舉步	37
貨幣供應量	37
背地裏	37
雪碧	37
崇山峻嶺	37
豆腐乾	37
放閃	37
我知錯啦	37
上蓋	37
血跡斑斑	37
憂國憂民	37
你幾大	37
跆拳道	37
要犯	37
好少可	37
兩路人馬	37
招降	37
蝙	37
瓦背	37
一波又起	37
離開廣州	37
看門口	37
賣淫	37
國文	37
七國咁亂	37
藍本	37
一碌木	37
考牌	37
魚雷	37
滄海桑田	37
全速	37
絆	37
歌喉	37
平心而論	37
碉堡	37
新石器時代	37
紅十字會	37
獵殺	37
對調	37
建築面積	37
愛不釋手	37
精神爽利	37
幾勁啊	37
去飯堂	37
賣魚佬	37
繞口令	37
聯誼	37
神打	37
勸慰	37
安眠	37
超卓	37
借意	37
俚語	37
興師動眾	37
功德圓滿	37
包養	37
市場價	37
老婆餅	37
大有可為	37
你意思係	37
果不其然	37
芫荽	37
食咗飯未	37
掌舵	37
約定俗成	37
冇符	37
文質彬彬	37
縈繞	37
變聲	37
斑白	37
伶仃	37
威爾斯	37
會晤	37
死纏爛打	37
消化不良	37
柳條	37
一陣去	37
茶莊	37
山脊	37
文憑試	37
吹奏	37
引渡	37
三舅父	37
彩數	37
藥包	37
稀釋	37
古琴	37
中央銀行	37
叫價	37
看穿	37
臨潼	37
搭順風車	37
憋	37
擒賊先擒王	37
眼袋	37
避重就輕	37
娘娘廟	37
成身大汗	37
老辣	37
天崩地裂	37
光暗	37
阿聯酋	37
瞑	37
緬懷	37
三唔識七	37
九聲六調	37
盆滿缽滿	37
叫苦連天	37
除非己莫為	37
轉介	37
查點	37
不聲不響	37
民憤	37
諗真啲	37
劇目	37
養眼	37
潰瘍	37
拳手	37
新仔	37
耳鳴	37
污垢	37
火鉗	37
開單	37
家常菜	37
伊斯坦布爾	37
方格	37
荒郊野嶺	37
點都應該	37
先斬後奏	37
薔薇	37
欲罷不能	37
阻擊	37
佔地面積	37
引以為傲	37
妲	37
燕麥	37
不信任	37
突突	37
外交關係	37
高高掛起	37
監國	37
放電	37
拋錨	37
馬到成功	37
以少勝多	37
小賣部	37
七情六慾	37
自立門户	37
無解	37
窟窿	37
錯開	37
奶昔	37
棕櫚	37
人都癲	37
灰溜溜	37
立功贖罪	37
無礙	37
死而後已	37
交流電	37
統管	37
陰沉沉	37
莆	37
白果	37
爭崩頭	37
脊骨	37
喃喃自語	37
嫌命長	37
爭得遠	37
祝英台	37
阿姆斯特丹	37
絡繹不絕	37
座駕	37
冇嘈	37
越獄	37
利尿	37
土丘	37
放唔落	37
一場兄弟	37
糯米餈	37
派錢	37
守孝	37
握手言和	37
幾時話	37
阿拉伯數字	37
講乜啊	37
大姨媽	37
蘿蔔乾	37
書呆子	37
自豪感	37
盡數	37
禁果	37
隨之而嚟	37
驅動力	37
並駕齊驅	37
怨憤	37
雞絲	37
喐手打人	37
光柱	37
連環計	37
低廉	37
安睡	37
意大利粉	37
售票處	37
大展拳腳	37
婦科	37
傳宗接代	37
潑婦	37
校車	37
物色	37
女人味	37
漏斗	37
任食	37
勞斯萊斯	37
觀景台	37
話頭醒尾	37
後備箱	37
慨嘆	37
書案	37
邃	37
耕田佬	37
娑	37
字詞	37
蘋果派	37
梆	37
叛國	37
班水	37
獨奏	37
抄本	37
瓢	37
馬爾代夫	36
娼妓	36
記述	36
橫線	36
點幫你	36
叻唔切	36
翻印	36
家庭教師	36
彌天大罪	36
養鬼仔	36
團員	36
討回公道	36
警探	36
打個折	36
喺我前邊	36
收息	36
槳	36
意氣相投	36
通書	36
袋嘢	36
字元	36
公平啲	36
麴	36
攙扶	36
肅清	36
幾許	36
活該	36
非分之想	36
官媒	36
聰穎	36
食唔出	36
耽	36
十傳百	36
幫襯你	36
未時	36
回潮	36
自圓其説	36
揾嘢做	36
庵堂	36
廓	36
自吹自擂	36
人所共知	36
吩	36
過多幾日	36
根治	36
赤子之心	36
有冇人知	36
讀下書	36
耳目一新	36
呵呵呵	36
主審	36
釘死	36
正印	36
製作方法	36
茄瓜	36
傳銷	36
外商	36
志在必得	36
泥牆	36
五馬分屍	36
黑房	36
整邋遢	36
馬榮	36
痛心疾首	36
劍眉	36
切入點	36
戰禍	36
勸退	36
夾手	36
起撲	36
香港天文台	36
前功盡棄	36
始作俑者	36
車聲	36
私慾	36
闊別	36
廢水	36
鍛	36
你做乜啊	36
手騰腳震	36
水浸眼眉	36
撒氣	36
加設	36
超時	36
瓦背頂	36
生死與共	36
註釋	36
小題大做	36
晶光	36
禮尚往來	36
染病	36
遺願	36
三寸不爛之舌	36
萬眾一心	36
微電影	36
咪出聲	36
成咗人	36
輸家	36
搖錢樹	36
幕後黑手	36
按金	36
黏性	36
警力	36
潛行	36
公信力	36
哽咽	36
度身訂做	36
寬慰	36
手工藝	36
詐屍	36
睇破	36
扈	36
風馳電掣	36
夠數	36
血雨	36
收市	36
茶會	36
底朝天	36
毒癮	36
抄出嚟	36
眼紅紅	36
驚弓之鳥	36
明解	36
張廷玉	36
老本行	36
好膽	36
鋼筆	36
事頭	36
編造	36
騙取	36
攞嚟睇下	36
竭盡所能	36
招兵	36
版主	36
老大爺	36
死直	36
雞啄唔斷	36
種羣	36
一掃而光	36
絞	36
温度計	36
細軟	36
去得快	36
馬戲	36
自相矛盾	36
有錢仔	36
人盡皆知	36
格硬	36
增生	36
急眼	36
霧水	36
弱不禁風	36
阿蛇	36
隕	36
園藝	36
自怨自艾	36
底色	36
一拍兩散	36
譜寫	36
議長	36
漲咗	36
匹夫有責	36
綱領	36
驚濤駭浪	36
禦寒	36
衞衣	36
偏重	36
蛇蟲鼠蟻	36
繳費	36
路虎	36
翻案	36
領罪	36
平輩	36
致癌	36
含住金鎖匙	36
蠻族	36
拎開	36
北斗七星	36
美不勝收	36
寸草不生	36
啱線	36
拉丁文	36
腐乳	36
逆水行舟	36
唱衰	36
拙	36
使勁	36
成何體統	36
初中生	36
波紋	36
金箍	36
興辦	36
閘住	36
葡萄糖	36
回執	36
走位	36
返港	36
山清水秀	36
魁梧	36
幾靚女	36
僅存	36
完美主義者	36
雙魚	36
污泥	36
總計	36
口是心非	36
電工	36
寧死不屈	36
背脊骨	36
司空見慣	36
運貨	36
套間	36
對角	36
藏品	36
孤孤單單	36
彈跳	36
庸俗	36
鞭策	36
欲絕	36
寒門	36
擊掌	36
孰	36
洗滌	36
海量	36
做七	36
公海	36
囊括	36
尚可	36
當票	36
轉乘	36
舞池	36
太極劍	36
守兵	36
粉刺	36
當心	36
定量	36
抒	36
從頭嚟過	36
活靈活現	36
紅中	36
諱	36
痛失	36
本位	36
一匹布咁長	36
綾	36
擺擂台	36
中子	36
代辦	36
脈象	36
望塵莫及	36
月頭	36
乏力	36
包剪揼	36
一手包辦	36
楊玉環	36
城巴	36
次生	36
通牒	36
天方夜譚	36
隆起	36
酒興	36
樓花	36
嚴整	36
情意結	36
當飯食	36
麥芽	36
懊惱	36
變壓器	36
拉隊	36
抹布	36
交通燈	36
疆界	36
臃腫	36
上鎖	36
快唔快	36
三合會	36
攤販	36
擾民	36
佛號	36
打濕	36
課間	36
破曉	36
影星	36
數據庫	36
暖爐	36
刺鼻	36
熱氣球	36
銅環	35
百忙	35
去做乜	35
要講咩	35
刊物	35
阿凡達	35
粗重嘢	35
通菜	35
光彩奪目	35
神經質	35
風雨飄搖	35
戥	35
圈地	35
參禪	35
奉還	35
外圍賽	35
肺腑之言	35
自動波	35
沙律醬	35
這下	35
忘本	35
天無絕人之路	35
被選為	35
解夢	35
爭權奪利	35
不用客氣	35
字數	35
苟	35
猥	35
林家謙	35
據理力爭	35
睇一陣	35
一日最衰	35
特效藥	35
心有不甘	35
白蟻	35
網劇	35
長時	35
心散	35
充分利用	35
與時俱進	35
霹	35
過時過節	35
合唱團	35
把風	35
發咗一個夢	35
鍾愛	35
明快	35
收銀機	35
殺起	35
棄權	35
有用咩	35
唔去咯	35
先禮後兵	35
副書記	35
在旁	35
種族歧視	35
眼藥水	35
良辰吉日	35
曇	35
變天	35
必修	35
魚鱗	35
和音	35
聖潔	35
馬槽	35
講到白	35
出類拔萃	35
黃油	35
煲藥	35
佢呢種人	35
肥力	35
高湯	35
動物世界	35
樂得	35
幼滑	35
高買	35
竹籃打水	35
想入非非	35
回甘	35
珍珠都冇咁真	35
甘拜下風	35
副產品	35
知客	35
噓寒問暖	35
勤學苦練	35
有平	35
霸王花	35
補足	35
普世	35
縫合	35
誇下海口	35
有始有終	35
帶壞	35
拋下	35
在地下	35
豬雜	35
少爺仔	35
提堂	35
獲准	35
流鼻水	35
打碟	35
儲起	35
五彩繽紛	35
出閘	35
行返去	35
尊長	35
世貿	35
衫褲鞋襪	35
一分一毫	35
浸親	35
耳塞	35
孭佢	35
儼然	35
一覽無遺	35
體察	35
罰錢	35
冤枉路	35
求勝	35
連身裙	35
我打死你	35
離任	35
安享晚年	35
唔夠氣	35
盡忠職守	35
證供	35
冇你咁好氣	35
寫生	35
我點去	35
訓斥	35
話之	35
新曆	35
多重人格	35
幹勁	35
溶洞	35
無力感	35
聖誕卡	35
養父	35
咖啡因	35
人算不如天算	35
指點迷津	35
成日都做	35
頂頸	35
藍精靈	35
英明神武	35
糖尿	35
街外	35
好死唔死	35
順攤	35
停牌	35
亭亭玉立	35
温馨提示	35
土地兼併	35
未試	35
工廠大廈	35
歪歪斜斜	35
食死貓	35
賒	35
郵遞	35
火牛	35
海鮮醬	35
嚇驚	35
牛王	35
不遺餘力	35
能見度	35
頭風	35
平壤	35
邊塞	35
見好就收	35
沐浴露	35
為時	35
費盡心機	35
麥片	35
品級	35
影衰	35
修成正果	35
暴徒	35
草甸	35
死物	35
抱住你	35
田徑	35
寺門	35
一舉成名	35
失魂	35
打門	35
多多益善	35
赫赫有名	35
惡報	35
上家	35
大力神	35
衝力	35
冰雪聰明	35
中元節	35
焦土	35
魚蛋粉	35
同理	35
雞精	35
馬山	35
遼西	35
徵用	35
排期	35
騎騎聲	35
侏羅紀	35
風流倜儻	35
體液	35
海市蜃樓	35
長存	35
又嬲又醜	35
天九	35
一往無前	35
悖論	35
賊心	35
搗蛋	35
取錄	35
畀人	35
藍的	35
請飲茶	35
上文	35
惹味	35
鐵通	35
天文數字	35
實業家	35
粗鄙	35
道喜	35
企響度	35
心喐喐	35
轄	35
吹雞	35
通殺	35
三思而後行	35
應門	35
拗口	35
豬肉湯	35
死絕	35
為限	35
駁回	35
鬼才	35
天有不測之風雲	35
火槍手	35
擒獲	35
一碌碌	35
義堂	35
接掌	35
搖擺不定	35
命格	35
庇	35
硫酸	35
急尿	35
太平山	35
柒	35
潛水員	35
打和	35
旮旯	35
練習生	35
尖酸刻薄	35
喺梳化	35
早熟	35
化敵為友	35
人叢	35
哺乳	35
俑	35
青出於藍	35
發奮圖強	35
表層	35
細問	35
閨女	35
浴巾	35
染髮	35
寵物店	35
電子計算機	35
吐痰	35
倍感	35
生煎包	35
好心地	35
轉載	35
海狗	35
伏虎	35
星探	35
海難	35
閤家歡	35
開源	35
進逼	35
運動服	35
捂	35
鉗住	35
羣埋	35
蟹鉗	35
人身安全	35
滷水汁	35
蟎	35
芥菜	35
籠子	35
公心	35
九鼎	35
英年	35
明文規定	35
定妝	35
屍斑	34
衰亡	34
拉線	34
殃及	34
蛀牙	34
捉姦	34
馬槍	34
黑米	34
迷亂	34
推三推四	34
趕得切	34
熟口熟面	34
專有名詞	34
穿窿	34
天打雷劈	34
焦慮症	34
持有人	34
買手	34
電路	34
板子	34
叫囂	34
袒護	34
蝦兵蟹將	34
呃食	34
香灰	34
組別	34
就以為我	34
鐵桿	34
實測	34
公教	34
層層疊疊	34
吊墜	34
榜上有名	34
華府	34
久仰大名	34
鯽魚	34
來到廣州	34
南斯拉夫	34
爭錢	34
信誓旦旦	34
直航	34
尼古丁	34
細水長流	34
戴頭盔	34
如假包換	34
獨木舟	34
打飯	34
二三線	34
字邊	34
錦鯉	34
貪得意	34
應運而生	34
無獨有偶	34
橫風橫雨	34
幻術	34
改組	34
禮讓	34
紅光滿面	34
小貼士	34
才高八斗	34
又瞓着	34
越嚟越似	34
凍僵	34
來路不明	34
聚眾	34
魚腩	34
聯會	34
軟體	34
捏造	34
任勞任怨	34
妄想症	34
執翻條命仔	34
子虛	34
盈餘	34
土司	34
送佛送到西	34
反目	34
聯合會	34
撩你	34
網台	34
炸醬麪	34
殺食	34
圾	34
越軌	34
訂製	34
冶煉	34
百家姓	34
逃竄	34
撳實	34
千字文	34
想點先	34
病入膏肓	34
流質	34
加料	34
氣槍	34
惡死能登	34
植被	34
忍受住	34
彰	34
交響曲	34
伸一伸	34
結石	34
萬眾矚目	34
舞姿	34
撻着	34
未死過	34
年關	34
淺灘	34
貓王	34
頭落	34
喪氣	34
口不對心	34
戰犯	34
税制	34
因住嚟	34
差異性	34
扁平	34
攞嚟講	34
胃酸	34
超載	34
勸服	34
改期	34
移情別戀	34
啓航	34
鹹魚白菜	34
風褸	34
金手指	34
店東	34
亂麻	34
悚然	34
噩耗	34
長靴	34
飛機餐	34
賴牀	34
魚柳	34
汾	34
換句話説	34
因由	34
喊咗好耐	34
卑劣	34
又嬲又驚	34
文房四寶	34
江湖地位	34
白汁	34
慕名而嚟	34
都唔打算	34
我咪就係	34
遙遙無期	34
下欄	34
幾好幾好	34
失寵	34
坐向	34
清掃	34
即刻收聲	34
紅菜頭	34
電影院睇	34
定局	34
審美觀	34
邊陲	34
絞盡腦汁	34
死嘢	34
絲襪	34
知無不言	34
為富不仁	34
不卑不亢	34
晾乾	34
歸位	34
魔法石	34
唾	34
驚惶失措	34
壽比南山	34
下嫁	34
吸管	34
射唔到	34
千禧	34
磨盤	34
為人民服務	34
撞頭	34
磕	34
椰菜花	34
我知道㗎	34
小票	34
武器庫	34
路標	34
秘籍	34
掌上明珠	34
杞人憂天	34
倒貼	34
體統	34
暫緩	34
水彩	34
地契	34
死火山	34
巴厘島	34
自自然	34
仲等乜嘢	34
走心	34
洪澤	34
邊緣化	34
鬼祟	34
星盤	34
涼茶鋪	34
花容失色	34
王侯	34
骯髒	34
談不上	34
腹痛	34
建築羣	34
真命	34
遠交近攻	34
傾盆	34
裝逼	34
上氣唔接下氣	34
山崩	34
啲碟	34
死咗未	34
我大把	34
歸真	34
遏制	34
陳列室	34
陳詞	34
大白菜	34
嬲尾	34
晏覺	34
儲物櫃	34
樓蘭	34
夠本	34
月食	34
七姐	34
金蛇郎君	34
冊封	34
瞓先	34
下輩子	34
未決	34
拋磚引玉	34
引述	34
捕殺	34
叫喚	34
再婚	34
失當	34
搭的	34
海軍陸戰隊	34
戒毒	34
立秋	34
海星	34
好冇啊	34
電磁	34
底薪	34
得罪人多	34
橫咗	34
馬蹄粉	34
粵人	34
口講無憑	34
豉油雞	34
報喪	34
應節	34
熟口面	34
尿片	34
素未謀面	34
死循環	34
置頂	34
持之以恆	34
夜鬼	34
麒	34
咩嘢嚟㗎	34
畸形	34
篤定	34
維生	34
團購	34
只知其一	34
鄉下話	34
質子	34
大碼	34
鍊金術	34
橫行無忌	34
立意	34
對症下藥	34
石片	34
怒罵	34
豆蔻	34
心硬	34
遣返	34
脱貧	34
荔枝角	34
以小人之心	34
顧全	34
萬念俱灰	34
注資	34
竹簾	34
擺款	34
七情	34
大團圓	34
散子	34
晚裝	34
你次次	34
音高	34
耷頭耷腦	34
相鄰	34
桃紅	34
避風塘	34
龜苓膏	34
反串	34
抹台	34
進諫	34
周易	34
宿舍樓	34
口服藥	34
列陣	34
無線電波	34
有多嘅	34
好心機	33
我落車	33
藝名	33
燈芯	33
人贓並獲	33
麻疹	33
羅列	33
風水佬	33
門楣	33
通融	33
炒粉	33
恰好	33
改制	33
雞仔餅	33
陪客	33
走夾唔唞	33
生草藥	33
自生自滅	33
草菇	33
我唔制啊	33
陳村粉	33
貿易戰	33
突顯	33
最新消息	33
形影不離	33
擠逼	33
拼車	33
暴行	33
蜜瓜	33
後勁	33
杯碟	33
直程	33
散裝	33
為國捐軀	33
衝勁	33
成百上千	33
善款	33
恍如	33
陰莖	33
代替品	33
紊亂	33
冚冚聲	33
遊樂園	33
主顧	33
阿爾卑斯山	33
爆冷	33
打字機	33
肆虐	33
宕	33
殲	33
絕代佳人	33
飯焦	33
半兩	33
雞腸	33
唔係話唔得	33
敢怒不敢言	33
清倉	33
照理	33
勤務兵	33
十一個字	33
發大水	33
收押	33
認低威	33
打道回府	33
可嘉	33
蝨	33
處男	33
聲嘶力竭	33
發給我	33
錦標賽	33
唔憂	33
便便	33
睇下嘢	33
懵佬	33
呃鬼	33
海王星	33
讒言	33
賴貓	33
喳喳	33
雪耳	33
你見點	33
凝膠	33
宗派	33
苦盡甘來	33
永無止境	33
精煉	33
網路	33
雕蟲小技	33
不醉無歸	33
姐係話	33
留院	33
好燦爛	33
幼苗	33
萬人敵	33
陋	33
右面	33
頭馬	33
外快	33
研討會	33
漁港	33
濕濕地	33
致使	33
冇錢使	33
支行	33
兒科	33
包二奶	33
財主佬	33
啷口	33
性行	33
稚	33
窮追猛打	33
全稱	33
民望	33
水鳥	33
講咗咩	33
剃度	33
海獅	33
奶嘴	33
謬論	33
握實	33
馬死落地行	33
恃強凌弱	33
驗收	33
小辣	33
科技大學	33
面豉	33
裝飯	33
護院	33
奸狡	33
年宵	33
出謀獻策	33
撐場	33
往昔	33
埋頭苦幹	33
求診	33
上旬	33
睇下點先	33
人馬座	33
色號	33
實冇命	33
唔出得去	33
病魔	33
乜嘢東東	33
分攤	33
碟頭飯	33
好醜怪	33
色魔	33
芸芸眾生	33
揚鞭	33
國務卿	33
面頰	33
時興	33
不悦	33
報平安	33
拆走	33
大刀闊斧	33
春秋戰國時代	33
船帆	33
衰妹	33
魚毛	33
菜頭	33
砒霜	33
茱	33
鼻水	33
實木	33
紅頭髮	33
教落	33
苣	33
桃園結義	33
流嘢	33
騎牛	33
善者不來	33
灑水	33
寧肯	33
大海撈針	33
拉脱維亞	33
橫流	33
驚惶	33
處理下	33
觀察力	33
以貌取人	33
新鮮滾熱辣	33
瀕臨	33
救主	33
養性	33
折頭	33
買少見少	33
辭工	33
錯愕	33
吊牀	33
苟且偷生	33
柿	33
政治人物	33
觸感	33
選擇題	33
打直	33
儀容	33
實況	33
打印機	33
茶道	33
青龍偃月刀	33
問米	33
陪下你	33
足見	33
鎖骨	33
客車	33
菠	33
透明度	33
母公司	33
條渠	33
獨立屋	33
一覺瞓醒	33
勵精圖治	33
幫下我手	33
猛人	33
溪錢	33
搭客	33
動刀動槍	33
大碌	33
人不可貌相	33
露珠	33
唬	33
到咗未	33
冷嘲熱諷	33
重災區	33
逛咗	33
分庭抗禮	33
年三十晚	33
晚市	33
嚟手	33
攬炒	33
儀仗隊	33
逾	33
反共	33
秧	33
男人老狗	33
碎片化	33
洗刷	33
歸根結底	33
聲討	33
僑民	33
斯德哥爾摩	33
乜咯	33
落草為寇	33
養花	33
舉世聞名	33
毫克	33
萬分感激	33
備課	33
腋下	33
屬土	33
民怨	33
唱衰佢	33
痔瘡	33
善辯	33
梵文	33
開初	33
械鬥	33
沒啊	33
南柯一夢	33
神似	33
早唞啦	33
作弄	33
數之不盡	33
烙印	33
數目字	33
水樽	33
人有三急	33
不學無術	33
計有	33
賺唔賺	33
獵奇	33
串謀	33
雷厲風行	33
參數	33
魏晉	33
輪班	33
觸手	33
極權	33
重遊	33
過關啦	33
得個名	33
從頭做起	33
堵截	33
山崩地裂	33
唔信嘅話	33
酮	33
裝假狗	33
狗公	33
沙井	33
咖喱雞	33
爭在	33
驚鴻	33
差咗啲	33
外交官	33
槐	33
塑像	33
龜仔	33
財爺	33
喉管	33
單程	33
貨輪	33
孺	33
富貴榮華	33
我都冇計	33
撞彩	33
拱形	33
謬	33
抽樣	33
翩	33
水患	33
請緊	33
瞓街	33
滿腦子	33
企位	33
係咪㗎	33
石匠	33
紅豆冰	33
漠不關心	33
國安法	33
練字	33
婀	33
借勢	33
領海	33
受溝	33
石勒	33
夢中情人	33
內鬼	33
鵡	33
舊石器時代	32
在校	32
蟹黃	32
蓮台	32
唔識整	32
絢爛	32
滑輪	32
子產	32
救急	32
光纖	32
孤女	32
泥水佬	32
主機	32
混入去	32
靜默	32
夠朋友	32
巡行	32
磨牙	32
不義之財	32
有眼睇	32
非正式	32
食花生	32
奉公守法	32
頂下肚	32
咁論盡	32
闆	32
抽血	32
就止	32
臉頰	32
補倉	32
地下通道	32
口窒窒	32
單戀	32
屍檢	32
藍籌股	32
腳趾公	32
驚覺	32
功德無量	32
實則	32
析	32
明查暗訪	32
以身相許	32
曼德拉	32
橫額	32
千瘡百孔	32
你個肺	32
弱肉強食	32
差池	32
降職	32
午間	32
不知者不罪	32
你醒啦	32
權位	32
非常時期	32
執筆	32
死記硬背	32
捷報	32
招財貓	32
燒炮仗	32
人高馬大	32
打得火熱	32
出返去	32
下次啦	32
痕癢	32
遇難者	32
民選	32
行得正企得正	32
拉埋我	32
呼嚕	32
有眼不識泰山	32
畀錢	32
衰在	32
冇記得	32
跟不上	32
半條命	32
活火山	32
官宦	32
包攬	32
頭頭尾尾	32
一腳踏兩船	32
一箭雙鵰	32
屋契	32
鴻門宴	32
一言九鼎	32
天然資源	32
頸圈	32
飛腿	32
肖小姐	32
分頭行事	32
爆粗	32
倒吊	32
護髮	32
通病	32
飲管	32
雞肋	32
神清氣爽	32
喺度做乜	32
雜聲	32
摩納哥	32
外側	32
死人都	32
空口講白話	32
噴湧	32
梯級	32
實彈	32
死機	32
打仔	32
抱擁	32
軟泥	32
多手	32
分段	32
知識產權	32
和平共處	32
為乜事	32
你發咗	32
排排坐	32
和事佬	32
方向感	32
手肘	32
鐵定	32
降班	32
平步青雲	32
陽曆	32
死皮	32
唔知哦	32
西營盤	32
醒目啲	32
擱置	32
修例	32
刮花	32
講極都	32
印鑑	32
三人行	32
現款	32
嚟遲	32
我唔肯定	32
豪放	32
腳趾尾	32
捶打	32
殖	32
閒暇	32
大過天	32
葉片	32
查察	32
二項	32
冰雕	32
翹舌音	32
死有餘辜	32
惡運	32
食油	32
生滾	32
人格分裂	32
上電	32
婦產科	32
鬼使神差	32
毛神神	32
胸肌	32
提琴	32
石子	32
為國出力	32
扁鵲	32
着好衫	32
千嬌百媚	32
皮膠	32
玉石俱焚	32
窮書生	32
六一兒童節	32
外債	32
柳林	32
日以繼夜	32
天倫	32
次日	32
市場競爭	32
股本	32
八卦新聞	32
王冠	32
斬中	32
羊羔	32
炒起	32
七孔流血	32
撇甩	32
放開手腳	32
硬盤	32
見狀	32
黃雨	32
言而有信	32
蝦子	32
又唔掂	32
暹羅	32
你係得嘅	32
逃課	32
添食	32
側重	32
有牙冇眼	32
記低佢	32
細密	32
忽而	32
有理冇理	32
畫眉	32
邳	32
涕	32
悠長	32
調校	32
等號	32
快快脆	32
肇事	32
毀約	32
出賽	32
鴻溝	32
楊枝甘露	32
失落感	32
愛侶	32
台東	32
廢話少講	32
正本	32
綜	32
樹脂	32
難產	32
百年歸老	32
座無虛席	32
前列腺	32
躡手躡腳	32
折服	32
吐露	32
爛片	32
我望一望	32
顯示器	32
用不着	32
庸碌	32
鹹片	32
面值	32
模擬器	32
籌措	32
冤家路窄	32
哈密瓜	32
個體户	32
敢言	32
前哨	32
忠烈	32
繩之於法	32
陷坑	32
簽收	32
好些	32
病勢	32
褲帶	32
造紙	32
神槍手	32
暗笑	32
貪小便宜	32
啓迪	32
穿針	32
常務	32
湖光山色	32
阿房宮	32
髒話	32
空襲	32
博覽羣書	32
蟾	32
熱話	32
陳雲	32
筍盤	32
肺病	32
跟車	32
寄居蟹	32
活罪	32
拉埋佢	32
彈殼	32
湯飯	32
聽教聽話	32
精打細算	32
間條	32
我同我媽	32
胸腔	32
為着	32
盛怒	32
倒車	32
嗱西	32
硫	32
望風而逃	32
社恐	32
羅宋湯	32
自上而下	32
貨櫃碼頭	32
財務公司	32
昌明	32
無事不登三寶殿	32
狐假虎威	32
花球	32
夾萬	32
沙河粉	32
淪	32
心靈手巧	32
褻瀆	32
鹹酸	32
知心朋友	32
口啞啞	32
行話	32
樂迷	32
表露無遺	32
講乜嘢㗎	32
弊病	32
咁變態	32
麻省	32
獵豹	32
魚雷艇	32
紋絲不動	32
一夫當關	32
還押	32
容乜易	32
做功夫	32
墜毀	32
風言風語	32
樂譜	32
細節位	32
爻	32
泡芙	32
限聚令	32
磺	32
長孫無忌	32
唔信咯	32
有根有據	32
提心	32
賭債	32
你真係叻	32
不法之徒	32
戀戀不捨	32
包租公	32
奶水	32
國際奧委會	32
小產	32
抄低	32
四眼仔	32
合擊	32
吹牛皮	32
有增無減	32
筐	32
摯	32
熱心腸	32
郵政局	32
天口	32
校董	32
酋	32
骷	32
記認	32
喪家之犬	32
鴨血	32
雙重標準	32
個兒	32
照妖鏡	32
鵪鶉蛋	32
妙手回春	31
檳城	31
影相機	31
的士佬	31
埋牙	31
通信	31
甲烷	31
固然之	31
扯線公仔	31
殉情	31
懷春	31
我要瞓	31
無期徒刑	31
底價	31
摸不着頭腦	31
底底	31
昇平	31
技工	31
硬食	31
佛羅倫斯	31
飲大	31
瓜子面	31
曬地	31
呢本嘢	31
灰心喪氣	31
忍辱負重	31
超商	31
深表	31
火紅火綠	31
拍得住	31
洗心革面	31
家道中落	31
過大海	31
前赴後繼	31
客源	31
你果	31
成績表	31
譯音	31
柑	31
牽絆	31
單數	31
怡人	31
莫測高深	31
瑙	31
抽走	31
整碎	31
數不清	31
改一下	31
屈居	31
恐怖襲擊	31
卧虎藏龍	31
牧馬人	31
零落	31
靈舍	31
糧票	31
油漬	31
一波三折	31
何媽	31
長做	31
錢又冇	31
悔意	31
逢親	31
亡魂	31
汐	31
離席	31
換算	31
夷為平地	31
平面圖	31
黑警	31
字型	31
潰爛	31
真係冇面	31
再接再厲	31
搞搞陣	31
鐵鏽	31
粥水	31
蚣	31
騎師	31
兇犯	31
泥頭車	31
蚊香	31
年幾兩年	31
後果不堪設想	31
波斯灣	31
風水輪流轉	31
含冤而死	31
兢兢業業	31
執到啦	31
午覺	31
登報	31
去死啦	31
羯	31
空前絕後	31
懶蟲	31
無所遁形	31
叫聲我	31
賣關子	31
北冰洋	31
誘發	31
顱	31
雞飛狗跳	31
我嘅家庭	31
單據	31
品茗	31
公映	31
個勢	31
高密	31
養蠶	31
洋房	31
初嚟報到	31
才華出眾	31
韻詩	31
氣孔	31
黯淡	31
黃疸	31
回轉	31
條利	31
萬金油	31
財源廣進	31
睇火	31
角鬥	31
水蜜桃	31
沙縣	31
發信	31
賢才	31
柯南	31
開席	31
象徵式	31
咩水	31
打比賽	31
質樸	31
丹青	31
有氣冇力	31
收效	31
雜糧	31
醜態	31
公平競爭	31
車輪戰	31
印信	31
插秧	31
消防局	31
機管局	31
當局者迷	31
唔聚財	31
食宵	31
入冬	31
多嘴多舌	31
軟糖	31
你得嘅	31
包羅萬有	31
受訓	31
牛欄	31
鬼頭仔	31
渣打	31
酌情	31
加添	31
山卡拉	31
工具箱	31
腐臭	31
出口成章	31
洲際	31
防暴	31
筵	31
走為上計	31
神神怪怪	31
閉幕	31
佛門弟子	31
尼姑庵	31
海棠花	31
説來話長	31
二叔公	31
睇齊	31
若有若無	31
道賀	31
懶得理佢	31
艄	31
巨無霸	31
猜中	31
抨	31
犧	31
固步自封	31
都好聽	31
同屋主	31
滿口應承	31
欠單	31
死水	31
呢啲正	31
落點	31
摧	31
寬裕	31
一人做事一人當	31
別克	31
槍彈	31
反客為主	31
胰島素	31
苻堅	31
佔為己有	31
謙謙君子	31
品流	31
佢對大家	31
吟詩作對	31
量產	31
抵債	31
粗野	31
剃鬚	31
儘量啦	31
牙肉	31
居功	31
生米煮成熟飯	31
點會想	31
含金量	31
唔響度	31
由來已久	31
你搞錯啦	31
生蟲	31
大假	31
十進制	31
提款卡	31
少壯	31
標識	31
不動產	31
暴走	31
遼朝	31
油然而生	31
疑問詞	31
水族館	31
次長	31
唔碰	31
殘月	31
張羅	31
冒昧	31
同我鬥	31
錯處	31
馬賽克	31
調笑	31
手錘	31
冤氣	31
過台	31
傳票	31
掠食	31
老鼠屎	31
突兀	31
肅靜	31
發個好夢	31
水袋	31
守靈	31
梅花樁	31
吹水啦	31
晨曦	31
新牌	31
簡便	31
指定動作	31
耳窿	31
瘟神	31
餐包	31
生得靚仔	31
貪慕虛榮	31
物理治療	31
羞答答	31
秒回	31
畫板	31
屹	31
不特止	31
放下屠刀	31
凍飲	31
實錄	31
左面	31
苦學	31
人非草木	31
省去	31
面癱	31
黑車	31
印發	31
絕殺	31
愚笨	31
應景	31
陰宅	31
三明治	31
恆常	31
貧血	31
締	31
誓願	31
炒股票	31
唔甩得身	31
造詣	31
地緣政治	31
馬燈	31
電訊	31
成千成萬	31
娛樂性	31
民初	31
輕言	31
其間	31
和顏悦色	31
心悸	31
心有靈犀	31
吸塵機	31
自己話事	31
陪酒	31
疲軟	31
專意	31
後視鏡	31
佈景	31
度橋	31
複式	31
時辰八字	31
生龍活虎	31
軍犬	31
睇夠	31
受僱	31
和應	31
憔	31
趣怪	31
水警	30
郵寄	30
前科	30
彩電	30
邀功	30
腳背	30
必需	30
訂位	30
發身	30
卡士	30
鬆一口氣	30
中傷	30
西柚	30
買水	30
中女	30
你睇咩	30
元兇	30
若非	30
笑口常開	30
鑽戒	30
人壽保險	30
話卡	30
青綠色	30
通勝	30
大材小用	30
唱咩歌	30
拳棒	30
開金口	30
黏液	30
拋離	30
專橫	30
數週	30
勤儉	30
鐵觀音	30
拐帶	30
功夫仔	30
名錄	30
神職人員	30
下坡路	30
艦艇	30
莊口	30
孤注一擲	30
狹路相逢	30
男同女	30
西紅柿	30
一手交錢	30
鼠疫	30
透大氣	30
下顎	30
喝早茶	30
口琴	30
捐軀	30
附送	30
無關痛癢	30
慢速	30
仲唔喐	30
天朗氣清	30
含血噴人	30
發紫	30
媽媽生	30
冇得避	30
扁擔	30
女伴	30
畫押	30
草擬	30
匯演	30
猩	30
唯獨佢	30
圓咗	30
三皇五帝	30
爵士樂	30
肚臍	30
溜達	30
吐苦水	30
老遠	30
做壽	30
你情我願	30
灰鼠	30
速遞員	30
見閻王	30
幾多對	30
往時	30
好賺	30
女排	30
狙擊手	30
三頭兩日	30
沖涼先	30
柔順	30
人事不知	30
幾大就幾大	30
地支	30
南嶽	30
作罷	30
世態炎涼	30
講下笑啫	30
車天車地	30
有條不紊	30
等待緊	30
入稟	30
影音	30
閃人	30
躺下	30
插播	30
餚	30
作伴	30
時日無多	30
不言而喻	30
炸燬	30
投案	30
平民化	30
黃花閨女	30
反效果	30
學社	30
腦脹	30
三號線	30
合法化	30
晨早流流	30
誠惶誠恐	30
愚人節	30
痙攣	30
打翻電話	30
軸線	30
民以食為天	30
上圍	30
孜	30
失而復得	30
老糊塗	30
頂頭	30
大球場	30
金蟬脱殼	30
疏爽	30
自憐	30
餐室	30
小心行事	30
墨魚丸	30
尾房	30
灼灼	30
石破天驚	30
完好無損	30
慘笑	30
住唔落	30
生意佬	30
倒冧	30
合用	30
你中意啦	30
命不久矣	30
單韻母	30
韓語	30
泄密	30
鈺	30
鼻塞	30
知青	30
反方向	30
看牛	30
反恐	30
整數	30
譟	30
嘎嘎聲	30
邢台	30
留得青山在	30
慼慼	30
納悶	30
算卦	30
重讀	30
打橫行	30
口香糖	30
頂佢個肺	30
臨時工	30
聽筒	30
鹽焗	30
別處	30
夜襲	30
鞠躬盡瘁	30
鐳射	30
打掂	30
乾一杯	30
睫	30
半世人	30
整冧	30
後生細仔	30
為虎作倀	30
挨個	30
花樣年華	30
搞屎棍	30
烏木	30
甜酸苦辣	30
芥蘭	30
保齡球	30
浮氣	30
拔尖	30
冷場	30
裝神弄鬼	30
呈送	30
二十一條	30
七聲	30
黑市	30
早會	30
有瓦遮頭	30
生咗仔	30
眼水	30
正氣凜然	30
藥劑師	30
內邊	30
快鏡	30
風塵女子	30
劇作	30
扶助	30
一言一行	30
蒐證	30
近郊	30
算好啦	30
幻聽	30
白事	30
燃點	30
眼福	30
神魂	30
起價	30
識話	30
冰櫃	30
飛盤	30
堅稱	30
審時度勢	30
敬拜	30
大盡	30
唔搏	30
感召	30
不屈不撓	30
頭獎	30
二次元	30
匾額	30
科學知識	30
品貌	30
伯有	30
爆燈	30
文萊	30
大呼	30
户口簿	30
置身事外	30
居無定所	30
前提條件	30
大事化小	30
出奇制勝	30
缽頭	30
看破紅塵	30
默寫	30
冇銀	30
相見恨晚	30
不准	30
架設	30
食西北風	30
小數	30
皮笑肉不笑	30
險勝	30
迷彩	30
搭正	30
十月懷胎	30
傍住	30
旗子	30
觀音兵	30
砍伐	30
日久失修	30
泛指	30
召集人	30
有部車	30
劫營	30
般若	30
西班牙文	30
慢煮	30
候補	30
斂財	30
引線	30
知錯能改	30
佛山人	30
求愛	30
使乜咁客氣	30
劈頭	30
辣椒仔	30
好耐冇嚟	30
驚為天人	30
腳步浮浮	30
高腰	30
問鼎	30
航程	30
好景不長	30
公墓	30
先排	30
勒令	30
養蜂	30
維多利亞女王	30
拉閘	30
碗碗碟碟	30
舉一反三	30
受教	30
薰	30
駐足	30
漏氣	30
做邊行	30
潦草	30
上陣殺敵	30
墨七	30
粗鹽	30
打生打死	30
招集	30
做咗咩事	30
藉故	30
打罵	30
食軟飯	30
隔膜	30
作下	30
份外	30
鬼打鬼	30
唔知驚	30
情夫	30
寶藍色	30
吐氣揚眉	30
精神百倍	30
賽果	30
化合物	30
棄子	30
滘	30
似你啊	30
藏匿	30
草紙	30
中分	30
十國	30
我姑姐	30
麻利	30
去片	30
手停口停	30
新女	30
衣冠不整	30
健康飲食	30
照明彈	30
櫃面	30
拱橋	30
截查	30
小玩意	30
大老婆	30
美聲	30
殯葬	30
飛天遁地	30
茶位	30
孫叔敖	30
最上邊	30
奔馬	30
盛傳	30
軍容	30
平淡無奇	30
縫補	30
生神仙	30
獎券	30
冇譜	30
筆筒	30
黃種人	30
災荒	30
爆血管	30
學前	30
革職	30
獨唱	30
車錢	30
龍馬精神	30
瞥	30
煩擾	30
一盅兩件	30
黏力	30
研習	30
剃刀	30
老鼠藥	30
泥磚	30
待人接物	30
早戀	30
裁減	30
膠捲	30
坐墊	30
改頭換面	30
事發經過	30
三小	29
墾	29
閆	29
冰山一角	29
二胡	29
額角	29
拆台	29
精神分裂症	29
奇偉	29
驟眼睇	29
畜牧	29
燒臘	29
遊船河	29
購票	29
得個吉	29
細鬼	29
平又靚	29
慕名而來	29
雛	29
鹽分	29
柳葉刀	29
開市	29
流落江湖	29
裝潢	29
褻	29
船舶	29
潮退	29
變態佬	29
黑歷史	29
咁老友	29
花菇	29
佛跳牆	29
愣住	29
閉着	29
誘騙	29
因住我	29
三個六	29
赤口	29
傷重	29
官逼民反	29
品評	29
工具人	29
試錯	29
罐裝	29
死不足惜	29
女皇	29
承建	29
秉性	29
利比亞	29
咪行住	29
分銷	29
兩三個鐘	29
預咗你	29
保安仔	29
羽翼	29
佟	29
猛咁食	29
鹹濕嘢	29
險阻	29
唞涼	29
基友	29
皮貨	29
高低起伏	29
幾好人	29
分校	29
窄啲	29
花菜	29
抽油	29
滑坡	29
夜更	29
耳筒	29
刷牙洗面	29
智謀	29
完美無瑕	29
春生	29
扶正	29
領呔	29
筆直	29
乃念	29
順時針	29
賣錢	29
工商管理	29
和聲	29
停息	29
有傾有講	29
過街老鼠	29
做節	29
無猜	29
裝甲車	29
退居	29
托勒密	29
風球	29
人力車	29
冷言冷語	29
乳液	29
六親不認	29
諗埋一邊	29
遏	29
不甘示弱	29
歷任	29
某一方面	29
淨身	29
瞅	29
傳召	29
細公司	29
早退	29
專機	29
見習	29
得來全不費功夫	29
開正	29
意氣用事	29
串埋	29
衰格	29
吊兒郎當	29
班門弄斧	29
投生	29
身份證明	29
壯闊	29
蜂擁而至	29
熱火朝天	29
親眷	29
後塵	29
折墮	29
總歸	29
大檔	29
單刀直入	29
反咬一口	29
親暱	29
頂用	29
計條數	29
推展	29
腳趾頭	29
歡暢	29
拆船	29
就地取材	29
論據	29
赴任	29
玥	29
勸交	29
記招	29
神神化化	29
鳳梨	29
唔出咯	29
兜售	29
產房	29
檬	29
馬後炮	29
質詢	29
不遠千里	29
跌眼鏡	29
樂極生悲	29
沙冰	29
雞春	29
壞主意	29
反目成仇	29
蓬頭垢面	29
大氣電波	29
留都	29
天助我也	29
中西合璧	29
行啦你	29
閂到實	29
叮鈴	29
振振有詞	29
含意	29
宵夜啊	29
情深款款	29
獅子山下	29
盛況	29
穢	29
下陷	29
職稱	29
靜態	29
哀嘆	29
上億	29
成衣	29
松柏	29
透風	29
動腦	29
捻到	29
黑色幽默	29
追封	29
見稱	29
祖宗十八代	29
無名氏	29
禿鷹	29
轉頭見	29
酒錢	29
後園	29
血滴	29
死老鬼	29
枯竭	29
鼻韻母	29
善信	29
鬼鼠	29
勤工	29
贏面	29
兩道散手	29
貞潔	29
長話短説	29
跟尾	29
唔想食飯	29
一大沓	29
換領	29
喜氣	29
敬老	29
論調	29
入流	29
死人冧樓	29
古雅	29
手軟腳軟	29
含情脈脈	29
倔	29
批閲	29
馬馬虎虎	29
七月一號	29
人工呼吸	29
鋼材	29
細個仔	29
停播	29
家傳之寶	29
蔗糖	29
採嘅	29
成家立業	29
得饒人處且饒人	29
齋啡	29
買多咗	29
二五仔	29
垂死掙扎	29
人夫	29
電影票	29
醒目仔	29
生父	29
區議會	29
大蘿蔔	29
眼仔碌碌	29
大考	29
三五成羣	29
誘導	29
攬上身	29
自己攞嚟死	29
座右銘	29
耕耘	29
浮生	29
啤梨	29
牛叔	29
陰狠	29
被窩	29
引流	29
葡撻	29
馬來西亞人	29
貞操	29
生肉包	29
比不上	29
五姑娘	29
應份	29
賬本	29
明示	29
邪魔外道	29
不三不四	29
不明所以	29
跋涉	29
白過	29
秘密警察	29
友愛	29
國貨	29
肽	29
同名同姓	29
性器官	29
好好先生	29
尖頂	29
心重	29
差勁	29
真係靈	29
溜冰場	29
申請表	29
遷居	29
太陽能板	29
貓糧	29
高官厚祿	29
雙刃	29
馬蹄糕	29
鉅著	29
由自可	29
搭理	29
疏忽大意	29
講手	29
秋分	29
噴壺	29
撅	29
二分之一	29
星宿海	29
中成藥	29
掌故	29
幻滅	29
肉豆蔻	29
翦	29
功虧一簣	29
殺掉	29
陶冶	29
公憤	29
無毒不丈夫	29
觀禮	29
壓倒性	29
招風	29
綜援	29
跳遠	29
撞死馬	29
損友	29
蒸水蛋	29
遊花園	29
抗癌	29
水痘	29
無線電視台	29
行得走得	29
庸才	29
異形	29
官袍	29
冷飲	29
細媽	29
遊魂野鬼	29
掐	29
衰女包	29
後無來者	29
我都好少	29
美談	29
針法	29
西化	29
前功盡廢	29
別有洞天	29
打同通	29
乸型	29
全裸	29
食為先	29
大吃大喝	29
醫德	29
食道	29
安全帽	29
誅滅	29
玩唔玩	29
受控	29
風流瀟灑	29
逃學威龍	29
未有耐	29
咕咚	29
埋周	29
獻禮	29
封塵	29
分一杯羹	29
中堅	29
老火湯	29
交叉點	29
輿	29
入油	29
身位	29
嗤	29
陽上	29
鐵餅	29
西服	29
馬爾他	29
言論自由	29
單人房	29
河伯	29
煽情	29
淡奶	29
工作台	29
窗花	29
扭蛋	29
球衣	29
健康生活	29
修士	29
團費	28
庭長	28
賢妻良母	28
炸子雞	28
蕪	28
老屎忽	28
圍坐	28
好高分	28
商隊	28
經年	28
皓	28
美其名	28
冇乜胃口	28
心電圖	28
洗漱	28
次等	28
軟腳蟹	28
風景區	28
校規	28
陪襯	28
酸辣湯	28
惡念	28
手遊	28
行兇殺人	28
國際大都會	28
台客	28
清場	28
網誌	28
逼迫	28
愜意	28
功夫茶	28
授粉	28
鐵球	28
虛浮	28
一呼百應	28
撒哈拉沙漠	28
入場費	28
修護	28
暈車	28
複製咗	28
將錯就錯	28
不知死活	28
評論家	28
審判者	28
此舉	28
插隊	28
渣都冇	28
聽早	28
黃頭	28
膾炙人口	28
相看	28
擺平	28
屬相	28
招引	28
赤身露體	28
世務	28
同道中人	28
桑葚	28
歡欣鼓舞	28
問候語	28
輓聯	28
顯示屏	28
卸貨	28
我出門口	28
愛將	28
無事生非	28
落筆	28
折算	28
油炸蟹	28
去盡	28
比價	28
一絲一毫	28
挖苦	28
雙龍出海	28
話都冇咁易	28
吊帶	28
何文田	28
下便	28
投緣	28
分崩離析	28
命數	28
雉	28
根號	28
榆	28
詫	28
牛柳	28
財帛	28
戌	28
搪	28
身外之物	28
一肚火	28
撇嘴	28
唔啱使	28
栗	28
破柴	28
清瘦	28
腹瀉	28
幹炒	28
察看	28
和唱	28
讀死書	28
生活必需品	28
好使好用	28
琴日先	28
鬼唔似鬼	28
羅生門	28
別名	28
你唔瞭解	28
轄區	28
鬼火咁靚	28
勸導	28
跳井	28
手硬	28
排便	28
山徑	28
耶和華	28
返學啦	28
唔通氣	28
英武	28
你老子	28
賊眼	28
好去處	28
鴦	28
聖堂	28
下崗	28
芯	28
寬限	28
律令	28
壽帶	28
入樽	28
散漫	28
七老八十	28
一口拒絕	28
面懵懵	28
同聲同氣	28
成形	28
橋牌	28
神心	28
衣冠楚楚	28
天生麗質	28
潮熱	28
體感	28
褲浪	28
許可證	28
光脱脱	28
獗	28
有血性	28
吊車	28
冚家富貴	28
混為一談	28
超標	28
列祖列宗	28
霍亂	28
攰唔攰	28
石硤尾	28
剛毅	28
税項	28
碰杯	28
皮開肉裂	28
銀灰	28
福如東海	28
水平線	28
雪菜	28
前嫌	28
既為	28
力圖	28
波長	28
整熱	28
厚顏無恥	28
盟國	28
爭地盤	28
雙數	28
沙特阿拉伯	28
入心入肺	28
翳氣	28
籬笆	28
通稱	28
神農架	28
多媒體	28
山明水秀	28
中庸之道	28
西芹	28
檳	28
成色	28
老油條	28
彆	28
精微	28
河西走廊	28
牙尖嘴利	28
除草	28
紅纓槍	28
穿着打扮	28
樹樁	28
麻醉藥	28
金娃娃	28
提包	28
我條女	28
鑲嵌	28
九重天	28
好串	28
防治	28
傻婆	28
到未啊	28
德政	28
相加	28
發圍	28
據報	28
經濟全球化	28
畫功	28
耐熱	28
攘	28
逍遙派	28
雜交	28
負累	28
門閥	28
一按	28
預佢	28
都癲	28
我愛嘅	28
保費	28
迸	28
收銀員	28
枯井	28
嫖娼	28
披荊斬棘	28
各有千秋	28
骷髏骨頭	28
倚老賣老	28
逾越	28
素色	28
食辣嘢	28
撳掣	28
佛寶	28
異類	28
香港特別行政區	28
課外活動	28
荷塘	28
風洞	28
三思而行	28
西褲	28
枕住	28
別字	28
受持	28
黐牙	28
平靚正	28
上排	28
季候風	28
遠揚	28
得啖笑	28
失主	28
搞手	28
馬迷	28
新丁	28
鹹豬手	28
代表隊	28
會籍	28
童工	28
冇得解	28
東德	28
迷魂陣	28
坷	28
選修	28
營養素	28
進餐	28
截肢	28
追悔	28
迴文	28
幾急	28
洋娃娃	28
獨到之處	28
鹿茸	28
搞禍	28
澳門呢	28
公費	28
紅白機	28
化肥	28
蠻力	28
親生骨肉	28
弱化	28
佼佼者	28
大眾化	28
花冠	28
三年五載	28
死八婆	28
打主意	28
冷飯菜汁	28
騎呢	28
神曲	28
切絲	28
冇心肝	28
唱腔	28
錯過你	28
潑冷水	28
嫡親	28
犯罪行為	28
搭乘	28
雙人房	28
菀	28
嘮叨	28
名媛	28
先行者	28
無可奉告	28
暈染	28
期刊	28
甩皮	28
奧特曼	28
僵住	28
半打	28
死實	28
鐵板餐	28
廈	28
鍍金	28
全音	28
東奔西跑	28
滅自己威風	28
金華火腿	28
立竿見影	28
惺惺相惜	28
加侖	28
蒙羞	28
人心所向	28
後綴	28
元素週期表	28
東魏	28
開春	28
雙親	28
落案	28
贍養費	28
氧化物	28
反綁	28
土葬	28
簡要	28
順帶一提	28
揮春	28
小圈子	28
漢堡扒	28
嚴嚴實實	28
一片光明	28
迷你倉	28
節度使	28
航機	28
急步	28
自排	28
充軍	28
着多件衫	28
圍捕	28
甲殼	28
踹	28
巧取豪奪	28
掏出	28
咁狼胎	28
癆	28
拖行	28
氫氣	28
無話不談	28
底盤	28
匹敵	28
過三關	28
區長	28
炫富	28
愷	28
課外	28
不請自來	28
豬頸肉	28
淀	28
歇息	27
挺立	27
龍飛鳳舞	27
紹興	27
谿	27
麻甩	27
捕撈	27
墅	27
市場佔有率	27
古箏	27
羅馬尼亞	27
印度尼西亞	27
顛倒黑白	27
重金屬	27
上天入地	27
尿兜	27
馬姐	27
報曉	27
稱兄道弟	27
泥鰍	27
你又信	27
風涼話	27
哈嘍	27
第一夫人	27
焯水	27
勢在必行	27
龍潭虎穴	27
三三四	27
蛋花湯	27
大清早	27
疲弱	27
有寶	27
詐傻扮懵	27
罔顧	27
失真	27
依山傍水	27
難怪啦	27
不菲	27
紅撲撲	27
冇咁嬲	27
聽會	27
相簿	27
局方	27
鬥雞眼	27
兩爺孫	27
魚米之鄉	27
流心	27
魚龍混雜	27
置疑	27
赤膽忠心	27
條痕	27
後孃	27
彙總	27
空中小姐	27
安樂窩	27
得嘎	27
歌舞昇平	27
自便	27
古語有云	27
橫七豎八	27
里斯本	27
神體	27
自下而上	27
蔻	27
發號施令	27
人畜無害	27
中華全國總工會	27
紀念冊	27
鬱結	27
鳴冤	27
開拖	27
酸楚	27
一霎	27
議價	27
檐	27
帶備	27
屈就	27
三姑六婆	27
過意得去	27
離題	27
括號	27
冇實際	27
罌粟	27
哭咗	27
事業心	27
大寒	27
璉	27
老虎機	27
斟茶遞水	27
為己任	27
波瀾壯闊	27
寡情	27
人仰馬翻	27
苦思	27
幫工	27
骨子裏	27
民權	27
郵包	27
對錶	27
喪葬	27
蘿莉	27
造作	27
內壁	27
美輪美奐	27
坐享其成	27
奘	27
保潔	27
閒計	27
睇大戲	27
爛賭	27
低燒	27
縱橫天下	27
舊病復發	27
入咗波	27
豔遇	27
守望相助	27
讀萬卷書	27
飲水機	27
走秀	27
配售	27
心竅	27
真性	27
與會	27
慼	27
精忠報國	27
裱	27
嘮	27
響着	27
大單嘢	27
學姐	27
英年早逝	27
黃毛丫頭	27
曇花一現	27
冇啖好食	27
平分秋色	27
筲箕灣	27
揭幕	27
笑貌	27
歡度	27
一舉成功	27
摩天大廈	27
蒼翠	27
唔等使	27
區區小事	27
踩場	27
語錄	27
糊弄	27
當家作主	27
海燕	27
心頭大石	27
朱雀	27
令堂	27
基本粒子	27
結集	27
約旦	27
疑心生暗鬼	27
踢腳	27
歐羅	27
好慢啊	27
龍樹	27
快起身	27
露頭角	27
粟粉	27
月下老人	27
承建商	27
腦筍	27
客席	27
棋手	27
正選	27
啊好恐怖	27
三千里	27
步高步低	27
萬事俱備	27
消化系統	27
恬靜	27
請命	27
扼要	27
儀表堂堂	27
悄無聲息	27
早晨啦	27
大掃除	27
總攻	27
臨危不懼	27
玉杯	27
過去式	27
比目魚	27
檢舉	27
駝峯	27
毫無辦法	27
居安思危	27
發脹	27
余文樂	27
嘜	27
歷屆	27
清勁	27
肉搏	27
欲哭無淚	27
聆	27
亂車	27
打救你	27
蠱惑仔	27
棍子	27
落西	27
銷路	27
痛到入心	27
舊事重提	27
外幣	27
我就到	27
結滿	27
好言相勸	27
天公地道	27
建功	27
恕我直言	27
遊離	27
食豆腐	27
一擲千金	27
工作服	27
海怪	27
破鏡重圓	27
辰光	27
無情白事	27
傻傻更更	27
密雲	27
飛艇	27
救生圈	27
狂躁	27
入夢	27
妻室	27
又話唔係	27
光盤	27
解禁	27
禍亂	27
寢食	27
在任	27
成夜	27
召回	27
你最鍾意	27
長此以往	27
紐扣	27
言不由衷	27
乘涼	27
唔提醒	27
不速	27
沉默是金	27
鈉	27
殉職	27
捱得苦	27
經濟作物	27
手到擒來	27
冠狀病毒	27
精裝	27
茅廬	27
嚇一驚	27
翻江倒海	27
釉	27
飲啖酒	27
政治正確	27
漿果	27
熱賣	27
惡人先告狀	27
香咗	27
一夜情	27
胎氣	27
原底	27
搏動	27
無疾而終	27
冇品	27
宣示	27
炸魚薯條	27
新聞台	27
娛樂場	27
退換	27
軍用物資	27
常委會	27
本末倒置	27
羣策羣力	27
女人心	27
嘹亮	27
勸喻	27
人外有人	27
愛憐	27
清清地	27
泥菩薩	27
大時大節	27
山西人	27
套票	27
泊位	27
巡邏隊	27
恙	27
橫批	27
抌垃圾	27
入鄉隨俗	27
出樣	27
恢復期	27
回覆你	27
斜斜哋	27
中國好聲音	27
少奶奶	27
拍着	27
孔明燈	27
便條	27
滸	27
性侵犯	27
自由意志	27
磅重	27
發功	27
刪改	27
袤	27
眼碌碌	27
年晚	27
警司	27
色心	27
迎風招展	27
甩色	27
冇釐	27
生詞	27
一片痴心	27
控球	27
始終如一	27
橫空出世	27
工仔	27
缽仔糕	27
濕濕碎啦	27
好屎	27
伺機	27
難捨難分	27
一支公	27
一面倒	27
化學作用	27
黑漆漆	27
判若兩人	27
巾幗英雄	27
壟	27
純手工	27
禮拜堂	27
審議	27
本份	27
參差	27
死要面	27
有冇錯	27
語言學	27
淺笑	27
喺會議室	27
鬼話連篇	27
人身攻擊	27
侏	27
封路	27
不置可否	27
冇頭冇尾	27
開心到飛起	27
無功不受祿	27
插座	27
硬打硬	27
好叻咩	27
估價	27
浮頭	27
新地	27
哥特人	27
精義	27
下牀	27
稿子	27
好講嘢	27
公兩	27
預咗佢	27
望而生畏	27
乾涸	27
簡而言之	27
公文包	27
性本善	27
彆扭	27
幸而	27
冰棍	27
風餐露宿	27
智囊	27
講得幾啱	27
地磚	27
轉生	27
肚煲	27
甩皮甩骨	27
國家統計局	27
義士	27
放蛇	27
戾氣	27
備份	27
無所作為	27
中草藥	27
灌籃	27
致辭	27
工廈	27
名宿	27
爆肚	27
外判	27
暴飲暴食	26
犀利犀利	26
過橋米線	26
心怯	26
喋喋不休	26
咩電影	26
吹毛求疵	26
大電	26
今日有個	26
韻尾	26
飄浮	26
唔曾	26
妙不可言	26
狂放	26
功成身退	26
爐灶	26
空空洞洞	26
安閒	26
水色	26
唔想喐	26
門外漢	26
藥膳	26
每一朝	26
冇得掹	26
你個死人頭	26
地心吸力	26
錦旗	26
代入感	26
龍虎榜	26
孫兒	26
果真	26
直腸	26
美神	26
敗陣	26
搞正	26
出碟	26
茶湯	26
生花	26
牙血	26
大祭司	26
噸位	26
咁把炮	26
搞一搞	26
搜捕	26
生面口	26
敷衍我	26
睇過先	26
褥	26
氣數已盡	26
權宜之計	26
換季	26
澱	26
碗櫃	26
用心險惡	26
不可同日而語	26
好食好住	26
後浪	26
玻利維亞	26
無期	26
雙眼發光	26
你驚乜	26
啞口	26
散失	26
很高興認識你	26
挑機	26
遷怒	26
走雞	26
紛繁	26
帶水	26
獨斷	26
收水	26
停機坪	26
光譜	26
死性不改	26
失聰	26
見招拆招	26
情竇初開	26
畸	26
危地馬拉	26
殿堂級	26
氣象萬千	26
恨鐵不成鋼	26
師資	26
西藝	26
降罪	26
專心致志	26
行之有效	26
手足之情	26
懶懶散散	26
有功之臣	26
背井離鄉	26
包涵	26
圈養	26
天氣預測	26
隻鵝	26
傻子	26
獨霸一方	26
腎虛	26
稜	26
逼入去	26
電風扇	26
鐵箍	26
彩頭	26
虐殺	26
姑子	26
聆訊	26
愛理不理	26
揮金如土	26
戩	26
嘈住我	26
過主	26
度嘢	26
不知疲倦	26
聯歡會	26
拼讀	26
國際法	26
白手興家	26
斷正	26
開仗	26
棄暗投明	26
參考書	26
食蟹	26
神鳥	26
走避	26
墨水筆	26
天怒人怨	26
針筒	26
未料	26
洗潔精	26
唔知頭唔知路	26
唔拒絕	26
六分之一	26
老水	26
繁雜	26
做鴨	26
睇更	26
狗會	26
冷帽	26
方法論	26
蝦毛	26
剛啱	26
傾覆	26
廬山真面目	26
鐵板燒	26
萬人空巷	26
止渴	26
乾洗	26
你醒下啦	26
小巧玲瓏	26
砵	26
鐐	26
眼角膜	26
擺位	26
伏特	26
報系	26
循例	26
消閒	26
洗白白	26
譯本	26
打功夫	26
八仙過海	26
招呼唔到	26
白麪包	26
漂白	26
做小姐	26
好好多啊	26
頭暈腦脹	26
蓋子	26
東歪西倒	26
肉痛	26
鬧心	26
橄欖樹	26
旁門左道	26
好彩啫	26
匆	26
去啦嘛	26
落葉歸根	26
百聽不厭	26
教務	26
來勢兇猛	26
咁虛偽	26
智商税	26
同胞兄弟	26
電掣	26
執法如山	26
頂唔頂得順	26
牛脾氣	26
一路好走	26
日與夜	26
懷柔	26
有咩玩	26
譯詞	26
開鏡	26
優柔寡斷	26
賣身契	26
狄更斯	26
原貌	26
三腳貓功夫	26
據悉	26
字據	26
肯尼亞	26
不共戴天之仇	26
名嘴	26
年輕氣盛	26
喪權辱國	26
靂	26
紅暈	26
鏗鏘	26
順道	26
番梘	26
急剎車	26
糖粉	26
有口福	26
無巧不成書	26
四驅車	26
循環再用	26
都會區	26
交功課	26
新澤西	26
驚見	26
言過其實	26
奇恥大辱	26
廣義相對論	26
一線之差	26
點都唔得	26
千里眼	26
永恆不變	26
騙術	26
眼眉毛	26
飛鼠	26
有色眼鏡	26
白話文	26
碟仔	26
有乜法子	26
妖魔化	26
壤	26
永壽	26
踏青	26
哀鳴	26
氮氣	26
胭	26
上等好	26
話過你知	26
老生常談	26
化妝台	26
燒香拜佛	26
御賜	26
肛門	26
汽笛	26
下唇	26
一去不返	26
酸酸地	26
好世界	26
陳橋兵變	26
深切治療部	26
一言驚醒夢中人	26
審官	26
甜筒	26
幾毫紙	26
蠢頓	26
此起彼落	26
去勢	26
排山	26
肩膊	26
行政會議	26
救死扶傷	26
同你死過	26
撐台腳	26
麻石	26
粉餅	26
記賬	26
踞	26
提示音	26
揾出嚟	26
漂洋	26
如許	26
徹頭徹尾	26
好認	26
夾公仔	26
啱過	26
萱	26
採辦	26
雞碎咁多	26
工傷	26
光復會	26
商家佬	26
廚房佬	26
我還我	26
揚眉吐氣	26
懸浮	26
殊死	26
黐底	26
慢車	26
氣墊	26
嗤之以鼻	26
風頭火勢	26
基本盤	26
贍養	26
世一	26
保平安	26
雙管齊下	26
大花灑	26
略知一二	26
甲狀腺	26
好勇鬥狠	26
一隻牌	26
萵筍	26
唔通係你	26
堅嘢	26
一直往前	26
紫羅蘭	26
睇鬼	26
陣痛	26
唔答你	26
高爾基	26
小學雞	26
拋繡球	26
唔見過	26
無補於事	26
參差不齊	26
鬼知你	26
摩打	26
黃藍	26
救亡	26
爭強好勝	26
上盤	26
知行合一	26
千古罪人	26
撤職	26
杜鵑花	26
鐵證如山	26
手痕	26
軒然大波	26
關中地區	26
廚神	26
夜校	26
係威係勢	26
某某人	26
女兒紅	26
社區中心	26
下扒	26
嫂子	26
訝	26
芽菜仔	26
艾草	26
鼻煙壺	26
世襲	26
儆	26
禪思	26
倒卧	26
線眼	26
食檸檬	26
幾個單	26
入秋	26
偷取	26
咁快速	26
晨運	26
鐵腕	26
分薄	26
輕機	26
縮入	26
燙傷	26
冤獄	26
虧得	26
整裝待發	26
已成定局	26
天之驕子	26
另請高明	26
叉車	26
英雄主義	26
晚報	26
布魯塞爾	26
再使用	26
後欄	26
吞聲	26
廢事	26
涌	26
做賊心虛	26
沙翁	26
我溝	26
球壇	26
島民	26
未曾做	26
徒有虛名	26
毛豆	26
謂詞	26
膈肌	26
微波	26
大統領	26
晶系	26
坐地起價	26
晚頭	26
迷姦	26
入不敷出	26
橫街窄巷	26
適齡	26
三圈	26
降調	26
暗影	26
金針菇	26
燈紅酒綠	26
好眉好貌	26
鬆餅	26
發還	26
拖慢	26
梅頭	26
大動脈	25
鉅富	25
同牀共枕	25
炒大鑊	25
講三講四	25
製法	25
一時半會	25
古田	25
開齋	25
坑邊	25
過渡期	25
餐巾	25
週末愉快	25
跳落黃河都洗唔清	25
大乘	25
落嘴頭	25
眼屎	25
名存實亡	25
荒草	25
打咗啦	25
叔婆	25
腳瓜	25
嚴酷	25
兵不厭詐	25
對答如流	25
雄風	25
沙蟲	25
唔陪我	25
幾時過	25
一手交貨	25
呈堂	25
郎才女貌	25
欣喜若狂	25
叉電	25
拍卡	25
列傳	25
磷	25
腦殼	25
雖説	25
酪	25
只限於	25
再造	25
反間	25
孭你	25
引狼入室	25
我家陣	25
氣沖沖	25
色膽	25
軍令如山	25
聖誕大餐	25
友誼賽	25
言之鑿鑿	25
咁都話	25
急着	25
昏睡	25
勝訴	25
一唱一和	25
思想交流	25
細水	25
邦交	25
他條	25
好事不出門	25
善舉	25
色温	25
小句	25
不舉	25
心如刀絞	25
搭去	25
和味	25
走寶	25
奉告	25
灌注	25
排泄物	25
秉持	25
教長	25
道號	25
取火	25
謝禮	25
中止	25
隻字不提	25
升讀	25
頂罪	25
必然結果	25
奉命行事	25
覆佢	25
看家本領	25
距離感	25
丟下	25
憲制	25
劃一	25
榜眼	25
協議書	25
明刀明槍	25
俗套	25
奧林匹克	25
綁帶	25
心甜	25
基隆	25
心如止水	25
傷患	25
列席	25
桅杆	25
睇化	25
人蛇	25
料頭	25
物以類聚	25
副院長	25
生嘢	25
搜刮	25
言出必行	25
好事多為	25
牛隻	25
一念之差	25
試鏡	25
探頭探腦	25
打開心扉	25
電芯	25
散水	25
泡影	25
萬里長城	25
套索	25
減排	25
清明上河圖	25
緊張感	25
週期系	25
勸酒	25
天氣報告	25
識埋	25
奶嘢	25
衣子	25
元寶蠟燭香	25
身教	25
左諗右諗	25
例證	25
白肉	25
萬壽無疆	25
宮燈	25
撞火	25
賭波	25
一決勝負	25
粗嘢	25
盤膝	25
紅顏禍水	25
藏龍卧虎	25
正啱	25
重情重義	25
不見天日	25
太空艙	25
筆試	25
十二經	25
燒烤檔	25
邊個信	25
老姑婆	25
處身	25
總得	25
年輕有為	25
正方	25
祖業	25
麥噹噹	25
埋會	25
等一會兒	25
俗語有話	25
飛彈	25
心理現象	25
操刀	25
流芳百世	25
米路	25
一個號	25
就事論事	25
數落	25
基民	25
歡宴	25
輸到貼地	25
夥同	25
篡改	25
五小	25
一個師兄	25
粵語長片	25
釘子	25
好多晚	25
抽啊	25
領口	25
全村人	25
綠的	25
月供	25
發現新大陸	25
不毛之地	25
涼鞋	25
斷開咗	25
眼見為實	25
不期而遇	25
聽佢指	25
食正	25
五號線	25
施以	25
嬌嗲	25
溝渠	25
滇	25
頂你個	25
茁壯	25
筍嘢	25
賽車手	25
陪你食	25
摸底	25
童生	25
迂	25
利錢	25
爬龍舟	25
禁運	25
英雄宴	25
慢熱	25
死雞撐飯蓋	25
坐去	25
其貌不揚	25
逍	25
繪圖	25
你仲唔走	25
土質	25
空靈	25
時裝設計師	25
有交易	25
辣嘢	25
體弱多病	25
大番薯	25
十月革命	25
豆芽	25
抗軍	25
懦	25
打斧頭	25
花鞋	25
防彈	25
催命	25
捉蟲	25
試管	25
標點符號	25
皇天不負有心人	25
際會	25
聽住先	25
黃貓	25
秋風起	25
上彈	25
灑出	25
鬼五馬六	25
入地無門	25
返航	25
燈盞	25
方術	25
敬畏之心	25
特為	25
涼瓜	25
火油	25
百家樂	25
墮馬	25
嘈冤巴閉	25
勸誡	25
花柳	25
飛檐	25
一樓一	25
面交	25
展覽館	25
善言	25
凱旋	25
合稱	25
手神	25
大男人主義	25
早產	25
衰到貼地	25
皈依	25
放蕩不羈	25
監考	25
諜	25
靈犀	25
瀅	25
拉蘇	25
冇仔生	25
權衡利弊	25
牛皮燈籠	25
一口價	25
頂嘞	25
蟻民	25
擺定	25
逍遙快活	25
老坑公	25
世運	25
避風頭	25
入籠	25
中線	25
坎培拉	25
敲定	25
醉生夢死	25
雨後春筍	25
土豆絲	25
燈神	25
黯	25
冇課	25
性工作者	25
癲婆	25
吊桶	25
生地	25
保守黨	25
睇門口	25
湯丸	25
妻女	25
同問	25
以一敵二	25
四海之內皆兄弟	25
眾叛親離	25
風骨	25
無孔不入	25
修辭	25
病友	25
閉會	25
恩怨情仇	25
排版	25
集中力	25
震耳欲聾	25
橫穿	25
話到尾	25
狡	25
走南闖北	25
片糖	25
飲歌	25
草木皆兵	25
麻麻地啦	25
義憤填膺	25
當風	25
翰林學士	25
覆蓋率	25
巴黎鐵塔	25
負傷	25
書友	25
髮菜	25
老死不相往來	25
輸送帶	25
笑柄	25
娶埋	25
辣辣地	25
吉列	25
直角	25
理氣	25
力作	25
明察秋毫	25
知就好啦	25
要去廣州	25
裸照	25
嚴冬	25
突擊隊	25
臭男人	25
豐足	25
加插	25
花台	25
彈簧	25
諗過度過	25
藏傳佛教	25
剪綵	25
善堂	25
前便	25
大中華	25
己所不欲	25
發電廠	25
公敵	25
好大雨	25
隱形眼鏡	25
台子	25
不孝有三	25
嘰哩咕嚕	25
相別	25
呀呀聲	25
整下整下	25
時隱時現	25
別具一格	25
不戰而退	25
良馬	25
走肉	25
物聯網	25
河豚	25
比數	25
停火	25
望到頸都長	25
窗口位	25
八字眉	25
嘥口水	25
食粽	25
救傷車	25
撇清	25
公主病	25
龍蛇混雜	25
未水	25
分部	25
認知失調	25
龍母廟	25
嬌弱	25
留任	25
體壇	25
禁書	25
掖	25
美容師	25
節哀順變	25
白茶	25
五福	25
屆滿	25
馬克思主義	25
做咗成日	25
矇混過關	25
日新月異	25
混日子	25
開叉	25
六腳	25
動土	25
説一不二	25
指鹿為馬	25
複印件	25
扣上	25
保護環境	25
力道	25
慳返	25
上氣不接下氣	24
食餐便飯	24
爐子	24
去歸	24
柳眉	24
盲摸摸	24
斜率	24
蒸餾水	24
安枕無憂	24
行為不檢	24
澆	24
紗窗	24
合襯	24
明珠台	24
討債	24
地台	24
掌摑	24
平權	24
休眠	24
六角形	24
春宵	24
呵呵大笑	24
北疆	24
青天大老爺	24
回教	24
超額完成	24
咪咪摸摸	24
強顏歡笑	24
大欖	24
野仔	24
名不見經傳	24
左傳	24
聯邦調查局	24
生死狀	24
聖賢書	24
嚇鬼	24
金領	24
歡送	24
綠寶石	24
不進則退	24
生物鐘	24
旅居	24
炮竹	24
做伴	24
數理	24
聞出	24
得來不易	24
徐行	24
一分收穫	24
老早	24
資本主義國家	24
衣錦還鄉	24
骰	24
好好聽㗎	24
工作狂	24
大大力	24
代筆	24
檀香木	24
卯時	24
腦殘	24
冷靜期	24
找換店	24
白手起家	24
賽制	24
斷供	24
成丁	24
白濛濛	24
好做唔做	24
關員	24
出生地	24
君子一言	24
售後服務	24
另計	24
咩專業	24
陳柏宇	24
悔之莫及	24
奧斯卡金像獎	24
気	24
夭	24
我收工	24
迷魂藥	24
邊有錢	24
大有作為	24
無人問津	24
羅漢果	24
真實感	24
攀附	24
迫在眉睫	24
鄙夷	24
煩亂	24
彼此彼此	24
起底	24
瀕	24
出師不利	24
泡泡糖	24
乳名	24
潤滑	24
封關	24
有冇車	24
渦輪	24
收銀台	24
筆尖	24
潛水服	24
量力而為	24
存心	24
情聖	24
嘔完	24
肉蟹	24
心涼	24
靈長類	24
取之不盡	24
孤軍作戰	24
疑案	24
酩	24
推磨	24
朗朗上口	24
寡佬	24
家頭細務	24
富户	24
臭狐	24
導引	24
筆記本電腦	24
幫辦	24
亮燈	24
中資	24
怦然心動	24
掌擊	24
地租	24
薄皮	24
唔使做啊	24
曠工	24
教飛	24
認準	24
漆器	24
獨子	24
小道消息	24
好咗咯	24
瘋傳	24
潮漲	24
季尾	24
衰變	24
擠落	24
均真	24
毀容	24
卓見	24
麥芽糖	24
旅發局	24
舊款	24
唱作	24
興中會	24
唔數	24
降生	24
政體	24
再好不過	24
捲曲	24
凳腳	24
舌根	24
爛熟	24
一二邊	24
科威特	24
國族	24
藕斷絲連	24
牧牛	24
驕縱	24
腐皮	24
拔除	24
鬱鬱寡歡	24
魚獲	24
抵買	24
多唔多人	24
借酒	24
銷售員	24
脹卜卜	24
聖靈	24
嚷	24
春光明媚	24
認賬	24
行萬里路	24
開胃菜	24
完整無缺	24
公事包	24
啱數	24
人人有份	24
米色	24
招請	24
急流勇退	24
黑茶	24
鄉土	24
禁閉室	24
腐敗無能	24
落力啲	24
唱機	24
要風得風	24
要雨得雨	24
令人歎為觀止	24
流連忘返	24
保險金	24
曳曳	24
炒樓	24
搞妥	24
笑料	24
平板電腦	24
冷兵器	24
鍍	24
居酒屋	24
有備無患	24
老人痴呆	24
無神論者	24
守門員	24
騁	24
膽小如鼠	24
好着緊	24
港九	24
電荷	24
毛公仔	24
打壞	24
早操	24
攤頭	24
人跡罕至	24
嫁娶	24
關你屁事	24
墨紙	24
聲言	24
特備節目	24
完美無缺	24
板壁	24
破口大鬧	24
茶油	24
凝血	24
監守	24
笨嘴笨舌	24
怨聲	24
掛單	24
破地獄	24
朝思暮想	24
顛三倒四	24
外型	24
砌圖	24
聽證會	24
阿貓阿狗	24
吐司	24
牢不可破	24
蚊蟲	24
水冷	24
跑下步	24
八妹	24
比卡超	24
藥到病除	24
畫花	24
食甜嘢	24
曉飛	24
箭靶	24
闊步	24
苦過弟弟	24
洗頭髮	24
雞排	24
生產資料	24
動彈	24
先手	24
草食	24
拮据	24
受益人	24
害人害物	24
油茶	24
公共衞生	24
明知故問	24
皮蛋瘦肉粥	24
轉校	24
飽眼福	24
足金	24
預防疾病	24
血虧	24
花奶	24
口乾舌燥	24
通宵達旦	24
放長雙眼	24
做針線	24
教區	24
唔卡	24
揮灑自如	24
問卜	24
眨眉眨眼	24
短袖衫	24
貪杯	24
五香粉	24
怯場	24
拂塵	24
我遲咗	24
有仇口	24
黃線	24
氹佢開心	24
果酸	24
演講家	24
新北	24
萎	24
二打六	24
芡	24
部份	24
磋商	24
冰清玉潔	24
懶鬼	24
獻策	24
書都冇	24
通心粉	24
笑逐顏開	24
思潮起伏	24
遠慮	24
外祖母	24
滑雪板	24
天機不可泄漏	24
笑納	24
寄過嚟	24
連本帶利	24
順水人情	24
牲	24
鍛煉	24
啤牌	24
專才	24
輪住嚟	24
起病	24
咪嘈	24
引子	24
下筆	24
大限	24
強心針	24
去咗飲	24
聽死	24
有益健康	24
像話	24
起重機	24
潤髮	24
猴急	24
人類學	24
兵家大忌	24
難纏	24
預算案	24
不可逆	24
林鄭月娥	24
糅合	24
一貧如洗	24
保良局	24
勾人	24
對牛彈琴	24
傲嬌	24
抵佢死	24
盜匪	24
可可豆	24
譁眾取寵	24
人哋請	24
內服	24
前車之鑑	24
兩袖清風	24
諾貝爾文學獎	24
小滿	24
斷然	24
棋局	24
呼號	24
揹帶	24
旋轉門	24
難抵	24
銅仙	24
炮友	24
馬失前蹄	24
冤冤相報何時了	24
秘本	24
會客室	24
打槍	24
神技	24
空投	24
幾時打	24
恭敬不如從命	24
濫交	24
呼之欲出	24
邵逸夫	24
只限	24
去蒲	24
劍拔弩張	24
高射炮	24
成交價	24
豬籠入水	24
開估	24
血口噴人	24
奄奄	24
縮成一團	24
鹽都	24
點知咁多	24
花崗岩	24
走漏風聲	24
對台	24
走後門	24
托塔天王	24
難倒	24
滾友	24
認唔認同	24
拉筋	24
慘情	24
血濃於水	24
坑口	24
老友鬼鬼	24
條條框框	24
自命不凡	24
户部尚書	24
惡屎能登	24
光碟	24
染色體	24
來者不拒	24
調任	24
吞雲吐霧	24
賤骨頭	24
興奮劑	24
你反正	24
巴士線	24
自量	24
夾腳	24
無後為大	24
戲飛	24
濕身	24
竹棚	24
課餘	24
梨園	24
狗屎運	24
壯實	24
習武	24
粵語流行曲	24
翻番	24
參半	24
法西斯主義	24
直腸直肚	24
擔綱	24
圍內	24
即刻扯	24
擾攘	24
每況愈下	24
完勝	24
躊躇滿志	24
騎虎難下	24
葉璇	24
安於現狀	24
心頭火起	24
誣衊	24
分泌物	24
紅十字	24
炮仔	24
噌	24
炒風	24
面紅面綠	24
生態平衡	24
精疲力竭	24
得人怕	24
吉兆	24
狂怒	24
搖滾樂	24
臘八粥	24
二十四節氣	24
碳排放	24
電動牙刷	24
性興奮	24
墨硯	24
税款	24
就假嘅	24
老餅	24
萬貫家財	24
邊幅	24
梅酒	24
獲悉	24
扔掉	24
清油	24
薯餅	24
寒露	23
心有餘	23
出籠	23
動作指導	23
花痴	23
桀	23
廣告牌	23
租售	23
話雖如此	23
馬經	23
户頭	23
籠底	23
扇貝	23
情份	23
潑水節	23
古裝片	23
我本書	23
點三八	23
純良	23
蜂擁而上	23
麪湯	23
合營	23
台戲	23
大展宏圖	23
酒足飯飽	23
女校	23
文娛	23
冇波	23
窪地	23
禁毒	23
臨終關懷	23
默哀	23
兩個包	23
妒忌我	23
裝過	23
豐功偉績	23
自我感覺良好	23
皮外傷	23
勾畫	23
薄脆	23
鳩就	23
差額	23
好心你啦	23
講多無謂	23
陰啲陰啲	23
髮簪	23
大兜	23
赤小豆	23
孜孜不倦	23
三頂	23
移位	23
硬嘢	23
牒	23
貴幹	23
增肥	23
臍帶	23
阿舅	23
赤膽	23
昂首挺胸	23
量刑	23
君主制	23
提款機	23
礦牀	23
邁步	23
打烊	23
路障	23
飯都未	23
粉刷	23
酩酊	23
平倉	23
油然	23
曜	23
棺材本	23
備有	23
展銷	23
預我	23
啓智	23
心猿意馬	23
一去不復返	23
石春	23
繕	23
附有	23
木口木面	23
金睛火眼	23
炙	23
蝸	23
寒毛	23
擺上枱	23
烘乾	23
放下心頭大石	23
想作嘔	23
搶鏡	23
染有	23
反其道而行之	23
乳酸菌	23
六十四卦	23
保證書	23
無人區	23
洪聖	23
聊齋志異	23
相架	23
惹火	23
厄瓜多爾	23
唔係羅	23
來電顯示	23
屙肚	23
皮嘢	23
宗親	23
銘文	23
走投	23
奚落	23
舊飯	23
後市	23
魚腥草	23
人辦	23
探熱	23
信不信由你	23
科索沃	23
前兩晚	23
泡沫經濟	23
慣唔慣	23
過電	23
手扣	23
擺賣	23
侃侃而談	23
手術枱	23
批鬥	23
叔祖	23
慘無人道	23
手抽	23
流沙包	23
有期徒刑	23
冇陰公	23
東隧	23
酒窩	23
放手一搏	23
自由式	23
邊忽	23
徵費	23
社科	23
邊夠	23
小解	23
充公	23
逼人哋	23
七級浮屠	23
詞不達意	23
錯配	23
死衰仔	23
打退堂鼓	23
睇衰	23
沙塵暴	23
多一事不如少一事	23
平底鑊	23
大光燈	23
口齒不清	23
攤大手板	23
果欄	23
櫃員機	23
閘機	23
地頭蛇	23
驕傲自大	23
佢決定去	23
曬馬	23
骨灰盒	23
政治舞台	23
長治久安	23
佛羅里達州	23
凡俗	23
成村人	23
好先進	23
陰道	23
無以為報	23
通經	23
崛	23
歇馬	23
箍牙	23
短視	23
作奸犯科	23
闊老	23
隔離班	23
水頭	23
做數	23
楚漢戰爭	23
自得其樂	23
中非	23
難以啓齒	23
舞劇	23
仁至義盡	23
三五知己	23
性騷擾	23
填空	23
實牙實齒	23
抽查	23
度蜜月	23
特異	23
堂弟	23
常任理事國	23
妖你	23
和平談判	23
侵吞	23
分文不取	23
悠悠閒閒	23
洋鬼子	23
鎖頭	23
大碗飯	23
陸架	23
拋諸腦後	23
害人不淺	23
上綱上線	23
本尊	23
先導	23
名古屋	23
連體	23
那不勒斯	23
好好瞓	23
變陣	23
情變	23
四兩撥千斤	23
首推	23
桔子	23
論功行賞	23
蜿蜒	23
偕	23
棍波	23
高班	23
伯公	23
攤曬	23
焚燬	23
防人之心不可無	23
偷影	23
一笑了之	23
喜帖	23
爬山涉水	23
狗腿	23
恆温	23
黑牛	23
雜牌軍	23
乾草堆	23
天壤之別	23
徵調	23
福建話	23
信教	23
盲頭烏蠅	23
失實	23
包場	23
大信封	23
放債	23
大出血	23
唔啱食	23
威逼利誘	23
鬱鬱而終	23
死仔包	23
快過你	23
咁高咁大	23
含辛茹苦	23
高職	23
瘦瘦削削	23
唔係啊話	23
摩星嶺	23
我求先	23
你沖涼	23
風眼	23
死灰復燃	23
漕	23
鹹濕仔	23
騰挪	23
太陽花	23
慢走	23
領嘢	23
童星	23
空肚	23
舉火	23
樓齡	23
吉士	23
駟馬難追	23
深得人心	23
無後顧之憂	23
斷流	23
倒褪	23
瀏覽器	23
金童玉女	23
咪阻住	23
你邊位	23
説不上	23
養兵	23
舉重	23
餅底	23
東窗事發	23
臨危不亂	23
角色扮演	23
陰曹	23
走樣	23
自動提款機	23
汗流浹背	23
老公仔	23
犯傻	23
泡製	23
咁長氣	23
陰力	23
審閲	23
先睹為快	23
大纜	23
龍捲	23
藝妓	23
踩油	23
算吧啦	23
衝紅燈	23
播映	23
扶危	23
枯黃	23
前臂	23
走運	23
紐約州	23
遠近馳名	23
三七二十一	23
合流	23
弔	23
體脂	23
你張相	23
甩毛	23
略知	23
雄心勃勃	23
製毒	23
宰殺	23
扁嘴	23
順意	23
勾手指	23
可可粉	23
土木工程	23
大聲公	23
差妹	23
雞心	23
羣落	23
大鵬鳥	23
離巢	23
鬥地主	23
特別行政區	23
探班	23
石油氣	23
人又老	23
大鄉里	23
講定先	23
文殊菩薩	23
絲絨	23
天星碼頭	23
法網	23
關節炎	23
一山還有一山高	23
順氣	23
咕咕叫	23
吹拂	23
總編	23
籃子	23
十八廿二	23
裳	23
作實	23
肥仔水	23
誠邀	23
死得人多	23
排外	23
八音	23
莫須有	23
不地	23
賤賣	23
播音員	23
理賠	23
降雨量	23
蛋黃醬	23
大無畏	23
拉西	23
男人味	23
當仁不讓	23
舊鞋	23
伏線	23
獨仔	23
耳聾	23
琢	23
趕不上	23
王猛	23
測下	23
愛河	23
執死雞	23
雷龍	23
劈酒	23
東盟	23
箭嘴	23
冇着落	23
返公司	23
瘦蜢蜢	23
泳裝	23
麥皮	23
名列前茅	23
懸賞	23
成人之美	23
學師	23
消防隊	23
喬裝打扮	23
沉甸甸	23
宏觀世界	23
因小失大	23
慈眉善目	23
麪包師傅	23
都唔請	23
踢館	23
夠算	23
名山大川	23
離棄	23
芝麻開門	23
吊機	23
上半部分	23
如釋重負	23
骷髏骨	23
分外眼紅	23
空口	23
家傳户曉	23
自食其果	23
陰質	23
一生所愛	23
建築學	23
酚	23
執委會	23
斃命	23
炮房	23
拋光	23
風靡	23
天燈	23
描畫	23
嫉	23
頰	23
鯉魚門	23
甚至無	23
小白菜	23
市建局	23
流行病	23
加泰羅尼亞	23
生安白做	23
潤喉	23
火藥味	23
飄色	23
道符	23
泰拳	23
郵電	23
尹家	23
執相	23
雜錦	23
絆腳石	23
亂葬崗	23
千秋萬世	23
銀耳	23
花旗參	23
投懷送抱	23
怨婦	23
浴血	23
代售	23
入得廚房	23
圈點	22
政務司司長	22
揾位	22
演進	22
豆瓣醬	22
腦膜炎	22
唔知好醜	22
宴客	22
濟貧	22
津巴布韋	22
照殺	22
聖廟	22
仲弊	22
報數	22
成圈	22
止步	22
和盤托出	22
慰安婦	22
坐枱	22
沙漏	22
航空信	22
黑底	22
受聘	22
一毛不拔	22
彈丸之地	22
賭檔	22
無心之失	22
蠱惑人心	22
伯爺婆	22
可支配收入	22
烏低	22
青山醫院	22
混跡	22
寫包單	22
七十二家	22
上數	22
你講多次	22
慨	22
原件	22
燒嘢食	22
急進	22
真係激氣	22
復星	22
警戒線	22
上神台	22
踢爆咗	22
更之	22
天造地設	22
賣豬仔	22
泳褲	22
冇雷公咁遠	22
九巴	22
蠢鈍	22
刻苦耐勞	22
桃色	22
呆若木雞	22
三擊掌	22
機場快線	22
鞍馬勞頓	22
風災	22
尾龍骨	22
救生衣	22
海誓山盟	22
歲歲平安	22
照直	22
醫用	22
整古	22
良師益友	22
傾側	22
瑰	22
困守	22
鐵公雞	22
判別	22
中港台	22
化整為零	22
武裝鬥爭	22
嚥下	22
起駕	22
懵到上心口	22
貪求	22
腱	22
英寸	22
二號人物	22
相得益彰	22
耳邊風	22
茶錢	22
大頭佛	22
聊天室	22
杏仁茶	22
好笑咩	22
烏卒卒	22
保管好	22
合得嚟	22
日久生情	22
逆時針	22
鑽石山	22
勞駕	22
工科	22
膽囊	22
米缸	22
百葉窗	22
悖	22
釜底抽薪	22
代數	22
公諸於世	22
亂畫	22
手多多	22
虛線	22
北便	22
急唔急	22
湯渣	22
漢宣帝	22
彈珠	22
旅行家	22
金燦燦	22
家傭	22
研討	22
講授	22
有否	22
枕邊人	22
人身自由	22
彈頭	22
廢鐵	22
專責	22
旅長	22
漁護署	22
另當別論	22
電子郵件	22
後媽	22
自彈自唱	22
嘩啦嘩啦	22
一馬平川	22
煩到死	22
兜彎	22
潤澤	22
將種	22
報怨	22
望子成龍	22
告吹	22
快刀斬亂麻	22
死老嘢	22
醒你嘅	22
忽略掉	22
短兵相接	22
比例尺	22
甜醬	22
表錯情	22
份內事	22
同袍	22
毒株	22
抗美援朝	22
連滾帶爬	22
服毒	22
烏托邦	22
唯利是圖	22
電話簿	22
清苦	22
大懵	22
頂數	22
隨著	22
就地正法	22
郵費	22
燭光晚餐	22
帳目	22
基佬	22
飲悶酒	22
泣不成聲	22
積攢	22
展期	22
偷税漏税	22
演算	22
蛾	22
搬弄是非	22
營運商	22
愧不敢當	22
荼毒	22
不過不失	22
鍘刀	22
揾唔揾到	22
車龍	22
腕骨	22
花靚	22
磐石	22
落波	22
社交恐懼症	22
中史	22
窯洞	22
常備	22
無往而不利	22
幫咩	22
蝦滑	22
落降頭	22
量化寬鬆	22
料子	22
麥當勞叔叔	22
省力	22
僭	22
零舍唔同	22
拌麪	22
蘿蔔仔	22
鋭減	22
同鄉會	22
華燈初上	22
私了	22
垃圾嘢	22
早生貴子	22
唯恐天下不亂	22
冠心病	22
鋤奸	22
一生出嚟	22
書籤	22
要配置	22
晤	22
富貴在天	22
呢嗬	22
圓規	22
窗框	22
擘開個口	22
報導	22
橫眉怒目	22
凝住	22
屈曲	22
滷味	22
大紅大紫	22
觀星台	22
留難	22
搖籃曲	22
溶液	22
高速煲	22
不怕官	22
幻燈片	22
老虎尾	22
保鮮膜	22
曲奇餅	22
中央電視台	22
抌心口	22
大銀幕	22
成世仔	22
香會	22
隆胸	22
閩南話	22
講壇	22
收屘	22
進佔	22
好多靚女	22
斤嘢	22
紅小	22
秋毫無犯	22
糠	22
綁票	22
口舌之爭	22
斷片	22
花仔	22
睇牛	22
西方極樂世界	22
甲醛	22
現形	22
費神	22
醇厚	22
香煎	22
人如其名	22
愛德華王子島	22
可圈可點	22
湄	22
巴爾幹半島	22
卡咗	22
樹大招風	22
豬隊友	22
投名狀	22
烙	22
熨斗	22
霸凌	22
共同進退	22
停運	22
龍套	22
唔輕鬆	22
數理化	22
內定	22
中巴	22
乳癌	22
算係點	22
魔爪	22
設定咗	22
主犯	22
發怒	22
搞彎	22
情意綿綿	22
識鬼	22
算死草	22
天有不測風雲	22
頂燈	22
騖	22
誓約	22
羣英	22
始末	22
碰壁	22
報頭	22
着涼	22
軍閥混戰	22
末世	22
乘虛	22
龜背	22
顛顛	22
悠然自得	22
轉瞬即逝	22
酸溜溜	22
惘	22
乾瘦	22
堂大佬	22
茅廁	22
齊緝緝	22
咯咯聲	22
撲空	22
輕重緩急	22
行色匆匆	22
唔知幾想	22
領有	22
大丸	22
嚟經	22
色差	22
鼠竄	22
三權分立	22
落紅	22
悔婚	22
牙牀	22
灑熱血	22
襯衣	22
米麴菌	22
拎起身	22
三軍未動	22
跌勢	22
平成	22
重慶大廈	22
其樂融融	22
撤去	22
照單全收	22
出爾反爾	22
引經據典	22
釘板	22
組員	22
剪影	22
窮鄉僻壤	22
面額	22
泉湧	22
龍鳳胎	22
墮入愛河	22
銀仙	22
施暴	22
範例	22
睇通	22
熟能生巧	22
電鑽	22
萎靡不振	22
驕人	22
借助	22
價值不菲	22
龜公	22
失勢	22
拱頂	22
站崗	22
至無	22
閃嚟閃去	22
混和	22
制憲	22
官地	22
踏板	22
後庭	22
你爭我奪	22
認數	22
俘獲	22
深惡痛絕	22
不拘	22
國家興亡	22
褒義	22
井水不犯河水	22
卹	22
扮傻扮懵	22
馬鈴薯	22
移民潮	22
定海神針	22
水站	22
逐家逐户	22
朋輩	22
老鼠拉龜	22
各散東西	22
學以致用	22
自己顧自己	22
感恩節	22
鹹酸菜	22
爛口	22
西文	22
唇槍舌劍	22
九唔搭八	22
風火輪	22
國手	22
娛樂版	22
熟面口	22
牙齒當金使	22
執房	22
掩眼法	22
面盲	22
腐朽	22
汀	22
情迷	22
有術	22
捉蛇	22
未夠班	22
懈	22
老毛	22
催情	22
一炮而紅	22
復課	22
衫裙	22
呼呼喝喝	22
世交	22
惹得起	22
打橫放	22
緝捕	22
幷	22
直言不諱	22
螺絲釘	22
驚咗你	22
萌發	22
星星點點	22
稀飯	22
建行	22
契丹	22
攤子	22
百歲老人	22
暴風驟雨	22
上顎	22
底面	22
嗅	22
歸經	22
衣車	22
唔爭在	22
楚楚動人	22
悄悄話	22
本科生	22
聚變反應	22
狗咬狗骨	22
煩心事	22
命硬	22
鹹鹹濕濕	22
三板斧	22
過牀	22
隨之而來	22
變化無常	22
孤寒鬼	22
玉人	22
好口	22
心頭好	22
線報	22
銀川	22
碌嘢	22
璨	22
遞增	22
仲未搞掂	22
影嚟	22
贅	22
歲月不饒人	22
西米露	22
狗屁不通	22
死老豆	22
填報	22
聽而不聞	22
肅立	22
免死金牌	22
沙嗲	22
洱	22
坐不改姓	22
真係火滾	22
唔係幾明	22
擔帶	22
縣市	22
顯明	22
恰如其分	22
最多唔係	22
嗯得啦	22
施放	22
差天共地	22
字裏行間	22
託福	22
鞋墊	22
拖板	22
前後腳	22
瞳	22
內置	22
拆股	22
薯粉	22
死得其所	22
步操	22
平平常常	22
行天橋	22
花蟹	22
黃糖	22
日產	22
洋洋灑灑	22
狗帶	22
輸入法	22
賬房	22
火龍果	22
未喐過	22
害人之心不可有	22
咁無奈	22
墨跡	22
腸胃炎	22
老態	22
妳	22
首名	22
攰到死	22
浚	22
文白	22
見利忘義	22
有癮	22
獲選	22
一就一二就二	22
負荊請罪	22
發情	21
面盆	21
有把炮	21
烽	21
歡呼雀躍	21
預防針	21
仲唔瞓	21
捲心菜	21
低威	21
穿雲箭	21
港產	21
喬木	21
卧佛	21
鰭	21
我先話	21
拖手仔	21
洞察力	21
弱勢羣體	21
既往不咎	21
開鑼	21
追逼	21
屠場	21
赤金	21
涿	21
雙唇	21
特別意思	21
槿	21
絢麗	21
鼻青面腫	21
充血	21
四十二章經	21
靈魂深處	21
爭寵	21
恐怖組織	21
重整旗鼓	21
偷龍轉鳳	21
劍指	21
奮勇作戰	21
後便	21
行房	21
擦鞋仔	21
時空穿越	21
剪刀差	21
均等	21
土地婆	21
詩情畫意	21
韜光養晦	21
剖	21
俯衝	21
有頭有尾	21
紅隧	21
追緝	21
燒腦	21
真人秀	21
因住啊	21
冤家對頭	21
爭住佢	21
今日得閒	21
前浪	21
偃	21
爆煲	21
話到嘴邊	21
企唔住腳	21
花女	21
詐瞓	21
逃學	21
防禦工事	21
寫真集	21
兩手準備	21
叉頭	21
幸虧	21
戒掉	21
中看	21
有何貴幹	21
捐税	21
遠眺	21
殘雞	21
防震	21
留堂	21
故弄	21
徵詢	21
個啵	21
老丈	21
又掂	21
打樁	21
不知輕重	21
蓄勢待發	21
一番苦心	21
北京話	21
地母	21
自有主張	21
中轉站	21
十字車	21
扮好人	21
雞賊	21
原動力	21
冷箭	21
拜候	21
翻兜	21
超聲波	21
瓦煲	21
四大長老	21
親密無間	21
定食	21
人定勝天	21
重製	21
天理難容	21
厭世	21
山巒起伏	21
請幫我	21
勤勉	21
稿費	21
飛揚跋扈	21
落伍	21
考起	21
一鍋熟	21
大是大非	21
綏	21
減薪	21
扮相	21
零花錢	21
收回成命	21
衞生巾	21
獨吞	21
疙瘩	21
外媒	21
列作	21
學有所成	21
唔漲	21
聽教	21
生日卡	21
秘書處	21
紅公雞	21
篤穿	21
稔	21
有何指教	21
種子選手	21
冒名	21
學額	21
律師行	21
冠以	21
奧斯曼帝國	21
好弊	21
公物	21
案頭	21
純品	21
短跑	21
吊腳	21
落注	21
日理萬機	21
悲嘆	21
吃力不討好	21
廚房紙	21
貔貅	21
人格魅力	21
錦田	21
不枉此生	21
深造	21
貴庚	21
走水	21
散文詩	21
劈炮	21
優勝劣汰	21
單飛	21
洗冤	21
避孕	21
喀	21
老當益壯	21
釣唔到	21
曖	21
園子	21
薄身	21
眼都凸埋	21
休會	21
冇病冇痛	21
烏茲別克	21
造林	21
沁	21
洗黑錢	21
降旨	21
架橋	21
胎生	21
就寢	21
停駛	21
樂章	21
氣象報告	21
流流長	21
債仔	21
易手	21
抗命	21
名落孫山	21
惰	21
好大件	21
電油	21
監護人	21
肥皂	21
徇	21
曬布	21
偷呃拐騙	21
義薄雲天	21
乜都識	21
丟臉	21
復刻	21
老幾	21
無心插柳	21
一兩首	21
係人都會	21
影帶	21
合龍	21
謀事在人	21
誤人子弟	21
聽聞講	21
鬼斧神工	21
來潮	21
鈴啷	21
文檔	21
病容	21
今鋪	21
軍事委員會	21
插水	21
心情唔靚	21
非典型肺炎	21
冇兩句	21
圓肉	21
垃圾房	21
論斷	21
舵手	21
一本萬利	21
密麻麻	21
經緯度	21
紙皮箱	21
嬛	21
鬚髮	21
透鏡	21
龍牀	21
可見一斑	21
初吻	21
牛鬼蛇神	21
消防處	21
軍制	21
何足掛齒	21
海底輪	21
醫緊	21
穿金戴銀	21
保安局局長	21
失準	21
柑桔	21
斐	21
大辱	21
踢曬腳	21
空泛	21
不守信用	21
自把自為	21
大喊十	21
卵巢	21
嚮慕	21
濕了	21
峪	21
係都唔聽	21
暈死	21
坐埋一條船	21
瀝青	21
天作之合	21
肉色	21
殺人如麻	21
冇客氣	21
屈親	21
獨身	21
萬花筒	21
戎裝	21
工業大廈	21
迷迭香	21
考題	21
嚀	21
執頭執尾	21
搶答	21
佛性	21
始料不及	21
寒天	21
矚	21
語序	21
計咗下	21
埋站	21
平調	21
大災	21
躉	21
落雨大	21
愴	21
值日	21
女主人公	21
教友	21
紮腳	21
上聲	21
口快快	21
西牆	21
倫敦金	21
魔術貼	21
人均收入	21
你講咩嘢	21
報攤	21
齊書	21
金魚缸	21
衣食父母	21
儒雅	21
排污	21
油淋淋	21
馬鐵	21
回血	21
驗明	21
鬥木	21
飛地	21
死唔眼閉	21
老羞成怒	21
阿媽係女人	21
土特產	21
快人快語	21
舅老爺	21
唾罵	21
失之交臂	21
失竊	21
槍林彈雨	21
明日之星	21
冒死	21
閃卡	21
三顧茅廬	21
嫦	21
直銷	21
拆屋	21
亞里士多德	21
拋浪頭	21
彌勒	21
超新星	21
嘈住話要	21
聯席	21
詐唔知	21
安胎	21
徙	21
與人為善	21
荷蘭豆	21
守身	21
不拘一格	21
地下鐵	21
老爺車	21
直送	21
永久凍土	21
你痴線	21
貼現	21
細線	21
人踩人	21
治病救人	21
號碼牌	21
鴨掌	21
見工	21
冰格	21
峋	21
霓	21
異世界	21
精製	21
水吧	21
秀茂坪	21
蛇無頭不行	21
園丁	21
雞隻	21
異曲同工	21
圍堵	21
自強不息	21
收服	21
迴旋處	21
潦倒	21
十字街口	21
長夜漫漫	21
唔空	21
磨豆腐	21
環環相扣	21
親骨肉	21
揸火箭	21
交困	21
牌號	21
大紙	21
時刻準備	21
衞生紙	21
斟下	21
殺人越貨	21
拎唔起	21
糖霜	21
唔喺處	21
飄搖	21
耗資	21
臨門一腳	21
撞面	21
砍價	21
食食下飯	21
故弄玄虛	21
匝	21
乜都唔驚	21
知法犯法	21
雞蛋碰石頭	21
北斗星	21
辨明	21
搽唇膏	21
扯平	21
大隻講	21
咪使旨意	21
種番薯	21
粉撲	21
一鋪清袋	21
搬兵	21
行得正	21
有條有理	21
口條	21
拉柴	21
伐木工人	21
細作	21
熟鐵	21
精明強幹	21
交遊廣闊	21
誣	21
皂	21
聰敏	21
雞啼	21
禍從天降	21
趟門	21
淒	21
花園街	21
睽	21
詐降	21
聯合國教科文組織	21
守舊	21
造訪	21
千克	21
察舉	21
廣彩	21
零用	21
沖積	21
任內	21
日久見人心	21
龐然大物	21
尺碼	21
過冷河	21
燉蛋	21
禪定	21
哲學體系	21
政綱	21
侵權	21
拍案叫絕	21
假戲真做	21
菲傭	21
驅風	21
阻截	21
冰毒	21
罵不絕口	21
轉船	21
食字	21
直轄市	21
識見	21
鍾數	21
瑚	21
半肥瘦	21
滾熱辣	21
包衣	21
縫紉	21
空中飛人	21
楷模	20
勾佬	20
諧劇	20
清貨	20
以不變應萬變	20
生殖器	20
不成器	20
媒人婆	20
好感度	20
北越	20
新聞稿	20
貞節	20
一來二去	20
捧腹	20
發水	20
污濁	20
小算盤	20
吃醋	20
女同志	20
波場	20
破碎家庭	20
口交	20
飛鵝山	20
蜥	20
螺旋槳	20
避難所	20
貪口爽	20
魔杖	20
復職	20
阿爾及利亞	20
貧乏	20
新朝	20
香片	20
一蹴而就	20
軍備競賽	20
你因住	20
爭天共地	20
翳悶	20
怒髮衝冠	20
剪貼	20
通頂	20
嶙	20
香爐灰	20
翹首	20
青翠	20
佛偈	20
使用量	20
奮勇向前	20
破戒	20
熱忱	20
護髮素	20
識唔到	20
殉難	20
爭冠	20
山嶽	20
久不久	20
唯唯諾諾	20
后土	20
守時	20
寥寥可數	20
天天向上	20
車頭燈	20
茶亭	20
若有所失	20
數完	20
哇鬼	20
值回票價	20
水療	20
藥片	20
依陣時	20
勝者為王	20
黎明時分	20
珍愛	20
私交	20
二窩頭	20
猜拳	20
一兩歲	20
黃巾起義	20
碧空	20
死窮鬼	20
阱	20
音準	20
好老定	20
迂迴曲折	20
做醜人	20
標高	20
全中	20
熟識	20
首本	20
老翻	20
三分鐘熱度	20
菩薩心腸	20
兵亂	20
兵隊	20
蠢才	20
燈籠椒	20
受辱	20
唔係假㗎	20
火燒眼眉	20
人不犯我	20
小腦	20
咁大整蠱	20
唔識唱歌	20
口水多過茶	20
午市	20
即晚	20
小看	20
二心	20
簽字費	20
嶺南大學	20
痴醉	20
救國救民	20
唔想出去	20
杠	20
泥塵	20
珊瑚礁	20
標兵	20
唔識轉彎	20
慢用	20
豬肉乾	20
駐場	20
不作為	20
烯	20
粕	20
獨尊儒術	20
歌功頌德	20
驚青青	20
望穿秋水	20
餬	20
洪門	20
打草	20
解毒藥	20
牽牛花	20
冒着	20
弼	20
似得你	20
我好認真	20
女紅	20
落地還錢	20
羅傘	20
容錯	20
早知今日	20
你有張良計	20
火柱	20
太密	20
備忘錄	20
打格仔	20
過江龍	20
皖	20
心力交瘁	20
爛打	20
焰火	20
卻步	20
獎狀	20
棕樹	20
暗事	20
因乜事幹	20
兩隻牌	20
伐木	20
醋意	20
漫山遍野	20
老套	20
手工藝品	20
全運會	20
借支	20
午睡	20
翻企	20
沙甸魚	20
附庸	20
腺體	20
海牀	20
英聯邦	20
豬嘴	20
扼實	20
浴袍	20
砂紙	20
暴擊	20
圓子	20
加壓	20
走為上	20
針眼	20
靈符	20
阿爾巴尼亞	20
眉宇之間	20
驚恐症	20
鋭不可當	20
從良	20
打游擊	20
啞佬	20
第次	20
覆水難收	20
你都傻	20
旬	20
繁榮昌盛	20
回南天	20
冇好氣	20
你想幾時	20
聲演	20
御姐	20
原子筆	20
非富則貴	20
人不為己	20
從中作梗	20
兼而有之	20
呢幾排	20
孟買	20
粵語詞彙	20
朝夕相對	20
資料庫	20
大差	20
戳住	20
口輕輕	20
長眠	20
骨質疏鬆	20
一錢不值	20
伊麪	20
狗腳	20
豪賭	20
指東打西	20
雲耳	20
產油	20
後繼無人	20
娼	20
唔想咩	20
拖時間	20
浮浮浪	20
油塘	20
無驚無險	20
借問聲	20
茶色	20
磨拳擦掌	20
訴諸	20
香火錢	20
滎陽	20
滿目瘡痍	20
你明嗎	20
搞風搞雨	20
探察	20
命中率	20
好好天	20
嚴刑峻法	20
吐魯番	20
話低	20
大老粗	20
典獄長	20
中山裝	20
與時並進	20
庶人	20
醜人	20
識做啲	20
少可	20
手眼	20
自薦	20
白屋	20
傾力	20
遠親	20
打圈	20
外邦	20
版畫	20
潭底	20
送達	20
以身試法	20
講完就去	20
先決條件	20
雞眼	20
洋氣	20
負氣	20
易到極	20
惕	20
冰船	20
風馬牛不相及	20
滾攪	20
咁小事	20
唔知醒	20
拆彈	20
禮拜幾	20
養兒防老	20
嘲弄	20
攻無不克	20
單對單	20
鋸扒	20
儀仗	20
過檔	20
拋物線	20
神思	20
節操	20
一日千里	20
卜卜脆	20
旁系	20
解困	20
好難為	20
反璞歸真	20
日出而作	20
不困	20
教路	20
合心水	20
笑笑下	20
人頭蛇身	20
賽會	20
申領	20
五穀雜糧	20
水鞋	20
梨樹	20
賑	20
規勸	20
花生糖	20
竹升	20
腳骨力	20
千姿百態	20
通識	20
在案	20
拖垮	20
飲飽食醉	20
摸爬滾打	20
散銀	20
屈臣氏	20
瀨尿蝦	20
煨	20
煲冬瓜	20
潮流興	20
玩世不恭	20
政府工	20
與人方便	20
追打	20
毒梟	20
千差萬別	20
犯賤	20
冇家教	20
托兒所	20
道地	20
牀仔	20
羈	20
血印	20
起疑	20
抑揚頓挫	20
改過自新	20
繁星點點	20
公職人員	20
手抄本	20
四季如春	20
疑難雜症	20
新年流流	20
形跡可疑	20
試煉	20
血漿	20
盤坐	20
氣頂	20
停賽	20
遜色	20
雞手鴨腳	20
共勉	20
四大皆空	20
禺	20
睡著	20
櫻桃樹	20
蜷	20
凋	20
避世	20
飲水思源	20
雞柳	20
眼冤	20
鋼筋混凝土	20
八陣圖	20
樹敵	20
鼻哥尖	20
招聘會	20
我唔熟	20
健碩	20
治標	20
過猶不及	20
添丁	20
時針	20
曹操就到	20
血小板	20
發麪	20
破傷風	20
阿燦	20
假以時日	20
能動性	20
生得好睇	20
有機物	20
一個半鐘	20
鎮靜劑	20
日料	20
油光水滑	20
屢戰屢敗	20
拳賽	20
羅漢齋	20
暄	20
中國籍	20
脅迫	20
肩帶	20
通關文牒	20
腳法	20
空手而回	20
安歇	20
睢	20
夾縫	20
嬸母	20
傲骨	20
文韜武略	20
腳腳聲	20
豆奶	20
青面獠牙	20
勁唔勁	20
慈善團體	20
在野	20
似唔似啊	20
扎馬	20
榛子	20
死咗火	20
頭都大埋	20
醫者父母心	20
泗	20
旅行袋	20
鹼性	20
眼火都爆	20
瞄咗一眼	20
順手牽羊	20
越級	20
電腦程式	20
錨	20
火併	20
勝哥	20
團圓飯	20
接待室	20
端坐	20
貨櫃車	20
腦補	20
包尾	20
請辭	20
後晚	20
飄飄欲仙	20
小秘書	20
人去樓空	20
賓語	20
踮	20
競投	20
榻	20
踏破鐵鞋無覓處	20
預科	20
運毒	20
陰質事	20
孭我	20
輔警	20
柵欄	20
疲態	20
唔知定	20
罰則	20
潤腸	20
子雞	20
乾花	20
稍候	20
咁撈	20
球門	20
好計仔	20
路痴	20
唞啖氣	20
情網	20
萎靡	20
攤下	20
虧本	20
輪姦	20
徒兒	20
督師	20
同我講咯	20
警匪	20
去就好啦	20
齊頭並進	20
八九不離十	20
擴音	20
集思廣益	20
羞愧難當	20
有事慢慢講	20
推力	20
分點	20
各奔東西	20
紅底	20
洽談	20
七十二變	20
濕漉漉	20
都落雨	20
稀裏糊塗	20
滂沱	20
裏海	20
心口不一	20
借頭借路	20
浮屍	20
側跟	20
胸圍	20
瞞天過海	20
列子	20
砒	20
冇彎轉	20
督導	20
唐高祖李淵	20
泥路	20
留底	20
神經衰弱	20
電能	20
正貨	20
衞冕	20
評理	20
純種	20
常温	20
從一而終	20
花苞	20
險灘	20
知彼知己	20
骨膠原	20
判罪	20
出嚟撈	20
寵兒	20
大姐大	20
存儲	20
山高皇帝遠	20
音樂盒	20
你唔係去	20
人生何處不相逢	20
柔韌	19
垃垃雜雜	19
染色	19
先漢	19
融融爛爛	19
死都話	19
李兆基	19
懶醒	19
頭箍	19
執下嘢	19
勇冠三軍	19
貓兒	19
肉眼凡胎	19
扳機	19
厚意	19
聽差	19
打單	19
升班	19
蕩平	19
有生以來	19
收攏	19
核能	19
蠶蛹	19
顯擺	19
刀山火海	19
遊車河	19
休學	19
左手嚟	19
菱形	19
假仁假義	19
滴流	19
韻事	19
樂善好施	19
能歌善舞	19
停職	19
認受性	19
唔係人咁品	19
流寇	19
好好睇㗎	19
唞大氣	19
周而復始	19
輕軌	19
好乖巧	19
漁獲	19
着眼於	19
嚥	19
一次生	19
言外之意	19
百折不撓	19
是必	19
騰雞	19
北方話	19
有幾貴	19
好管閒事	19
金豬	19
飲藥	19
姓賴	19
交拜	19
剌	19
耗材	19
都係冇嘢	19
嬪妃	19
偏房	19
對埋	19
直升飛機	19
合而為一	19
被告人	19
迷途知返	19
遺臭萬年	19
全國代表大會	19
畏縮	19
現役	19
油污	19
生物體	19
鬼哭狼嚎	19
珠穆朗瑪峯	19
關東煮	19
花無百日紅	19
嗌乜嘢	19
門禁	19
打月	19
飽學	19
總行	19
粘性	19
獲益良多	19
隔熱	19
南極洲	19
珀	19
淫亂	19
閥	19
忍淚	19
因地制宜	19
中南海	19
打荷包	19
解碼	19
世界博覽會	19
我不犯人	19
青苗	19
滿屏	19
改革家	19
極刑	19
呂祖	19
惡向膽邊生	19
懵閉閉	19
鄉下妹	19
生不逢時	19
大洋洲	19
壽星公	19
會頭	19
熱水壺	19
待業	19
天花龍鳳	19
嘟長條嘴	19
糊塗一時	19
整菜	19
冇得輸	19
暢想	19
獅子開大口	19
以事論事	19
上算	19
回流	19
紅腸	19
樣品	19
冇嘢食啦	19
商業電台	19
大手大腳	19
係勒	19
唔使指意	19
高朋滿座	19
寂寂無名	19
長白山天池	19
退庭	19
長痛不如短痛	19
呆子	19
自編自導自演	19
舞龍	19
廢止	19
春耕	19
韃	19
揾個位	19
阿羅漢	19
雜果	19
雞婆	19
吖嘛	19
平庸之輩	19
粗幼	19
落座	19
清燉	19
馳騁	19
擔正	19
眉頭眼額	19
苦茶	19
經驗值	19
遙遙領先	19
講一套做一套	19
房委會	19
伊斯坦堡	19
善根	19
水乾	19
陪罪	19
花紙	19
神咗	19
高寒	19
神經失常	19
餘震	19
叨	19
沉底	19
伸縮	19
紡織品	19
傻豬嚟嘅	19
獲得者	19
翻尋味	19
葷	19
違禁品	19
天底	19
少林拳	19
九廿幾	19
屈質	19
成事不足	19
伯叔	19
爛命一條	19
慕斯	19
乾炒牛河	19
自決	19
指甲油	19
倒映	19
粗生	19
馬主	19
十行	19
拍手稱快	19
好想嘔	19
呦	19
廢寢忘餐	19
煙袋	19
唔怕一萬	19
角逐	19
心有靈犀一點通	19
亞馬遜河	19
之唔係	19
笑到見牙唔見眼	19
劣跡	19
食生菜	19
隨從人員	19
神智	19
孤掌難鳴	19
苦差	19
掛失	19
以和為貴	19
驗身	19
還唔還	19
持久力	19
嗲聲嗲氣	19
零零舍舍	19
三寸釘	19
陂	19
健談	19
喊喊口	19
人人自危	19
幾內亞	19
單層	19
龍燈	19
關注組	19
正花	19
撫育	19
企堂	19
有聲氣	19
瑰麗	19
不用謝	19
不料	19
診金	19
盧森堡	19
酸棗	19
校隊	19
唔塞車	19
離心離德	19
公僕	19
蒙難	19
水殼	19
物競天擇	19
炒埋一碟	19
掛住我啊	19
狗叫聲	19
持份者	19
紮鐵	19
忘形	19
脆卜卜	19
重孝	19
迎神	19
西關小姐	19
火眼金睛	19
投籃	19
手球	19
摸埋	19
俄語	19
打長途	19
等我教你	19
真人不露相	19
暴戾	19
旗手	19
雜費	19
天氣狀況	19
唔行得開	19
散光	19
表裏不一	19
連埋我	19
門扇	19
殺人放火金腰帶	19
消炎藥	19
確認下	19
端詳	19
楷	19
豬腸粉	19
回扣	19
諗嚟度去	19
今非昔比	19
賭鬼	19
原班人馬	19
車死	19
沒有之一	19
饒過	19
鐘罩	19
花棚	19
問你死未	19
吉儀	19
大舊衰	19
五房	19
定必	19
復活節島	19
均分	19
佛都有火	19
寰	19
打鼓嶺	19
人生一世	19
肅然	19
龍門石窟	19
拜帖	19
調性	19
大費周章	19
精神健康	19
扒開	19
夾計	19
馭	19
妻兒老小	19
的咁多	19
湯類	19
幽雅	19
四散奔逃	19
波羅蜜	19
萬般皆下品	19
咁貴㗎	19
車卡	19
點卯	19
傾陣	19
恆生	19
前座	19
減刑	19
油性	19
飯桌	19
飲啲嘢	19
充耳不聞	19
温牀	19
洞悉	19
候審	19
三粒星	19
拋頭顱	19
龍鍾	19
寶島	19
謗	19
篙	19
慧根	19
盧布	19
鹹啲	19
無人知曉	19
針孔	19
鐘擺	19
打炮	19
濕濕碎	19
你教我啦	19
同我唔同	19
點理解	19
行跡	19
響安	19
馬拉糕	19
土氣	19
周處	19
哺	19
嗌佢去	19
投鼠忌器	19
頭班	19
驚疑	19
一決雌雄	19
口爽	19
由下而上	19
鳳梨酥	19
唔見到你	19
雙節棍	19
信號燈	19
你懷疑佢	19
三缺一	19
先聲奪人	19
僭建	19
赴考	19
前世唔收	19
馬騮戲	19
玉釵	19
一覺醒來	19
少見多怪	19
良辰美景	19
五短身材	19
高層建築	19
人才濟濟	19
五一勞動節	19
印行	19
遺骸	19
行必	19
吹頭	19
乜嘢時間	19
啊好怕	19
掂量	19
長江後浪推前浪	19
枉然	19
主控	19
上緊班	19
柳葉眉	19
信差	19
燙衫	19
雙房	19
九條街	19
偷渡客	19
到職	19
家訪	19
去唔去到	19
運輸船	19
空少	19
蛙人	19
杯水車薪	19
陀槍	19
憲章	19
束腰	19
瞄咗下	19
不負眾望	19
癥結	19
攝入去	19
大喜過望	19
矗立	19
板磚	19
長面	19
班花	19
陳年舊事	19
帖文	19
海蜇	19
調一調	19
打蛋	19
煲電話粥	19
辣妹	19
筋斗雲	19
孖鋪	19
飲杯水	19
單拖	19
開考	19
胸無大志	19
慷慨解囊	19
毋	19
譏	19
血本	19
三焦	19
大姐仔	19
杞	19
瓦特	19
五嶺	19
分母	19
裁剪	19
臨時臨急	19
拮傷	19
精液	19
丹心	19
拋妻棄子	19
走夾唔	19
落妝	19
會診	19
挎	19
都唔係㗎	19
入便	19
不成體統	19
搏一鋪	19
韻文	19
學籍	19
怪叔叔	19
可汗	19
懸崖勒馬	19
謂語	19
例會	19
氨	19
冧酒	19
馥	19
沒趣	19
仵作	19
行文	19
辣辣哋	19
拘禮	19
茗茶	19
綁手綁腳	19
稱呼人少	19
大人大量	19
幾好嗎	19
壓力煲	19
勃發	19
高能粒子	19
特備	19
茶行	19
糖水鋪	19
公事公辦	19
時政	19
亥時	19
歎	19
咪搞我	19
建制派	19
行客	19
鞋匠	19
四葉草	19
揸住啊	19
玫	19
不小心駕駛	19
時弊	19
婆乸	19
唾棄	19
特此	19
黑死病	19
血球	19
麻雀腳	19
商榷	19
反碗底	19
法律面前	19
唔會凍	19
義賣	19
貨棧	19
主持正義	19
坐月	19
唔約	19
肥腸	19
榔	19
妻離子散	19
窿路	19
劣幣驅逐良幣	19
攀石	19
呢張嘢	19
請早	19
選派	19
壯健	19
中樞神經	19
書香門第	19
咁慢嘅	19
依家點啊	19
咬實牙根	19
畀我睇下	19
慳家	19
病案	19
水壓	19
水機	19
健將	19
涼薄	19
成身冇力	19
癲癇	19
白灰	19
藕粉	19
天下為公	19
袖箭	19
北愛爾蘭	19
有文有路	19
發生作用	19
啦啦隊	19
早婚	19
一舊雲	19
叵	19
本着	19
塢	19
火麒麟	19
江山易改	19
隱忍	19
食咖喱	19
袖章	19
堅尼地城	19
賀電	19
削平	19
動怒	18
腳頭	18
原汁	18
鹽灘	18
街拍	18
賣膏藥	18
邊有啫	18
胡話	18
贓款	18
鐘點工	18
哭聲震天	18
不容置疑	18
拘禁	18
大咗肚	18
放工啦	18
圓眼	18
疾呼	18
深入淺出	18
嗖嗖	18
剎住	18
嚇唔到	18
自然地理	18
赤峯	18
當冇嘢	18
浸浴	18
萬紫千紅	18
花冧	18
炒車	18
新貴	18
減重	18
波幅	18
冷處理	18
嘶叫	18
一理通	18
揸到實	18
骸	18
羅勒	18
摘取	18
人造衞星	18
咖啡師	18
嫵媚	18
嗆	18
拉客	18
粗手粗腳	18
慢住	18
暗物質	18
殘生	18
將佢分開	18
塌下	18
勞力士	18
上輩子	18
洪都拉斯	18
蠟燭台	18
環衞	18
少府	18
飢不擇食	18
查究	18
洋槍	18
榨取	18
點試	18
榨汁	18
嚎哭	18
水泵	18
投產	18
酒肉朋友	18
只跟	18
前塵往事	18
油頭粉面	18
翻雲覆雨	18
徨	18
對得上	18
垂涎	18
曝	18
惶惶不可終日	18
馴養	18
有慢	18
新聞報告	18
大無私樣	18
南方古猿	18
畫龍點睛	18
天文望遠鏡	18
世叔	18
風月場所	18
瑰寶	18
人多口雜	18
奏效	18
冰刀	18
胡蘿蔔素	18
異狀	18
沙煲兄弟	18
福星高照	18
丑時	18
説穿	18
白裏透紅	18
改咗啦	18
得過且過	18
積存	18
聞言	18
速記	18
消愁	18
鬃毛	18
表裏如一	18
口德	18
發粉	18
埋尾	18
皮影戲	18
侵略軍	18
水火不相容	18
被褥	18
方寸大亂	18
頭掂	18
放開所有	18
交返	18
入龍	18
擠擁	18
腮鬍	18
三民主義	18
炒家	18
政治學	18
自負盈虧	18
死別	18
情緒狀態	18
閒着	18
入肉	18
盆骨	18
蹬腳	18
縐	18
驕橫	18
永垂不朽	18
假石山	18
石米	18
奶黃	18
靜電	18
言詞	18
圓領	18
言明	18
我哋呢段	18
欠款	18
仙島	18
折線	18
球拍	18
愛樂	18
撈亂咗	18
頸喉	18
山水有相逢	18
外江佬	18
眼尾都唔望	18
科學精神	18
遣送	18
大事化小小事化無	18
媲	18
鎧	18
手機號	18
妙言	18
薏	18
內籠	18
玩電話	18
眾議員	18
心潮澎湃	18
爆竹	18
邊架車	18
節衣縮食	18
泰斗	18
擼	18
異性戀	18
天安門廣場	18
胳膊	18
竹蔗	18
銘刻	18
空身	18
我屌	18
剋夫	18
頭回	18
田基	18
踎監	18
硬氣	18
開方	18
唯心主義	18
弄清	18
七十二行	18
時區	18
敬酒唔飲飲罰酒	18
吊靴鬼	18
冠絕	18
左右開弓	18
初哥	18
類固醇	18
上級領導	18
慘況	18
花心蘿蔔	18
謎面	18
當眼	18
鹹苦	18
繳付	18
詞性	18
紛呈	18
有借有還	18
麻煩到你	18
一覽	18
欺善怕惡	18
冷線	18
惡貫滿盈	18
鎌	18
可望而不可及	18
急口令	18
爆炸力	18
執勤	18
漫天飛舞	18
你同我定	18
爭啖氣	18
去打機	18
上下文	18
法醫官	18
行為準則	18
操之過急	18
地藏王菩薩	18
騎兵隊	18
實用面積	18
天權	18
番子	18
不成樣子	18
駭人聽聞	18
打爛沙盤	18
未食飽	18
講波	18
中國特色社會主義	18
癲癲哋	18
沙鼠	18
亂攞	18
黴菌	18
外置	18
解酒	18
都咁多人	18
立論	18
同一個世界	18
響徹雲霄	18
一轉手	18
板上釘釘	18
一分耕耘	18
井然有序	18
單頭	18
記熟	18
結餘	18
死衚衕	18
代用	18
平陰	18
各懷鬼胎	18
我衝完	18
生死攸關	18
要講道理	18
換咗人	18
龍精虎猛	18
花鼓	18
侍應生	18
電冰箱	18
異端	18
無無聊聊	18
目不識丁	18
金卡	18
一條女	18
水靈靈	18
水雷	18
一言既出駟馬難追	18
靈機一觸	18
網開一面	18
引咎辭職	18
魷	18
開戲	18
山卡啦	18
一兩晚	18
我好討厭	18
顰	18
大掃	18
電視畫面	18
好好醜醜	18
的士站	18
力抗	18
我做十五	18
嘢少	18
不冷不熱	18
羊咩咩	18
弛	18
消毒藥水	18
執手尾	18
拔河	18
尿急	18
考評局	18
收風	18
白住	18
肉丁	18
印象派	18
弄虛作假	18
夾死	18
舉證	18
暴怒	18
無料	18
催淚	18
襟用	18
巧遇	18
均一	18
爭勝	18
奶樽	18
孤負	18
持家	18
上咗癮	18
包心菜	18
讚歎不已	18
濾器	18
波板糖	18
去到未	18
唔鹹唔淡	18
侍妾	18
過兩招	18
兜巴	18
有啲阻滯	18
輸賭	18
髓	18
維京	18
武庫	18
出獵	18
掛鐘	18
時運高	18
人往高處走	18
嘚	18
唔好制	18
唯有讀書高	18
邨	18
唔衰得	18
甩漏	18
分賬	18
一東一西	18
傣	18
雞毛鴨血	18
瑋	18
恢復常態	18
宅女	18
至誠	18
舅父仔	18
撲朔	18
未得住	18
如臨大敵	18
詞根	18
鏞	18
天頂	18
加勒比	18
盎然	18
腥氣	18
萵	18
風聲鶴唳	18
起飛腳	18
一字咁淺	18
月光族	18
箕	18
字帖	18
打本	18
大地魚	18
拈花惹草	18
傀	18
打女	18
汽油彈	18
報捷	18
電場	18
入咪	18
濟困扶危	18
病壞	18
天王星	18
接續	18
仿造	18
熟地	18
名揚四海	18
闊太	18
孤零	18
藹	18
航標	18
三支香	18
抽濕機	18
牛鼻子	18
懶得戚	18
躍躍欲試	18
止血藥	18
你瞓着	18
便宜點	18
晚秋	18
睬你都	18
僱用	18
我都睇咗	18
價廉物美	18
運動褲	18
全脂	18
神秘主義	18
丁蟹效應	18
乾手淨腳	18
飛利	18
冇錢用	18
生鬼	18
尤物	18
辭咗工	18
酒後失言	18
卿卿我我	18
原罪	18
胛	18
一講曹操	18
三不管	18
存疑	18
編配	18
顧全大局	18
只欠東風	18
苦役	18
夾道	18
視若無睹	18
食物中毒	18
聽者有意	18
字花	18
必有勇夫	18
文縐縐	18
開誠佈公	18
一門心思	18
傻傻地	18
補數	18
悲歌	18
闊口大面	18
冇相干	18
不可限量	18
唔拍拖	18
慘殺	18
前仰後合	18
蟄	18
葱油餅	18
放監	18
大腳丫	18
甬	18
救人如救火	18
沖涼呢	18
三角龍	18
習慣成自然	18
儲蓄户口	18
小祖宗	18
踩過界	18
有板有眼	18
匿藏	18
掛礙	18
走鬼咗	18
重新統一	18
委內瑞拉	18
機油	18
寸口	18
害人精	18
社會科學	18
赤衞隊	18
重寫	18
水尾	18
好高難度	18
棉衲	18
七月七號	18
巴林	18
細細品味	18
滅跡	18
修葺	18
籲	18
馬尿	18
多口水	18
懷才不遇	18
日望夜望	18
自由貿易區	18
冬奧會	18
呈交	18
宇航服	18
太歲頭上動土	18
造勢	18
拜四角	18
面懵	18
支取	18
警笛	18
閃光點	18
泰山北斗	18
鯰	18
危樓	18
的起心肝	18
康乃馨	18
漿糊	18
撕票	18
無線電話	18
做咩今日	18
信然	18
必殺技	18
領導層	18
拳館	18
食蕉	18
尋問	18
醫務所	18
侏儒	18
似足	18
叫響	18
見一步行一步	18
礙眼	18
不知所以	18
讀心術	18
唏	18
租樓	18
脱毛	18
無任	18
悽涼	18
令千金	18
休兵	18
黨籍	18
異心	18
鐵票	18
蛔	18
鑼鼓喧天	18
哺乳類動物	18
痛斥	18
內幕交易	18
天開眼	18
獨樹一幟	18
令兄	18
心掛掛	18
入坑	18
針紙	18
福相	18
新意思	18
輕工業	18
小雨點	18
咁內	18
生活本身	18
羌	18
尿袋	18
不堪入目	18
哀樂	18
失德	18
猜度	18
送終	18
工業時代	18
受精	18
童裝	18
正態分佈	18
通才	18
燉品	18
瀚海	18
腦幹	18
香港天氣	18
中國人民解放軍	18
保鮮袋	18
春眠	18
瞬息之間	18
釗	18
滿月酒	18
傳中	18
衞艦	18
責無旁貸	18
造酒	18
冇咁早	18
兩碼事	18
剮	18
睇得好重	18
居委會	18
出勤	18
傾閒計	18
巡禮	18
搞搞新意思	18
星羣	18
瞓到覺	18
孩子氣	18
出得廳堂	18
萬事勝意	18
受累	18
雞子	18
水電煤	18
睇咁耐	18
眾目睽睽	18
春風吹又生	18
跳級	18
上深圳	18
氣象學	18
大唔透	18
真唔真㗎	17
生仔冇屎忽	17
冤大頭	17
大球	17
鹹鹹哋	17
勞損	17
黎巴嫩	17
機件	17
死開啦	17
抬槓	17
網羅	17
鐮	17
家吓	17
互惠	17
穿針引線	17
藥油	17
教育工作者	17
性情中人	17
冇咗電	17
透下	17
尾隨	17
中堅力量	17
天煞孤星	17
快快手手	17
等如	17
碎料	17
折腰	17
要咁耐	17
清規戒律	17
世史	17
敦促	17
恩將仇報	17
白鴿眼	17
錫身	17
斷尾	17
識時務者為俊傑	17
契哥	17
回頭草	17
蘢	17
預習	17
取長補短	17
散仔	17
失收	17
進爵	17
側重點	17
歡悦	17
獲釋	17
鱗甲	17
化妝袋	17
驚歎不已	17
盡善盡美	17
埋數	17
掘金	17
立誓	17
咩都唔驚	17
肥得得	17
數手指	17
中台	17
述職	17
組詞	17
打得通	17
老火靚湯	17
秋風掃落葉	17
門童	17
馬掌	17
熟肉	17
綠卡	17
打大交	17
辣着	17
棄嬰	17
土語	17
我依家好	17
正襟危坐	17
物盡其用	17
克敵制勝	17
取用	17
唔使計	17
大狀	17
開細	17
參悟	17
江湖醫生	17
薄扶林	17
你好得意	17
燈台	17
結數	17
惜別	17
清心寡慾	17
聚腳	17
冊子	17
同你講咯	17
土狗	17
橫衝	17
拆下	17
填鴨	17
勇奪	17
中坑	17
蒲台島	17
超馬	17
鬼主意	17
物超所值	17
佢會點呢	17
願賭服輸	17
粒粒皆辛苦	17
黃鱔飯	17
本港台	17
絕命書	17
先皇	17
絕口不提	17
瘧疾	17
人生如夢	17
報紙檔	17
新台幣	17
認祖歸宗	17
歎服	17
賣血	17
凶險	17
全權處理	17
會展中心站	17
朝三暮四	17
異香	17
使黑錢	17
西隧	17
黑柴	17
使乜驚啊	17
底稿	17
異父	17
墊腳石	17
精彩絕倫	17
風評	17
雨絲	17
鋤地	17
唔夠長	17
聖母瑪利亞	17
趨同	17
粗枝大葉	17
灘塗	17
魚片粥	17
腋	17
收歸國有	17
我憎死你	17
欺男霸女	17
萬死不辭	17
我都想啊	17
脱鈎	17
坐牢	17
前一陣	17
陰鬱	17
加官進爵	17
封土	17
據稱	17
異義	17
大忙人	17
碟飯	17
業餘愛好	17
大三元	17
領空	17
行水	17
我有事啊	17
心頭肉	17
科考隊	17
心坎	17
慘然	17
鐘點	17
縮寫	17
乜春	17
瞓咗喺牀	17
吞滅	17
跳跳扎	17
兩下散手	17
雞尾包	17
快靚正	17
引以為榮	17
首席執行官	17
冰皮月餅	17
小鳥依人	17
報仇雪恥	17
金禧	17
同義詞	17
壞毛病	17
垂青	17
你幾時走	17
作狀	17
出老千	17
波箱	17
提水	17
斬頭鬼	17
令公子	17
打理佢	17
惡劣天氣	17
加濕器	17
楷書	17
粟米粉	17
拼命三郎	17
有緣無份	17
陰氣重	17
腳痛醫腳	17
過籠	17
凶惡	17
好熟面口	17
好人好者	17
青山公路	17
助聽器	17
佢點啦	17
就下佢	17
咩班	17
宗主國	17
落閘	17
藏紅花	17
唔醒水	17
含糊不清	17
秦都	17
泛民	17
冇嘢玩	17
沖劑	17
通渠	17
不明飛行物體	17
愛妾	17
成事在天	17
飛漲	17
岩層	17
白牛	17
死人嘢	17
唯命是從	17
為人師表	17
矮矮細細	17
計正	17
疏肝	17
中碼	17
密質質	17
臨急臨忙	17
壽麪	17
今週	17
辭世	17
無名火	17
水墨畫	17
七魄	17
銀雞	17
着意	17
慈悲為本	17
自出自入	17
消聲	17
執一劑	17
申辯	17
布置	17
不敢恭維	17
多產	17
趁墟	17
伯顏	17
失物	17
走盞	17
珍異	17
歪理	17
你追我趕	17
報憂	17
甯	17
唔怕咯	17
不露聲色	17
三藏法師	17
揈開	17
珠光寶氣	17
疑難問題	17
朝氣蓬勃	17
僕役	17
減脂	17
具體到	17
文言	17
西水	17
神來之筆	17
肉滑	17
長生店	17
談天	17
波力	17
捉姦在牀	17
爛地	17
大部份	17
二次世界大戰	17
看作	17
印歐語	17
公共關係	17
乾菜	17
冚家鏟	17
姑表	17
諮	17
寫手	17
問多次	17
敵視	17
爬頭	17
快叫	17
老眼昏花	17
奸徒	17
廿一點	17
落貨	17
玩味	17
上層社會	17
假釋	17
變奏	17
十年不晚	17
耳聽八方	17
洞房花燭夜	17
戲肉	17
不得要領	17
求其啦	17
乞討	17
戲稱	17
梁木	17
鬧矛盾	17
棺材佬	17
濾芯	17
喆	17
鏡花水月	17
石屏	17
都唔壞	17
堰	17
整痛	17
名份	17
如沐春風	17
啲啲咁多	17
兩毛	17
滾筒	17
硬水	17
妄自尊大	17
贛	17
蛇皮果	17
管工	17
小週末	17
配股	17
聞見	17
心煩氣躁	17
咕窿	17
情殺	17
乾薑	17
反式	17
派定	17
班白	17
老大娘	17
答非所問	17
拿手好戲	17
廁格	17
一就一	17
大柴	17
休戰	17
溏心	17
揾日	17
一舊木	17
抗壓	17
餈	17
揶揄	17
刑訊	17
國民革命軍	17
趁熱鬧	17
想同你玩	17
寬宏	17
總編輯	17
四面楚歌	17
口苦	17
兩立	17
以偏概全	17
清減	17
差幾多	17
炒冷飯	17
結社	17
片商	17
省得	17
普通話拼音	17
偶有	17
幾頂	17
咩嚟先	17
唔啱數	17
扣頭	17
有婦之夫	17
白花花	17
退避三舍	17
無着	17
接踵而來	17
罪無可恕	17
車工	17
祖祖輩輩	17
明碼實價	17
青黃不接	17
圈粉	17
酒缸	17
退股	17
駁斥	17
不識好人心	17
生無可戀	17
間中都會	17
降龍伏虎	17
轉學	17
獰	17
河蟹	17
擠迫	17
一代不如一代	17
要件	17
唔準食	17
聲大大	17
斯洛文尼亞	17
堪憂	17
寐	17
全馬	17
死雞撐硬腳	17
舊約	17
反斗	17
旁觀者清	17
曠日持久	17
知趣	17
哈哈鏡	17
發嘢	17
選材	17
等運到	17
扭扭擰擰	17
過得點啊	17
大大咧咧	17
牛奶糖	17
鎏	17
卜卦	17
街訪	17
看唔到	17
企理	17
靶子	17
耳膜	17
芸	17
設為	17
紅裝	17
水蛇春咁長	17
瑣	17
神劇	17
其他日子	17
起意	17
複數	17
貴族政治	17
四一二	17
良苦用心	17
唔加入	17
三年零八個月	17
撥亂反正	17
生蛇	17
穩紮穩打	17
火水燈	17
拋書包	17
噓噓聲	17
撤換	17
禍從口出	17
蕎	17
紗巾	17
懲辦	17
咪嘈啦	17
成為事實	17
插足	17
威士	17
漂白水	17
導修	17
鐐銬	17
截獲	17
捉拿歸案	17
漾	17
處女作	17
後來居上	17
魚香茄子	17
大快活	17
淆底	17
勞師動眾	17
輕判	17
炒牛河	17
熱水爐	17
招租	17
遛	17
沖喜	17
用盡心機	17
天長日久	17
圓柱體	17
鱉	17
簧	17
戇居啦	17
柑橘	17
晚禮服	17
四個轆	17
東正教	17
梳打水	17
鬧咗一輪	17
有口齒	17
着時	17
鋸頸	17
息事寧人	17
鼻涕蟲	17
老脾	17
仿生	17
天庭飽滿	17
會錯意	17
凋落	17
判例	17
事在人為	17
黑絲	17
公羊	17
慢活	17
滑鼠	17
鼻毛	17
多寶魚	17
浸淫	17
防暑降温	17
澈	17
通粉	17
絕塵而去	17
巡房	17
講禮貌	17
太平門	17
同我扯	17
太陽蛋	17
鍥而不捨	17
豉汁	17
道貌岸然	17
抽啦	17
敗事有餘	17
舫	17
垂危	17
同意書	17
飲勝	17
一隻二隻	17
個人衞生	17
睇數	17
都話係咯	17
荀子	17
剛果	17
絞痛	17
立夏	17
風口浪尖	17
奸妃	17
曝光率	17
涎	17
整機	17
冇橋	17
益力多	17
夫妻檔	17
肅殺	17
玩下手	17
十四座	17
乳酸	17
口腹	17
一哭二鬧三上吊	17
折舊	17
交點	17
事業線	17
梅縣	17
休得	17
心肺復甦	17
浪人	17
俄文	17
粘合	17
衣個	17
豆粉	17
救活	17
食滯咗	17
芙蓉花	17
年年有餘	17
硬逼	17
黃六	17
龍生九子	17
別無所求	17
人非聖賢	17
醒唔到	17
冇人冇物	17
免職	17
噴漆	17
露頭	17
壯男	17
懶懶閒	17
機頂盒	17
稱臣	17
古韻	17
袒	17
膽戰	17
醒獅	17
惟妙惟肖	17
熟食檔	17
現況	17
秘撈	17
垃圾分類	17
嚴唔嚴重	17
糜	17
冷豔	17
用勁	17
奉旨唔	17
打地鋪	17
牛乳	17
孜然粉	17
一無所得	17
疊詞	17
異己	17
降妖	17
手書	17
幹警	17
依循	17
勞而無功	17
此消彼長	17
石女	17
表姑	17
服罪	17
雞丁	17
燉盅	17
不吐不快	17
魚排	17
賓至如歸	17
放長線釣大魚	17
無從下手	17
出蠱惑	17
閉館	17
打從	17
牛腸	17
下挫	17
踩剎車	17
大後日	17
李斯特	17
拍拖咯	17
八老	17
一個崩	17
英雄難過美人關	17
當耳邊風	17
西元	17
財迷心竅	17
壯陽	17
冷天	17
整飯	17
協約國	17
枇杷	17
棒糖	17
買兇	17
羣起而攻之	16
考唔考	16
戇居仔	16
尿布	16
係就快	16
通貨	16
西曆	16
竹排	16
靖江	16
強中自有強中手	16
奇難雜症	16
武火	16
助人為樂	16
啞仔食黃連	16
實死冇生	16
微微嘴笑	16
悔之無及	16
默默耕耘	16
點算咯	16
疫區	16
咁好口	16
揾咯	16
鼾	16
臨盆	16
一字馬	16
社福	16
共享經濟	16
叔嫂	16
把口唔收	16
放飯	16
缺憾	16
我張卡	16
強猛	16
馳名天下	16
憲政	16
犒	16
收山	16
指名	16
影印機	16
碰巧	16
輕騎兵	16
上墳	16
狐女	16
粑	16
打算盤	16
愾	16
萬般無奈	16
軀幹	16
身懷六甲	16
影圈	16
靈魂人物	16
幾點了	16
狗話	16
敗者為寇	16
法向	16
封筆	16
居心叵測	16
睇佢嘅面	16
驚奇不已	16
欺君犯上	16
三花	16
車裂	16
慘禍	16
玩殘	16
不得其解	16
虐打	16
戇居佬	16
不言不語	16
毛毛雨	16
橫肉	16
立法局	16
想插	16
痞	16
石頂	16
不求甚解	16
禦	16
客户端	16
乾柴烈火	16
蕩婦	16
行政權	16
流體	16
心尖	16
做緊人	16
地廣人稀	16
夾份	16
蝴蝶花	16
症候	16
私定終身	16
眼見得	16
抵償	16
戒尺	16
肯定句	16
近朱者赤	16
油雞	16
各盡所能	16
連詞	16
兩個文明	16
你樣衰	16
饞	16
工作天	16
萄	16
初賽	16
大放異彩	16
山根	16
萬用	16
相夫教子	16
清譽	16
鏗鏘有力	16
奠基	16
天時冷	16
蝦腸	16
滾開	16
隕落	16
風濕關節炎	16
跳樓機	16
吭	16
生不帶來	16
亡羊補牢	16
緩刑	16
空頭支票	16
美麗華	16
見地	16
袍金	16
甩頭甩骨	16
驍勇	16
人之將死	16
油布	16
退而求其次	16
謊話	16
從頭説起	16
球技	16
排憂解難	16
蝴蝶效應	16
出前一丁	16
搏到盡	16
化水	16
患難之交	16
離石	16
酸酸哋	16
賬冊	16
刷咗	16
白搭	16
獻藝	16
喐親	16
搣甩	16
小打小鬧	16
茶寮	16
違和感	16
佔滿	16
由下向上	16
嫌三嫌四	16
墟里	16
仙女座	16
負離子	16
散兵遊勇	16
邊便	16
返大陸	16
週而復始	16
冇膽鬼	16
責成	16
黐身	16
我車你	16
順產	16
皎	16
西鐵	16
外用	16
商號	16
檔位	16
四季豆	16
笑盈盈	16
皚	16
鐵殼	16
供款	16
遼金	16
漏低	16
冇幾步腳	16
原判	16
下嶽	16
廢青	16
華氏	16
近水樓台	16
修煉成仙	16
過關斬將	16
生色	16
騎警	16
坪洲	16
發彈	16
矯枉過正	16
垠	16
尿液	16
聲名大噪	16
約炮	16
煩囂	16
盤水	16
印製	16
五穀豐登	16
畫蛇添足	16
攞正牌	16
維新變法	16
車死人	16
車牀	16
洋洋自得	16
翌日	16
唞陣	16
手停	16
化算	16
聖保羅	16
頭痛醫頭	16
掃毒	16
一日為師	16
頓成	16
記住數	16
飄舞	16
墜機	16
競價	16
講稿	16
腴	16
作準	16
周身蟻	16
挑明	16
仇人相見	16
做緊嘢啊	16
遭難	16
咪旨意	16
不智	16
邊個話㗎	16
防火牆	16
愚公移山	16
村姑	16
清道夫	16
針管	16
罵名	16
眼花花	16
油缸	16
五音不全	16
可卡因	16
下榻	16
立錐之地	16
鬼迷心竅	16
有歌詞	16
發你脾氣	16
楚漢相爭	16
鯛魚	16
餘數	16
恰似	16
垂涎三尺	16
居高不下	16
來又去	16
入氣	16
及時行樂	16
扮蟹	16
天陰陰	16
就木	16
拖船	16
迄今為止	16
冇手尾	16
樹熊	16
謝幕	16
熙熙攘攘	16
眼跳	16
幾靈	16
犯罪記錄	16
經緯	16
預產期	16
左鄰右里	16
風雨同舟	16
開腔	16
執骨	16
細看	16
大白鯊	16
孤高	16
大明湖	16
挑刺	16
生招牌	16
摯友	16
破敗不堪	16
法紀	16
居住者	16
立架撐	16
你諗好	16
減磅	16
圳	16
蜘	16
半島酒店	16
人字拖	16
做瓜	16
維穩	16
長袖衫	16
人心不古	16
鼻影	16
冇飯開	16
衝上雲霄	16
外掛	16
眼眉條	16
芡汁	16
喉核	16
迴腸	16
巴哈馬	16
十二碼	16
剿除	16
連豬	16
人為財死	16
管制站	16
摘錄	16
入數	16
赴台	16
磚窯	16
臭名遠揚	16
真係偉大	16
傳譯	16
問米婆	16
中意靚	16
聲援	16
你過到	16
來料	16
東南西北中	16
得你啫	16
批命	16
監護	16
返還	16
潲水	16
代工	16
安慰劑	16
假假地	16
吹下吹下	16
釣大魚	16
撳錢	16
好似發燒	16
挨生挨死	16
搏盡	16
自然法	16
傾唔埋	16
泡子	16
物有所值	16
冇咩印象	16
越王勾踐	16
偉論	16
僧袍	16
講時講	16
補妝	16
杏仁餅	16
標清	16
逆差	16
房產中介	16
精讀	16
棟梁	16
講打講殺	16
醒醒定定	16
篡位	16
女中豪傑	16
鵝春石	16
酗酒	16
新鮮蘿蔔皮	16
豪言壯語	16
家姑	16
性取向	16
內在美	16
東坡肉	16
不良反應	16
結塊	16
恩科	16
縮唔切	16
色迷迷	16
生手	16
曠世	16
打洞	16
我去揾佢	16
九流	16
拉風	16
小熊貓	16
花銷	16
磊落	16
顫動	16
腦退化	16
斷交	16
吹水唔抹嘴	16
融會貫通	16
蝦條	16
萬人迷	16
養虎為患	16
脱罪	16
退一步講	16
空幻	16
真係爽	16
登極	16
放權	16
膽生毛	16
石屎森林	16
乳清	16
加把勁	16
大前日	16
呢子	16
蕁麻	16
孭鑊	16
聽曲	16
桂冠	16
掘頭巷	16
爛銅爛鐵	16
未到家	16
厭食	16
車衣	16
金銀衣紙	16
掃地出門	16
漢明帝	16
口甜舌滑	16
娓	16
返嚟咯	16
好少講嘢	16
黃埔花園	16
債款	16
闔家	16
工夫	16
但願如此	16
老姥	16
韓流	16
借口	16
樂呵呵	16
年資	16
秋意	16
爆竊	16
酸筍	16
曹參	16
下次先啦	16
淪喪	16
白熱化	16
邊遠地區	16
主和派	16
後生可畏	16
撩牙	16
外嫁	16
知人口面不知心	16
公費醫療	16
三綱五常	16
七年之癢	16
橡膠樹	16
商科	16
買醉	16
統戰	16
重操舊業	16
有咩搞	16
抵到爛	16
屢見不鮮	16
失救	16
差啲啲	16
雷射	16
官仔骨骨	16
為民請命	16
聽候處理	16
工聯會	16
燈位	16
卡其	16
嚴辦	16
一勞永逸	16
長平公主	16
你收工	16
掌紋	16
猛進	16
福份	16
安好心	16
做自己嘢	16
做勢	16
延展性	16
攤喺牀	16
長勢	16
書中自有黃金屋	16
插翼難飛	16
第樣嘢	16
表侄	16
鉀	16
聽實	16
去污	16
樞	16
變裝	16
飢寒交迫	16
廄	16
雞腎	16
食得瞓得	16
平攤	16
必有近憂	16
白頭偕老	16
食錯藥	16
打呼嚕	16
單張	16
狐狸叫	16
唐高祖	16
手式	16
後補	16
椰蓉	16
血吸蟲病	16
勿施於人	16
地水	16
搭路	16
嗚啊	16
失去咗你	16
淺白	16
執拗	16
驁	16
不畏強暴	16
燈光節	16
石虎	16
慈善會	16
十二地支	16
喝采	16
一兩句話	16
隱痛	16
習作	16
龍頭大佬	16
超模	16
化緣	16
球證	16
內銷	16
飄泊	16
唔同嘢	16
睇情況啦	16
不夜城	16
受戒	16
立憲派	16
蜻	16
滴水成冰	16
走唔開	16
像樣	16
點睛之筆	16
落仔	16
老襯	16
螞	16
吊死鬼	16
昏昏欲睡	16
瑞禮	16
使唔使啊	16
近臣	16
讀取	16
諗過先	16
無功受祿	16
小寫	16
舉棋不定	16
國色天香	16
你住邊度	16
鴨嘴帽	16
三號風球	16
身份證號碼	16
変	16
浸透	16
導盲犬	16
西灣	16
開水喉	16
切件	16
安樂茶飯	16
鞋踭	16
街坊鄰里	16
浸大	16
邊有啊	16
掛畫	16
端上	16
另謀高就	16
搜羅	16
引戰	16
二婚	16
污點證人	16
澆水	16
風鏡	16
瞻前顧後	16
拍烏蠅	16
氣旋	16
新盤	16
獼猴	16
蚜	16
趁熱打鐵	16
二舅父	16
催眠狀態	16
感恩戴德	16
着邊	16
徒刑	16
洗衫板	16
眼掘掘	16
平素	16
乾熱	16
頂真	16
亡國奴	16
沌	16
搭幾	16
巨蟹	16
堅忍	16
當代中國	16
醒瞓	16
隸書	16
打搞	16
人之初	16
集散地	16
惡作	16
奇裝異服	16
唔該先	16
公糧	16
捷運	16
透心涼	16
唔精神	16
拉基	16
揣度	16
悼	16
風涼水冷	16
詩稿	16
盆景	16
叫春	16
座上客	16
狗屎垃圾	16
好大雨啊	16
底板	16
揾水	16
官學	16
太水	16
提貨	16
黑道中人	16
預埋你	16
病灶	16
議程	16
回巢	16
碘	16
雨帶	16
鹹濕笑話	16
明媒正娶	16
響尾蛇	16
又多人	16
動量	16
垮台	16
病鬼	16
盲字	16
星號	16
廁所板	16
重估	16
與人相處	16
喪盡	16
住家飯	16
越權	16
書單	16
乳頭	16
上下其手	16
賣報紙	16
悶雷	16
聽憑	16
希冀	16
螳	16
羨慕妒忌恨	16
冇下落	16
轉移視線	16
小築	16
計下條數	16
浮萍	16
樟樹	16
袖子	16
違例	16
薦	16
不齒	16
白面書生	16
食滯	16
鹹水歌	16
兩睇	16
唔塞	16
河童	16
證券交易所	16
奶粉錢	16
樣辦	16
穀米	16
症候羣	16
好多節目	16
勤啲	16
通俗易懂	16
招喚	16
三個臭皮匠	16
蒼白無力	16
三爬兩撥	16
輔音	16
包換	16
驅逐艦	16
船民	16
搶包山	15
含含聲	15
數三聲	15
畫公仔畫出腸	15
呃飯食	15
食仔	15
出機	15
受騙上當	15
十年未晚	15
爭分奪秒	15
虐兒	15
太白山	15
暮色蒼茫	15
搞基	15
圓周	15
通草	15
大帽山	15
閉門思過	15
剪草	15
挨世界	15
泄漏天機	15
連渣都冇	15
黑莓	15
太多人啦	15
追截	15
扶老攜幼	15
坐月子	15
星加坡	15
身跟	15
口氣大	15
自學成才	15
打雀	15
節流	15
加冕典禮	15
一僕一碌	15
即管試下	15
帳簿	15
狗王	15
穩操勝券	15
台語	15
世博會	15
箭在弦上	15
拆掂	15
僕從	15
水靈	15
骨血	15
得悉	15
大站	15
武打片	15
家翁	15
按摩椅	15
燥火	15
元器件	15
從輕發落	15
好多蚊	15
船纜	15
九齒釘耙	15
豬頭骨	15
自然選擇	15
圓心	15
暖水壺	15
揚開	15
傢俬雜物	15
動氣	15
蟬聯	15
死口唔認	15
知其不可為而為之	15
大細佬	15
雙宿雙飛	15
英雄氣短	15
渾然天成	15
訕	15
絕唱	15
禮帽	15
短命鬼	15
喐身	15
心肌	15
畢業禮	15
下注	15
易過借火	15
會客	15
徊	15
子夜	15
公帑	15
催咗	15
銀彈	15
書桌	15
藤條燜豬肉	15
你編	15
壓埋	15
挨眼瞓	15
序言	15
流於	15
詞條	15
搞笑片	15
蘋果日報	15
你仲想呃	15
冬筍	15
假慈悲	15
湘軍	15
三兩下手腳	15
合久必分	15
時代感	15
外強中乾	15
花槽	15
篤信	15
谷埋谷埋	15
裝唔到	15
見光死	15
小氣鬼	15
轉速	15
忙裏偷閒	15
悠哉悠哉	15
氣羅氣喘	15
人以羣分	15
仲好咩	15
布巾	15
唔想做嘢	15
海納百川	15
鹹淡	15
生油	15
蝦蟆	15
天鵝肉	15
霽	15
求知慾	15
嘢埋	15
唆使	15
電錶	15
人格化	15
不景氣	15
陶藝	15
調色板	15
輪流轉	15
廿幾歲人	15
撤僑	15
隔岸觀火	15
通波仔	15
罈子	15
難辭其咎	15
夜蒲	15
爬蟲	15
如出一轍	15
腳面	15
鄧世昌	15
淡菜	15
裏便	15
掛靠	15
大覺瞓	15
外賓	15
標書	15
後起之秀	15
安度晚年	15
赴死	15
環境衞生	15
大冬瓜	15
遵旨	15
餒	15
疏堂	15
油頭	15
點兒	15
快線	15
跑題	15
浮波	15
髮型顧問	15
大氣候	15
佳境	15
保姆車	15
揮師	15
非難	15
悔悟	15
手尾長	15
搶修	15
冇過幾日	15
官太	15
有夫之婦	15
及格	15
佩刀	15
説理	15
冇信用	15
去到了	15
茅棚	15
點頭哈腰	15
打毒針	15
乘勢	15
幾時都得	15
蟹柳	15
盜夢空間	15
幾仔乸	15
脷根	15
疇	15
借花敬佛	15
反義詞	15
心絞痛	15
啵啵	15
繹	15
聲談	15
慘絕人寰	15
滅火筒	15
吱吱浸浸	15
面珠墩	15
應屆畢業生	15
喺度嗎	15
遊湖	15
冉	15
定勢	15
路遙知馬力	15
暗病	15
瞟	15
發祥地	15
一錘定音	15
實價	15
大三巴	15
勾三搭四	15
沾濕	15
法證	15
歧途	15
東洋刀	15
印刷品	15
電子消費券	15
保修期	15
苟延殘喘	15
慷	15
元音	15
王昭君	15
分號	15
順口溜	15
立着	15
桑巴	15
元祖	15
主隊	15
售出	15
好恰	15
氣勢宏偉	15
大板牙	15
假想敵	15
換湯不換藥	15
粗言穢語	15
夜傾情	15
國際舞台	15
浪女	15
串連	15
護國軍	15
冰壺	15
我嚟遲咗	15
沮	15
擘大口得個窿	15
粉塵	15
唔嬲就假	15
各得其所	15
信息時代	15
屎塔	15
寬衣解帶	15
鬼頭鬼腦	15
識條鐵	15
誕辰	15
欽點	15
得虧	15
刀削麪	15
地震預報	15
係對面	15
別客氣	15
八珍	15
碭	15
碰瓷	15
安士	15
江河日下	15
癆病	15
鋪子	15
英雄所見略同	15
視頻節目	15
牀上用品	15
太公分豬肉	15
蒜苗	15
貸款率	15
趕早	15
雹	15
地氈式	15
鬢角	15
布滿	15
倡	15
敢怒而不敢言	15
雷轟	15
直選	15
內設	15
茶餅	15
掹緊	15
鶩	15
千里目	15
一個願打	15
金絲雀	15
式樣	15
人生地不熟	15
彗星	15
週會	15
扯貓尾	15
診症	15
玉碎	15
壽終正寢	15
樂富	15
白富美	15
計埋我	15
聊下	15
馬六甲海峽	15
咁睇唔開	15
放得下	15
閉門羹	15
文雀	15
專治	15
垂簾聽政	15
縮開	15
跌價	15
炎夏	15
羹湯	15
抽水機	15
香肉	15
月曆	15
大有文章	15
零零丁丁	15
戒除	15
別號	15
攻其不備	15
申訴專員公署	15
蟹子	15
薄命	15
小白臉	15
食唔食飯	15
望而卻步	15
先好講	15
馬里	15
光潤	15
滋長	15
柴娃娃	15
全權代表	15
打橫瞓	15
反白眼	15
梅紅	15
咪怕	15
五音	15
中國同盟會	15
陳書	15
咁多行李	15
叨叨	15
賈寶玉	15
薛寶釵	15
幄	15
附件	15
一條冷	15
打孖	15
守清	15
儡	15
敗訴	15
真叻	15
虎鯨	15
孤單單	15
阿茲特克	15
智勇雙全	15
跟大隊	15
去宵夜	15
忍辱偷生	15
老中青	15
水線	15
喜感	15
鋼骨	15
張口結舌	15
温雅	15
緊記	15
我後日	15
聯歡	15
好耳	15
電療	15
惠及	15
放手去做	15
烤麪包	15
解唔解	15
應否	15
橫刀奪愛	15
田忌賽馬	15
理大	15
詐懵	15
前途無量	15
堅不可摧	15
恨錯	15
量血壓	15
社企	15
足本	15
你推我讓	15
做先生	15
量入為出	15
疏勒	15
落返嚟	15
聽聽埋埋	15
力大無比	15
拉腸	15
餘糧	15
滑稽可笑	15
支吾	15
朝前	15
唯我獨尊	15
座騎	15
忍笑	15
賣笑	15
生蝦咁跳	15
發明創造	15
縹渺	15
好奸	15
第三世界	15
告解	15
耳仔窿	15
補鞋	15
循環系統	15
爛女	15
暗箭難防	15
試金石	15
檻	15
成碌木咁	15
黑桃	15
邊度係呢	15
甜麪醬	15
遍地黃金	15
髮尾	15
我唔驚佢	15
閲人無數	15
入紙	15
咁口響	15
想起來了	15
做鬼臉	15
冇嘢到	15
星羅棋佈	15
打哈欠	15
物語	15
甩賣	15
判詞	15
君子之交淡如水	15
醫務室	15
游離	15
潛水衣	15
靚爆鏡	15
配種	15
泛泛	15
二叔婆	15
鳩屎	15
矩陣	15
洗衣房	15
緯	15
聚寶盤	15
情何以堪	15
趕忙	15
禽流感	15
名銜	15
搓手液	15
不安分	15
土炮	15
博覽館	15
醫理	15
千位	15
男人婆	15
拮到	15
臭水	15
雞頸	15
脱軌	15
用慣咗	15
好好嘅工	15
赤貧	15
登山鞋	15
饃	15
回光反照	15
阿茂整餅	15
流速	15
貪便宜	15
資產階級革命	15
自我中心	15
商紂王	15
日夜顛倒	15
支助	15
分秒必爭	15
生產量	15
擁吻	15
獨資	15
峒	15
教育電視	15
粉果	15
倒運	15
親善	15
術數	15
女人之家	15
醫肚	15
細味	15
成交額	15
牀架	15
西灣河	15
笑片	15
嘴快	15
打一身	15
知醜	15
公主抱	15
迎來送往	15
攝青鬼	15
縱橫交錯	15
明未啊	15
不失時機	15
金石為開	15
音域	15
積怨	15
合集	15
小組第一	15
劃痕	15
車牌號碼	15
拉落水	15
重臣	15
火星撞地球	15
好頭暈	15
想見面	15
禮儀之邦	15
巴拿馬	15
摩訶婆羅多	15
臭味相投	15
馬斯洛	15
傳神	15
渡海小輪	15
爭雄	15
弱雞	15
反顧	15
人無千日好	15
勞資	15
食屎狗	15
利誘	15
逆市	15
頓然	15
破財擋災	15
顏面掃地	15
行善積德	15
得把嘴	15
夫姓	15
收埋收埋	15
狗眼看人低	15
白種人	15
勁秋	15
勞動節	15
慌死	15
粉飾	15
眼高手低	15
除毛	15
尼日利亞	15
面帶愁容	15
按鍵	15
電容	15
糜爛	15
富不過三代	15
頂肚	15
易守難攻	15
聖者	15
閉上嘴巴	15
罪加一等	15
潛伏期	15
冇所有	15
團花	15
不求有功	15
有啩	15
四腳蛇	15
障眼法	15
目眩	15
禿頂	15
你明嘅	15
千層糕	15
勻稱	15
毛肚	15
烈士陵	15
事後諸葛亮	15
盆菜	15
夠皮	15
倒開	15
高過頭	15
答嘴	15
一眼望去	15
罹難	15
賣懶	15
生生猛猛	15
無倫	15
知恩不報	15
環保意識	15
年鑑	15
鐵板一塊	15
尿壺	15
山峽	15
當頭棒喝	15
鐵鍬	15
寄情	15
青春痘	15
高低起跌	15
用者	15
貶官	15
知識性	15
千呼萬喚	15
聲沙	15
屈尊	15
對年	15
笑而不語	15
起錨	15
費事理佢	15
魚絲	15
爭一口氣	15
購物狂	15
知士	15
不絕於耳	15
萃	15
公説公有理	15
腳爭	15
紅當蕩	15
菠蘿雞	15
使然	15
咬我食	15
見血封喉	15
見報	15
連理	15
官階	15
掛號信	15
七竅生煙	15
攞料	15
洗衣粉	15
寶號	15
戍	15
遺下	15
度身定做	15
人民大會堂	15
短見	15
后羿射日	15
吃大虧	15
千瓦	15
搭夠	15
冇問題咯	15
許久	15
死士	15
戴卓爾夫人	15
招考	15
求索	15
若即若離	15
產業集羣	15
安度	15
國腳	15
蘆薈	15
來去無蹤	15
講論	15
團隊精神	15
食腦	15
郁	15
姐弟戀	15
圃	15
我鬼知	15
忘恩	15
蘋果汁	15
陰啲	15
一浪接一浪	15
掘尾龍	15
眾志成城	15
本性難移	15
箍頸	15
地勤	15
徬徨	15
胰	15
小西灣	15
賭大細	15
卻為	15
驚駭	15
一諾千金	15
瞓過籠	15
忍手	15
不服水土	15
太子爺	15
沙嗲醬	15
扎堆	15
唇彩	15
白頭人送黑頭人	15
應允	15
牧羊狗	15
懈怠	15
過慮	15
假音	15
海葬	15
間距	15
忙嗎	15
託手踭	15
團年	14
屈機	14
你傻㗎	14
苦海無邊	14
早過我	14
不明事理	14
流水無情	14
認衰仔	14
性命攸關	14
稿件	14
死唔斷氣	14
肥壯	14
損人不利己	14
接唔上	14
假肢	14
中西區	14
草墊	14
屢敗屢戰	14
冇辦法瞓	14
立心不良	14
接船	14
拔草	14
發姣	14
佢唔制	14
分豬肉	14
寮屋	14
喇叭褲	14
朝陽區	14
唔加班	14
耳釘	14
高大衰	14
出難題	14
結草	14
轉門	14
有異曲同工之妙	14
鬼惑	14
清風明月	14
律政	14
磨礪	14
產前	14
倒戈	14
萬千寵愛	14
龕	14
尊老	14
貪圖安逸	14
炒嘢	14
狗窿	14
脱皮	14
波恩	14
消費習慣	14
回請	14
垃雜	14
吸盤	14
養料	14
黑客帝國	14
冇人幫襯	14
一失足成千古恨	14
束髮	14
指甲鉗	14
外嫁女	14
混濁	14
預防措施	14
幾房	14
傳見	14
手牌	14
好嘔心	14
咪書	14
圈外人	14
喃	14
論戰	14
椏	14
抱病	14
襲警	14
東瀛	14
高波	14
落子	14
自廢武功	14
一線之間	14
蜍	14
催眠曲	14
花溪	14
走下坡	14
容積	14
候機室	14
窮酸	14
面不改容	14
利是封	14
緝毒	14
遵奉	14
疑雲	14
三音	14
包雲吞	14
超班	14
膜拜	14
抵冷	14
輪盤	14
十環	14
鍵盤俠	14
並蒂	14
坐得住	14
泡飯	14
係人都唔	14
滾水啊	14
抌心抌肺	14
以備不時之需	14
商業行為	14
琴行	14
當佢冇嚟	14
士紳	14
老相好	14
湯加	14
驚濤	14
揼低	14
怪聲怪氣	14
西冷	14
衰牌	14
石墨	14
民運	14
日上三竿	14
應召	14
度頸	14
點嘢	14
傻更	14
布偶	14
洗濕咗個頭	14
着用	14
比薩	14
唔係你估	14
顯影	14
轉移支付	14
唐詩三百首	14
沙眼	14
鑽木取火	14
城際	14
緩步	14
關鎖	14
咪制	14
氣門	14
茗	14
十八區	14
前女	14
童軍	14
悔不當初	14
發市	14
深水炸彈	14
羊扒	14
文也	14
支差	14
姣婆	14
泳灘	14
小報	14
玩耐	14
奠基人	14
眼不見為淨	14
人頭豬腦	14
心理防線	14
沙化	14
投降書	14
從屬	14
鮮卑族	14
元氏	14
籍貫	14
深謀	14
牙力	14
屠房	14
勞苦功高	14
登陸咗	14
空歡喜	14
封鎖線	14
車埋我	14
炮仗頸	14
呢勻	14
輕放	14
語氣啦	14
九大鬼	14
依傍	14
雲杉	14
夜鶯	14
頭赤赤	14
蓋飯	14
北迴歸線	14
佢行開咗	14
各執一詞	14
痛快淋漓	14
有備而來	14
訊飛	14
永不錄用	14
攞嚟搞	14
一時一樣	14
盹	14
板仔	14
棕紅	14
小鬼頭	14
財閥	14
乜都唔會	14
跨文化	14
戰列艦	14
釋法	14
六字真言	14
尖不甩	14
遇襲	14
圖解	14
視網膜	14
一國之主	14
主筆	14
塘沽	14
漲水	14
生產隊	14
因材施教	14
螻	14
接洽	14
心口針	14
贗品	14
隨聲附和	14
費事睬你	14
招待員	14
機會主義	14
硬功夫	14
想我好	14
復活蛋	14
臭脾氣	14
肉夾饃	14
睇唔真	14
夜來香	14
色盲	14
發瘟	14
整定係	14
追數	14
撞親人	14
嘴炮	14
禽畜	14
人逢喜事精神爽	14
翻發	14
進行曲	14
獨行俠	14
上山下鄉	14
啃親	14
趨之若鶩	14
包底	14
齋戒沐浴	14
復員	14
獨樹一格	14
撩鼻屎	14
調職	14
益佢	14
連中三元	14
放我飛機	14
錯峯	14
悲天憫人	14
笠嘢	14
渤	14
抗辯	14
廣告片	14
前艙	14
鰓	14
兩清	14
實驗品	14
廿文廿武	14
娓娓道來	14
美滋滋	14
誤判	14
太平洋戰爭	14
尼斯湖水怪	14
屈得就屈	14
怒斥	14
令弟	14
上面落嚟	14
濕温	14
有你份	14
借啲意	14
吉人自有天相	14
茶酒	14
聖公會	14
放盤	14
柬	14
公祭	14
香亭	14
老少平安	14
惹氣	14
計上心來	14
豪情萬丈	14
伯爺公	14
高處不勝寒	14
咁陰質	14
採風	14
粟米片	14
女管家	14
出盡法寶	14
朝見口晚見面	14
分機	14
悶響	14
妙策	14
禪機	14
扯低	14
文明史	14
坎坎	14
失重	14
求人不如求己	14
身家清白	14
蟾蜍	14
天差地別	14
金管局	14
下飛機	14
早過你	14
競逐	14
陰功咯	14
工廠區	14
點相	14
砧	14
黨魁	14
毒瘤	14
秧苗	14
與日俱增	14
打畀	14
你妒忌	14
滯脹	14
氣缸	14
脆片	14
起枕	14
起承轉合	14
度縮	14
柴可夫斯基	14
掩體	14
不求人	14
卓別林	14
豬腳飯	14
喇嘛廟	14
掛羊頭賣狗肉	14
歷久不衰	14
伏特加	14
大悟	14
頻撲	14
寸金尺土	14
宦	14
雀籠	14
職官	14
埋年	14
停經	14
惡補	14
逗號	14
餐蛋面	14
葉酸	14
眼鏡蛇	14
預支	14
做嘢都好	14
聖戰	14
睇你點算	14
反其道而行	14
不自由	14
瘀青	14
孫山	14
肉羹	14
自慰	14
神聖不可侵犯	14
中湯	14
飆高	14
細藝	14
盡在不言中	14
颯	14
拖下拖下	14
擄掠	14
危亡	14
你想點做	14
會社	14
附着	14
席地而坐	14
物質財富	14
一把好手	14
攬住一齊死	14
唔識搞	14
急才	14
馮允謙	14
江湖藝人	14
的士牌	14
非黑即白	14
深閨	14
胯	14
求救信號	14
方劑	14
拍案而起	14
悦目	14
首演	14
趕唔趕	14
吞金	14
言官	14
我瞓着	14
刑責	14
議席	14
你想走啊	14
停學	14
太極圖	14
輕飄	14
收嘢	14
老粗	14
瞓飽	14
植樹節	14
又關我事	14
文告	14
燈管	14
勞累過度	14
專線小巴	14
地下城	14
懶理	14
五大連池	14
密宗	14
你諗你	14
不盡不實	14
明言	14
羅塞塔石碑	14
未娶妻	14
圓珠筆	14
撰	14
混音	14
打高爾夫球	14
披麻戴孝	14
湊數	14
瀋	14
另起爐灶	14
骰仔	14
阻住個地球轉	14
搏一搏啦	14
菜果	14
滿瀉	14
嗱起	14
得個講字	14
銀點	14
鐵證	14
覺得咯	14
樓王	14
餐刀	14
放晴	14
棄養	14
逼視	14
影相鋪	14
摩天嶺	14
江湖騙子	14
十二指腸	14
狀語	14
代唱	14
鹹肉	14
嶄露頭角	14
矢口否認	14
私人屋苑	14
高攀唔起	14
滿語	14
耶穌會	14
價值規律	14
芭蕉葉	14
七行	14
止血貼	14
後現代	14
街機	14
加租	14
貪心不足	14
甩拖	14
我宜家	14
袱	14
默讀	14
女性主義	14
越幫越忙	14
我咁慘	14
省鏡	14
當死	14
到死下死下	14
早響	14
閨中	14
風琴	14
小過	14
陳述句	14
別稱	14
又唔聽話	14
毛毯	14
守財奴	14
臨陣脱逃	14
八宿	14
差在	14
凸眼	14
跋扈	14
揈甩	14
酒櫃	14
太多嘢做	14
鋅	14
收數佬	14
派糖	14
有突	14
名畫家	14
優生學	14
紅燈區	14
對着幹	14
衝線	14
兇神	14
回折	14
內廷	14
山草藥	14
酒米	14
瞬息萬變	14
聲喉	14
當駕	14
南乳	14
訓導主任	14
閒話家常	14
餘波	14
深宵	14
俄羅斯帝國	14
正太	14
矮腳虎	14
匕	14
一問三不知	14
仙蹤	14
治權	14
炒熱	14
輕量	14
旋轉木馬	14
轉悠	14
棋逢敵手	14
明晰	14
超多人	14
速凍	14
救援隊	14
替人消災	14
青紅皂白	14
青澀	14
洗耳恭聽	14
麪團	14
小拇指	14
風雨無阻	14
悄然無聲	14
冇聲氣	14
返歸	14
馬具	14
逐字逐句	14
青蘋果	14
皇家香港警察	14
變壓	14
豬排	14
唔得切	14
冇走雞	14
一拍拖	14
適婚	14
落我面	14
開篷車	14
粒鐘	14
恕不	14
暈暈地	14
重挫	14
獨生子	14
半推半就	14
罷就	14
明知故犯	14
絲絲入扣	14
男同胞	14
不敢苟同	14
狼頭	14
載歌載舞	14
嫁畀	14
買宵夜	14
着眼點	14
屙夜尿	14
燒親	14
只此	14
屎蟲	14
有失遠迎	14
仲未掂	14
札	14
冇聲㗎	14
冇得傾啊	14
羿	14
你幾高	14
開始比賽	14
裙帶關係	14
悠哉遊哉	14
老雀	14
雞翼尖	14
驚飛	14
合演	14
禮餅	14
鬼食泥	14
拮穿	14
單反	14
持牌人	14
嘈嘈閉	14
奈何橋	14
兜路走	14
瑞士制	14
暱稱	14
一日不見	14
橫眼	14
公式化	14
豬兜	14
賭具	14
整亂	14
醉心	14
前設	14
喺你後面	14
叩響	14
一夫多妻	14
獒	14
街站	14
計錯數	14
僥	14
兩虎相爭	14
皮具	14
胃液	14
徇私	14
催婚	14
手杖	14
睺住佢	14
環境污染	14
愛情線	14
殷實	14
校慶	14
避孕套	14
間尺	14
酒粒	14
光能	14
神聖羅馬帝國	14
藐藐	14
走單	14
霸位	14
落本	14
菠蘿蜜	14
上壓	14
蛇鼠一窩	14
大義凜然	14
唔係掛	14
塗改	14
半真半假	14
幻彩	14
拍膊頭	14
補鑊	14
評話	14
超支	14
甚麼	14
魚肉百姓	14
太子黨	14
導人	14
口水尾	14
文戲	14
惡啃	14
不著	14
解元	14
工人房	14
説三道四	14
回音	14
兵源	14
食力	14
你瞧	14
無以為生	14
派台	14
皇后大道中	14
有殺錯	14
靶心	14
電氣	14
人滿為患	14
版税	14
獻酒	14
右手去	14
曾孫	14
武士刀	14
擲地有聲	14
賢淑	14
辦年貨	14
洗髮精	14
串嘴	14
軟性	14
家聲	14
都報咗	14
宿命論	14
陸海空軍	14
招紙	14
通便	14
專精	14
小乘	14
豆腐皮	14
評論員	14
仗勢欺人	14
苦刑	14
蠶蟲	14
律政司	14
秋褲	14
鬼鬼鼠鼠	14
盂	14
吔飯	14
搭嘴	14
共和政體	14
政治犯	14
小相公	14
曙	14
黃茶	14
暗啞底	14
我唔瞭解	14
有幾錢	14
雙打	14
做咗一日	14
係咪好快	14
心肝脾肺腎	14
留級	14
指示燈	14
水印	14
濕巾	14
豆苗	14
有毛有翼	14
本地菜	14
命在旦夕	14
戲碼	14
官字兩個口	14
刮痧	14
謐	14
塔里木河	14
花匠	14
丹霞山	14
藏身之處	14
折衷	14
小行星帶	14
經期	14
和氣生財	14
樂觀主義	14
婕	14
眼眉跳	14
職級	14
猥瑣佬	14
茜	14
他調	14
威震八方	14
垂淚	14
春困	14
混吉	14
年少有為	14
坐廁	14
串口	14
俄爾	14
無機	14
皮褸	14
細姐	14
夜以繼日	14
盤繞	14
絕活	14
調頭	14
指示代詞	14
唾液	14
失口	14
咸豐年	14
鷹派	14
嘉年華會	14
也門	14
地心引力	14
蹟	14
義莊	14
周成王	14
版權費	14
水牌	14
養車	14
落於下風	14
暈坨坨	14
箱籠	14
千層麪	14
迎難而上	14
幼嫩	14
山貨	14
寄件	14
三分波	14
淡藍色	14
排除異己	14
浮標	14
瞓地下	14
中國文明	14
量體温	14
唱錢	14
淨係準	14
保護色	14
撳錯	14
脱脂	14
乜唔知	14
七月三十號	14
番石榴	14
藍燈籠	14
廣告歌	14
桌遊	14
氰	14
眼緊	14
四眼佬	14
濡	14
雅加達	14
高原反應	14
偏食	14
跳皮	14
作價	14
煲呔	14
辦公時間	14
脊髓	14
嘴尖	14
不打自招	14
基站	13
撈埋一碟	13
中小企	13
揼碎	13
發青光	13
翻然	13
攀山涉水	13
不脛而走	13
忠肝義膽	13
惺忪	13
雷峯塔	13
烏魯木齊	13
政派	13
靛	13
笈	13
鰻	13
溝仔	13
翱	13
心血管疾病	13
天無二日	13
蜜汁	13
傾吐	13
痴痴地	13
病史	13
平聲	13
簪花	13
我來廣州	13
普選	13
萬變不離其宗	13
野種	13
成藥	13
糊糊塗塗	13
太嫲	13
泥沙俱下	13
審結	13
單身寡佬	13
活到老學到老	13
囉哩囉嗦	13
冒認	13
蒸包	13
無從稽考	13
食啖	13
一枝獨秀	13
冷若冰霜	13
聽診器	13
水嗲嗲	13
險死還生	13
起誓	13
天理良心	13
觀鳥	13
冇乜料	13
相撲	13
走狗烹	13
反口覆舌	13
我過幾日	13
幾時話過	13
無條件投降	13
鬱鬱葱葱	13
加不加	13
虛數	13
糟質	13
水蛇腰	13
老塗	13
拱衞	13
煮飯仔	13
國內生產總值	13
啞人	13
摸門釘	13
青頭仔	13
行蹤飄忽	13
大埔墟	13
開跑	13
光頭仔	13
節目單	13
河鮮	13
戲路	13
居官	13
通遼	13
經久	13
初版	13
轉基因	13
身光頸靚	13
牡	13
洙	13
唔知想點	13
面目可憎	13
致病	13
冇肉食	13
委辦	13
隔牆	13
屋架	13
反射動作	13
精舍	13
外相	13
通力合作	13
湯若望	13
鵑	13
垃圾車	13
租税	13
打光	13
冷不防	13
點撥	13
有惑	13
拯救佢	13
阿叉	13
園地	13
鵲橋	13
臘八節	13
梘	13
開掘	13
我睇啱	13
接棒	13
闔眼	13
耐寒	13
盤谷	13
姿容	13
省府	13
三從四德	13
密友	13
偽科學	13
苗圃	13
愛撫	13
孭飛	13
嘴甜	13
灰熊	13
橫睇掂睇	13
你家婆	13
戊	13
彩虹橋	13
收放自如	13
踉蹌	13
喜笑顏開	13
掟石仔	13
入我數	13
成本效益	13
詭辯	13
含笑九泉	13
圍圈	13
拉開架勢	13
弓弩	13
曾經滄海	13
桂魚	13
男人頭	13
玄武門之變	13
川藏	13
互相監督	13
明晃晃	13
執返條命	13
讀熟	13
不可阻擋	13
逃荒	13
身首異處	13
長牙	13
茶座	13
我啲書	13
胞弟	13
新血	13
眼淺	13
要份	13
好唔好都	13
聽住嚟	13
定嘞	13
不可估量	13
牛唔飲水	13
柳公權	13
國粹	13
收唔收到	13
收官	13
童聲	13
大水魚	13
左近	13
交投	13
擴容	13
各不相讓	13
火鐮	13
船頭驚鬼	13
船尾驚賊	13
爽身粉	13
外子	13
蟹腳	13
表姐妹	13
哈薩克斯坦	13
傾心吐膽	13
應採兒	13
降低利率	13
匿跡	13
視頻會議	13
換牙	13
隨員	13
買入價	13
交通警	13
指揮者	13
淘金者	13
冇牙老虎	13
印巴	13
測完	13
仵	13
睇過點	13
約戰	13
知機	13
麻麻啫	13
焗親	13
交通卡	13
故技重施	13
點會唔會	13
你姑姐	13
大支嘢	13
真金不怕紅爐火	13
講嚟都	13
線面	13
入籍	13
泊車位	13
其樂無窮	13
任君選擇	13
擊劍	13
樺樹	13
聚齊	13
爐頂	13
粘米粉	13
侵奪	13
嫡系	13
養妻活兒	13
璞	13
開句聲	13
多倫	13
唔搞到	13
挾天子以令諸侯	13
入世未深	13
極值	13
抱恨	13
搜身	13
操持	13
唔自量	13
粉皮	13
宵夜啦	13
嘔吐物	13
七言絕句	13
不得之了	13
真咩	13
尿素	13
自報家門	13
如雷貫耳	13
得閒飲茶	13
保證人	13
一聲不響	13
外務	13
澆灌	13
互信	13
固之然	13
落區	13
反勝	13
全文	13
震源	13
蛆蟲	13
着棋	13
取道	13
葉門	13
偵察機	13
五頂	13
問名	13
回返	13
操行	13
場數	13
民建聯	13
繳交	13
命令式	13
十號風球	13
揾死	13
目無法紀	13
年富力強	13
推牌九	13
如獲至寶	13
無從入手	13
特殊學校	13
好熱氣	13
理事長	13
有幾何	13
門券	13
重樣	13
潤滑劑	13
婚嫁	13
錫佢一啖	13
孔雀河	13
買起佢	13
躲躲閃閃	13
奧數	13
窒下窒下	13
一夫一妻制	13
扇骨	13
出櫃	13
种	13
調升	13
睇唔完	13
八鄉	13
緊急救援	13
拜下神	13
薑母鴨	13
幾皮嘢	13
烘托	13
大徹大悟	13
全世界第一	13
大把世界	13
姑念	13
死亡證	13
悲切	13
松本	13
不幸中之大幸	13
神作	13
校工	13
摜低	13
你做初一	13
流星趕月	13
橫掃千軍	13
阻嚇	13
儲值	13
喃喃	13
仲瞓緊覺	13
摒	13
銀碼	13
不入虎穴	13
冬菇頭	13
黑卡	13
閃粉	13
思維敏捷	13
耍家	13
系咁大	13
舊生	13
紅樹	13
黃道十二宮	13
三奶	13
傳聲筒	13
片過	13
髮際線	13
顏碎	13
噴嚏	13
閃婚	13
接著	13
密山	13
再生父母	13
擘大眼講大話	13
拉幫結派	13
陷入絕境	13
曱	13
大葵扇	13
化石燃料	13
磯	13
鑊撈	13
共融	13
尋花問柳	13
咁多意見	13
水牀	13
安樂椅	13
以訛傳訛	13
蓋世英雄	13
事過境遷	13
烏拉爾山	13
亞歐大陸	13
脅逼	13
泄露天機	13
力勸	13
引以為戒	13
戈壁灘	13
杉樹	13
產業工人	13
修身養性	13
病貓	13
頂死	13
冠上	13
忘乎所以	13
收買佬	13
海相	13
奇絕	13
花前月下	13
成本價	13
泌	13
睇個天	13
炸雷	13
懵盛盛	13
擰緊	13
安家費	13
免提	13
百越	13
克里姆林宮	13
受託	13
沉澱物	13
急彎	13
聯合國大會	13
活著	13
反諷	13
命相	13
所部	13
黔	13
學制	13
慶祝會	13
親嘴	13
金筍	13
人頭飯	13
投石機	13
教院	13
魚腐	13
力場	13
田頭	13
約法三章	13
追平	13
秀出	13
大顯神威	13
私產	13
期末考試	13
煲大	13
不太夠	13
千家萬户	13
姊妹團	13
沂	13
睇你頭	13
斥資	13
狗咬呂洞賓	13
碑石	13
屎忽窿	13
糊塗蟲	13
酒力	13
儘快啦	13
打唔着	13
投資回報率	13
啖啖肉	13
點閲	13
痛到入骨	13
側目	13
噴頭	13
支招	13
史籍	13
雨花台	13
肉毒素	13
取態	13
引體向上	13
始料未及	13
龜裂	13
一件頭	13
灰咗	13
廣州人民	13
曾孫女	13
上中下游	13
埋席	13
九宮格	13
人老珠黃	13
食粥食飯	13
一如以往	13
多子多孫	13
嘴刁	13
海鮮餐	13
開氣	13
吹脹	13
拉大隊	13
如痴如狂	13
抽絲剝繭	13
多葉	13
襟睇	13
偏移	13
徭	13
飛轉	13
口疏	13
弄權	13
飄帶	13
講多錯多	13
妥貼	13
啲檔案	13
好揾	13
總稱	13
雌雄同體	13
夾啱	13
禮聘	13
塔林	13
翻用	13
停當	13
使用價值	13
鑊鏟	13
瞧你	13
胃潰瘍	13
裊	13
淡而無味	13
公克	13
鷗	13
揀擇	13
蝦膏	13
公益金	13
圓圓地	13
臨急抱佛腳	13
生僻	13
交火	13
反問句	13
浸豬籠	13
追月	13
甘筍	13
佐證	13
你咪理	13
心邪	13
豆沙喉	13
麻木不仁	13
得得慼慼	13
充分考慮	13
鯪	13
業務水平	13
文火	13
太史公	13
存款準備金率	13
借屍還魂	13
蜕皮	13
沖印	13
一遍又一遍	13
盞搞	13
慢鏡	13
洗腳唔抹腳	13
錫一啖	13
震耳	13
價目	13
歲晚	13
地膽	13
曾經滄海難為水	13
逆變	13
銬	13
聯署	13
單聲	13
知人善任	13
停筆	13
神龕	13
對話框	13
埗	13
疍家	13
冇路走	13
自必然	13
牙套	13
私己錢	13
沖涼液	13
黏合	13
喜宴	13
種瓜得瓜	13
想幾時	13
三尖八角	13
香江	13
投擲	13
息口	13
貶職	13
陰曆	13
雜碎	13
遊絲	13
傍身	13
真聲	13
找晦氣	13
排遣	13
潔身自好	13
大腸桿菌	13
豈是	13
圍毆	13
榻榻米	13
我冇車	13
酰	13
包辦婚姻	13
身在曹營心在漢	13
虎背熊腰	13
捨己為人	13
嗡嗡叫	13
瑞士汁	13
密接	13
聘任	13
穩中有降	13
萬樓	13
好飲得	13
颯爽	13
長做長有	13
皮黃骨瘦	13
的波	13
堂而皇之	13
非命	13
花花碌碌	13
甜到漏	13
支離	13
埋街	13
不可侵犯	13
氦	13
點樣去啊	13
巴扎	13
山難	13
稽查	13
戈爾巴喬夫	13
九廣鐵路	13
薪火相傳	13
下巴輕輕	13
事務局	13
蓬蓬鬆鬆	13
攻防戰	13
巢皮	13
似水年華	13
鎂	13
南轅北轍	13
焊接	13
瞎子	13
不乾不淨	13
牆根	13
躁鬱症	13
未知死	13
坐底	13
睇過先知	13
醒少少	13
啓事	13
搬動	13
綜上所述	13
囡囡	13
占卦	13
啤酒妹	13
斟杯	13
立體聲	13
寬泛	13
大提琴	13
口疾疾	13
嘰哩呱啦	13
反比	13
動筆	13
冇話題	13
真好彩	13
遊遊蕩蕩	13
真定假啊	13
喇喇聲	13
不可戰勝	13
打羣架	13
壓緊	13
分野	13
別開生面	13
判死罪	13
講就無謂	13
陰質嘢	13
盡早	13
更名	13
科學發展觀	13
放題	13
巡鋪	13
反面教材	13
僑鄉	13
蜜糖水	13
不知進退	13
波飛	13
溪澗	13
幾時休息	13
開藥方	13
閲讀理解	13
濁酒	13
鵝仔	13
喜人	13
蛤蟆	13
捨生忘死	13
四會	13
家嚴	13
吉爾吉斯	13
錯落有致	13
咁趕住	13
少少事	13
玩物喪志	13
洋流	13
票房毒藥	13
手袖	13
爆漿	13
跳閘	13
私樓	13
安息國	13
點捉啊	13
頂當	13
專業户	13
鏤	13
我冇留意	13
星相	13
捕風捉影	13
感嘆號	13
點射	13
黏膜	13
幾多樓	13
趴咗喺度	13
眾生相	13
軍棋	13
為配合	13
落石級	13
照明設備	13
搭手	13
追根究底	13
頭路	13
陀衰	13
產假	13
木已成舟	13
超級多人	13
佔先	13
婆説婆有理	13
考據	13
求偶	13
圓揼揼	13
黑膠碟	13
好心着雷劈	13
你唔試下	13
鵝黃色	13
浮潛	13
上吐下瀉	13
麩	13
行行企企	13
凡親	13
坑坑窪窪	13
不治之症	13
逼上梁山	13
駙	13
美國獨立戰爭	13
咁孱	13
正數	13
閃令令	13
警告信	13
低胸	13
時世	13
死用	13
恿	13
一千零一夜	13
哼聲	13
波斯話	13
名譽掃地	13
文宣	13
飆汗	13
勞動生產率	13
關顧	13
入時	13
真情實意	13
走青	13
糖衣炮彈	13
吞吐量	13
區旗	13
橫膈膜	13
家爺	13
湯殼	13
槍決	13
粘土	13
廝打	13
橢圓	13
急於求成	13
漢白玉	13
詞窮	13
人人得而誅之	13
倒灌	13
冇嚟搭訕	13
無妄之災	13
鮎	13
焗飯	13
意料中	13
錢罌	13
蛇宴	13
作供	13
普天同慶	13
黑嘛嘛	13
鋤強扶弱	13
凱旋而歸	13
線衫	13
地球儀	13
一時時	13
足不出户	13
水往低處流	13
侗族	13
市場機制	13
穹頂	13
皮光肉滑	13
乗	13
權柄	13
紅湯	13
夜闌人靜	13
工具書	13
藍綠色	13
小巫見大巫	13
約束力	13
清景	13
呃鬼食豆腐	13
痂	13
識轉彎	13
世上無難事	13
洗牙	13
可再生能源	13
母性	13
畢業相	13
世界文化	13
規整	13
癟	13
吹號	13
萬夫莫開	13
保齡	13
草被	13
學到老	13
自動取款機	13
黨項	13
生暗瘡	13
管風琴	13
地大物博	13
箭桿	13
集氣	13
真材實學	13
開枝散葉	13
冇遮冇掩	13
教案	13
俗不可耐	13
癮君子	13
語出驚人	13
國徽	13
有著	13
不致	13
馬玲	13
蔡倫	13
梁振英	13
分體	13
頭朝下	13
添飲	13
精算師	13
泮	13
轉投	13
期票	13
奶黃包	13
插班	13
血癌	12
市況	12
食老本	12
積積埋埋	12
黑白片	12
歡迎詞	12
屋企地址	12
有得揮	12
麥豆	12
闔埋雙眼	12
居功自傲	12
自修室	12
中伏	12
死信	12
魔影	12
暗線	12
知味道	12
夠瞓	12
從左到右	12
蕾絲	12
峽灣	12
聯隊	12
食環	12
大鈔	12
戒條	12
忠臣孝子	12
體無完膚	12
陰險毒辣	12
出波	12
磋	12
白飯魚	12
摺子	12
老來得子	12
屹立不動	12
歲月靜好	12
附會	12
冷親啊	12
株連	12
醉漢	12
直認	12
心好慌	12
殘喘	12
醺	12
嗱嗱林	12
黝	12
新詩	12
四月十七號	12
圖書管理員	12
賽馬會	12
只許	12
老少咸宜	12
免責	12
撰文	12
攀山越嶺	12
天賦異稟	12
衞生條件	12
阿波羅計劃	12
古希臘語	12
順當	12
祠堂門口	12
面上無光	12
頭燈	12
口密	12
三胞胎	12
啓齒	12
嗟	12
揚眉	12
稱唔上	12
尋獲	12
年畫	12
乜頭乜路	12
黑葉	12
格式化	12
食胡	12
報單	12
將心比己	12
傲慢與偏見	12
售罄	12
眉目清秀	12
拉丁舞	12
好抽	12
復婚	12
短衣	12
肚兜	12
梔子花	12
咕哩	12
行李架	12
易話為	12
攪掂	12
汗顏	12
有乜咁巴閉	12
大步流星	12
雨刮	12
切雞	12
暑期班	12
返嚟喇	12
筲	12
紅雞	12
易燃	12
裝卸	12
契家姐	12
接踵而至	12
國藥	12
試水温	12
冇再講啦	12
徒子徒孫	12
報唔報	12
入實驗室	12
青馬大橋	12
魚魚得水	12
扁鼻	12
走馬觀花	12
賬款	12
返程	12
刻意為之	12
分久必合	12
女大十八變	12
屎窟	12
能屈能伸	12
死款	12
撲嚟撲去	12
損手爛腳	12
咪嘴	12
康莊大道	12
豬八怪	12
報業	12
三小辣	12
款額	12
垣	12
巴塘	12
長臂猿	12
成蟲	12
各施各法	12
其言也善	12
假手於人	12
星州	12
多利亞	12
鬚根	12
南北杏	12
耍太極	12
食糊	12
耳背	12
春花秋月	12
人唔似人	12
乳酪	12
高不成低不就	12
落廚	12
搖搖岌	12
堅韌不拔	12
講到天花龍鳳	12
汗腺	12
吉尼斯	12
旗幟鮮明	12
砌磚	12
辣根	12
三八線	12
虛懷若谷	12
碌地沙	12
外國話	12
牆頭草	12
萌塞	12
自謙	12
耐耐	12
一人計短	12
必有後福	12
愁緒	12
睇到一半	12
狂草	12
嚨	12
地靈人傑	12
吔屎	12
唔知痛	12
褲骨	12
一般情形	12
英雄事蹟	12
雙面人	12
冇得拗	12
禮器	12
人參	12
繽	12
踵	12
龜船	12
暗角	12
逢迎	12
萬年曆	12
厚積薄發	12
育嬰	12
撈起啦	12
騰出手	12
勢利小人	12
開夜	12
名師出高徒	12
拭	12
爆機	12
互片	12
自説自話	12
地主階級	12
搶手貨	12
鬧騰	12
最怕萬一	12
超羣絕倫	12
腰子	12
唔衰攞嚟衰	12
勃起	12
娶新抱	12
徜	12
又臭又硬	12
屙臭臭	12
遮醜	12
鑊仔	12
煉油廠	12
幫下眼	12
海底椰	12
酸豆	12
兩肋插刀	12
嗒嗒聲	12
熱嘢	12
泰坦尼克號	12
馬膽	12
聚議	12
找着	12
鬧衰佢	12
提手	12
佛廟	12
食鬼	12
鴨毛	12
秋田	12
觀瞻	12
抵肚餓	12
肚瀉	12
德雷福斯	12
有啲燒	12
紀念我	12
機謀	12
迷魂香	12
姨奶奶	12
結束語	12
淤塞	12
點心紙	12
跺	12
江南水鄉	12
一步一個腳印	12
苦思冥想	12
唔經大腦	12
高歌猛進	12
志趣相投	12
卻之不恭	12
偷換概念	12
復辟	12
外便	12
五金鋪	12
私人秘書	12
哥斯達黎加	12
跟屁蟲	12
春餅	12
絕對啦	12
不可救藥	12
聞風而動	12
揚聲器	12
夜鷹	12
嬲嬲豬	12
后嚟	12
社論	12
藍領	12
塞納河	12
油鹽醬醋	12
顧命	12
鴨嘴獸	12
街招	12
心理特徵	12
落更	12
淆	12
雜食	12
現身説法	12
包菜	12
氣結	12
開拔	12
期待過	12
師傅仔	12
盤口	12
目下	12
冇壞嘅	12
服務質量	12
污辱	12
氣喘吁吁	12
各打五十大板	12
主音	12
牌局	12
儈	12
地黃	12
就係囉	12
手襪	12
酷愛	12
財政預算	12
熱情洋溢	12
易主	12
廣東佬	12
海下	12
百寶囊	12
乳牙	12
你吹水	12
治家	12
麻痹大意	12
抹油	12
夜麻麻	12
十年寒窗	12
槍托	12
文件櫃	12
棒打鴛鴦	12
慢慢食啊	12
焉得虎子	12
藏族人	12
砵蘭街	12
打板	12
有機體	12
唔可愛	12
先一排	12
草根階層	12
看住我	12
窿窿罅罅	12
最近點啊	12
居心險惡	12
開大片	12
軍票	12
動態平衡	12
花結	12
行開先	12
好返啲	12
世仇	12
佔有率	12
暗合	12
慣偷	12
生人勿近	12
穿梭巴士	12
農業技術	12
冇心急	12
順景	12
匯報	12
泡湯	12
閃燈	12
餅家	12
鯇魚	12
毛管動	12
夜不閉户	12
上斜	12
五穀不分	12
安全套	12
補習老師	12
豎立	12
殉道	12
燈頭	12
名不符實	12
沉冤得雪	12
自賣自誇	12
乜嘢環境	12
喬治亞	12
美差	12
日日出去	12
安哥拉	12
新約	12
多神教	12
風尾	12
咋話	12
眼眨眨	12
基座	12
情狀	12
變體	12
照板煮碗	12
撒謊	12
繳械	12
屍臭	12
經久不衰	12
淪陷區	12
私人樓	12
吹灰之力	12
三樣好	12
科舉制	12
行年	12
極簡主義	12
始終不變	12
花花綠綠	12
贅肉	12
大石下	12
散彈槍	12
爛瞓	12
啫係咩	12
唔使恨	12
縱聲	12
刨冰	12
等邊	12
差錯腳	12
嫺靜	12
牛肉腸	12
滲漏	12
商品流通	12
泥沼	12
爛板	12
蝶戀花	12
趾	12
彩轎	12
乜都假	12
坑害	12
恐怖主義	12
南北行	12
烏黑色	12
散沙	12
癩蛤蟆	12
禁絕	12
泛泛之交	12
廿一二	12
痛到死	12
大家咁熟	12
老虎蟹都	12
甜水	12
去威	12
簡報	12
狐媚	12
鹹煎餅	12
牛肉球	12
病急亂投醫	12
果盤	12
反轉豬肚就係屎	12
死忠	12
義教	12
岷江	12
要返學啦	12
旭日	12
網袋	12
掩耳盜鈴	12
東鐵	12
紅面關公	12
鸚	12
修指甲	12
執齊行李	12
草木灰	12
百花園	12
悉達多	12
熱舞	12
看顧	12
同盟國	12
哈巴狗	12
冇拖冇欠	12
民安隊	12
叉雞飯	12
活化石	12
柏油	12
心中無數	12
梅毒	12
墨斗	12
家有家規	12
樓羣	12
避震	12
氣袋	12
深居簡出	12
收割機	12
風流雲散	12
民俗	12
咬佢唔入	12
姒	12
瓦渣	12
好返啦	12
聲韻	12
詣	12
秋遊	12
對酒當歌	12
屙唔	12
指環	12
百裏挑一	12
揼死	12
掌心雷	12
驗證下	12
塔里木盆地	12
暈船	12
經常啦	12
壽險	12
社會運動	12
授意	12
尊師重道	12
交更	12
置地廣場	12
夾定計	12
法名	12
民團	12
休憩	12
無縫連接	12
積澱	12
金櫃	12
遠涉	12
奔忙	12
秋後算賬	12
潦	12
就訓	12
飛來橫禍	12
滑捋捋	12
餐巾紙	12
物極必反	12
速食	12
信史	12
喉急	12
小兩口	12
耳珠	12
公斷	12
拖友	12
其利斷金	12
狗蝨	12
畀我啊	12
藿	12
夫妻相	12
未夠喉	12
素服	12
悴	12
唔使閉翳	12
血親	12
卡那	12
筠	12
激死你	12
圖鑑	12
嚿	12
殘暴不仁	12
抽水馬桶	12
腹腔	12
比較多嘢	12
第一秒	12
人靠衣裝	12
小家碧玉	12
未入門	12
驛道	12
瘸	12
照肺	12
鞋鋪	12
受益匪淺	12
財仔	12
拖一拖	12
唔落得手	12
活塞	12
留意唔到	12
髮帶	12
唔拘	12
天公不作美	12
自求多福	12
傾乜	12
辦酒席	12
第十天	12
晴空萬里	12
刀耕火種	12
又關你事	12
不識好歹	12
冷感	12
凡事留一線	12
謀臣武將	12
端陽節	12
誹	12
冤家宜解不宜結	12
種豆得豆	12
電子遊戲機	12
塔利班	12
好心有好報	12
作歌	12
打跛腳	12
天鵝絨	12
張雨生	12
曲終人散	12
攞位	12
均衡飲食	12
聽其自然	12
公園前站	12
招待會	12
土豆泥	12
恭迎	12
煩厭	12
玉玲瓏	12
班戟	12
漢民族	12
閲覽	12
命薄	12
旅舍	12
乞兒仔	12
連環圖	12
地税	12
八八九九	12
夠派	12
仨	12
打橫打掂	12
能醫百病	12
收身	12
尾七	12
體育精神	12
配給	12
分散注意力	12
清亮	12
蠔豉	12
知啲唔知啲	12
斷線風箏	12
孖女	12
乳臭未乾	12
滿天神佛	12
重修舊好	12
採買	12
以德報怨	12
保齡球場	12
擔風險	12
家家有本難唸的經	12
片長	12
臍橙	12
影碟	12
縮沙	12
遮光	12
玄門	12
到邊啦	12
學運	12
羊毛衫	12
中華田園犬	12
臘鴨	12
律師信	12
都多人	12
客觀原因	12
凍凍地	12
通航	12
甜在心	12
眼不見	12
紛紛揚揚	12
心如死灰	12
濕滯	12
咯咯咯咯	12
灰黑	12
提要	12
月小	12
恨透	12
靠撞	12
清水河	12
大圓圈	12
豆腐煲	12
黑印	12
軸心	12
啫啫	12
回族	12
今個學期	12
潘多拉魔盒	12
遊獵	12
枯乾	12
邊個靚	12
飼	12
子虛烏有	12
糙米	12
瀏	12
爭一啲	12
飲清光	12
悲喜劇	12
落潮	12
電話筒	12
聚頭	12
黃膽水	12
破綻百出	12
初具	12
毛料	12
目不暇給	12
瓏	12
臘梅	12
解綁	12
冢	12
遠視	12
丫叉	12
乾身	12
冇景	12
耗子	12
漏電	12
奔襲	12
追到天腳底	12
叉燒腸	12
萬二分	12
手風琴	12
風雨同路	12
從簡	12
國富兵強	12
武裝人員	12
黃金期	12
喊包	12
蜡	12
紅蟲	12
內子	12
我出關	12
槍眼	12
計量	12
亦能覆舟	12
抿	12
頭抽	12
圇	12
口不擇言	12
抵得諗	12
牙罅	12
沙紙	12
時運不濟	12
宵禁	12
端點	12
賣出價	12
關門大吉	12
大話精	12
飛行棋	12
你鋪話法	12
承讓	12
屎桶	12
買咁貴	12
出乎意外	12
你去死啦	12
必能	12
串通一氣	12
溶雪	12
魏文帝	12
雲板	12
毛細血管	12
揞住良心	12
短工	12
慘酷	12
番號	12
憂憤	12
貿易額	12
一劈屎	12
開山祖師	12
見習生	12
有染	12
甄別	12
洽	12
八寶粥	12
漏網之魚	12
立地成佛	12
不辭辛苦	12
滑翔	12
大字報	12
形同虛設	12
千夫所指	12
撲心撲命	12
滿江紅	12
一般説來	12
所有者	12
作動	12
計數機	12
可一不可再	12
早啲返嚟	12
廉正	12
囧	12
肯肯定	12
味噌	12
姑爺仔	12
燒排骨	12
豪興	12
啓示錄	12
年息	12
筲箕	12
抽濕	12
中央委員會	12
耍弄	12
侵略性	12
還俗	12
洗腎	12
作戰方案	12
遇刺	12
七分之一	12
非分	12
依排	12
鬱我	12
聽阿媽話	12
快步跑	12
嘮嗑	12
天下無不散之筵席	12
合手	12
心都離	12
手頭緊	12
空手而歸	12
純愛	12
閉月羞花	12
後父	12
呤	12
金蘭姊妹	12
金剛箍	12
坐禪	12
糾察	12
腦震盪	12
屎氹	12
政教合一	12
批地	12
姦淫擄掠	12
醜死怪	12
貨仔	12
解像度	12
香燈	12
遺作	12
我嘅反應	12
有兩手	12
執正	12
日夜操勞	12
口耳相傳	12
憧	12
援助之手	12
醍	12
仆街	12
校草	12
印盒	12
仲掛住佢	12
花被	12
銘心刻骨	12
旅檢	12
體罰	12
不自量	12
欲滴	12
怪胎	12
超等	12
北馬其頓	12
害羣之馬	12
圍封	12
聲優	12
交換價值	12
校正	12
構件	12
急難	12
侏羅	12
漁火	12
寡母婆	12
上肢	12
動肝火	12
聖明	12
外貌協會	12
喪服	12
汶川大地震	12
由上而下	12
活學活用	12
新市鎮	12
跨欄	12
政治婚姻	12
過骨	12
上校	12
自詡	12
天機不可泄露	12
個音節	12
夕陽行業	12
痛經	12
撩女仔	12
裙褂	12
泛泛之輩	12
江湖大佬	12
交待	12
人頭税	12
講到口水乾	12
一籮籮	12
有嘢到	12
千載一時	12
內燃機	12
海狸	12
講習	12
溝稀	12
發稿	12
軟雪糕	12
種姓	12
啫文	11
揸正嚟做	11
精衞填海	11
青年旅舍	11
整甩	11
擔大旗	11
堪輿	11
打千秋	11
瑤台	11
撒網	11
一定有鬼	11
血淚史	11
白無常	11
熟客仔	11
心病還需心藥醫	11
中央情報局	11
篤行	11
便門	11
亭亭	11
隨時歡迎	11
去溜	11
打崩頭	11
斧子	11
年俸	11
唔怕生壞命	11
香瓜	11
狗仔粉	11
開元盛世	11
掟煲	11
冇句真	11
掹車邊	11
飛女	11
遮蔭	11
怕死鬼	11
唔識揀	11
拆爛	11
安道爾	11
物質文明	11
商廈	11
一團漆黑	11
追龍	11
粥品	11
鑽牛角尖	11
驪山	11
國宴	11
捧杯	11
以寡敵眾	11
想得開	11
懲教署	11
鬧脾氣	11
丁屋	11
掃把頭	11
葉綠素	11
聽入去	11
蛇頭鼠眼	11
德士	11
新義安	11
史蒂夫	11
索償	11
兩宋	11
葵芳	11
戰爭與和平	11
過至	11
晚星	11
華康	11
明鑑	11
爐架	11
嗯嗯好啦	11
僑胞	11
桃花開	11
你叫啦	11
禮義廉恥	11
霸王餐	11
遞進	11
吉之島	11
獵取	11
遺恨	11
寬頻	11
打單信	11
配戲	11
怯懦	11
不倒翁	11
支走	11
做死人	11
一醉方休	11
嘶吼	11
屎計	11
產糧	11
飽經滄桑	11
搭單	11
油潤	11
財迷	11
虛設	11
仃	11
青雲直上	11
班草	11
組織領導	11
從商	11
惻	11
憐香惜玉	11
種金	11
先鋒隊	11
搣爛	11
棚屋	11
拖沓	11
鹹淡水	11
追斬	11
天然橡膠	11
解剖室	11
羚	11
泱	11
奧林匹克運動會	11
答理	11
送暖	11
類近	11
挨着	11
蜜餞	11
偕老	11
財政司	11
大小二便	11
閒適	11
煲底	11
咁渣嘅	11
博懵	11
強檢	11
伏地魔	11
攥	11
僥倖心理	11
旌	11
情色	11
全取	11
躡腳	11
查考	11
一人一支	11
沉沒成本	11
綁腿	11
兄弟團	11
三盤兩勝	11
胡琴	11
後記	11
托手爭	11
性向	11
集隊	11
猩紅	11
乘數	11
水綠	11
清關	11
不甚了了	11
死而不僵	11
反應過度	11
餓虎	11
舊怨	11
上款	11
訟	11
傾清楚	11
家婦	11
配圖	11
沉實	11
呢啲唔需	11
二人計長	11
打下手	11
哄埋	11
選區	11
亂咁鬧人	11
言之過早	11
通用電器	11
身痕	11
聽寫	11
宿敵	11
拖肥糖	11
咪玩啦	11
飽學之士	11
明察暗訪	11
嫡子	11
塹	11
絕育	11
走色	11
匯錢	11
失笑	11
幾點起身	11
背光	11
六神	11
回防	11
鹹蟲	11
漪	11
倫常	11
大螞蟻	11
傳問	11
放葫蘆	11
白蠟	11
出啖氣	11
超乎尋常	11
老笠	11
老花眼	11
虧蝕	11
針扎	11
漫無邊際	11
原創故事	11
你叫咩	11
省時	11
拖落水	11
指揮有方	11
遠咗啲	11
啞然失笑	11
點止啊	11
大鑊嘢	11
天冧	11
割脈	11
赫然	11
就嚟嘞	11
韭	11
尾盤	11
香雞	11
整衰	11
打橫嚟講	11
遍地開花	11
陰乾	11
笑咪咪	11
虛不受補	11
安塞	11
補藥	11
扉	11
紅果	11
砌生豬肉	11
豬叫	11
好人有好報	11
高等院校	11
淙	11
只怕管	11
列車長	11
各顧各	11
唔打人	11
旁敲側擊	11
闇	11
扭計師爺	11
鳥眼	11
鬆糕	11
顯卡	11
炮台山	11
苛責	11
暈暈哋	11
自視過高	11
加菜	11
減息	11
悸	11
歸罪於	11
蜓	11
無言可對	11
鑊頭	11
列車員	11
刻苦學習	11
酷暑	11
左鄰右舍	11
食瓜	11
音樂感	11
同人唔同命	11
巴勒莫	11
過頭話	11
厭棄	11
牛皮紙	11
巴拉圭	11
秘技	11
得把聲	11
英姿颯爽	11
德智體美	11
冇可疑	11
世界貿易組織	11
撲飛	11
饕餮紋	11
趴咗喺地下	11
開業大吉	11
我冇嘢啊	11
願心	11
失戀者	11
防範於未然	11
紫外光	11
耗散	11
追悼	11
行酒令	11
中中挺挺	11
熱帶植物	11
咁嚴嘅	11
轉禍為福	11
拉關係	11
公共電話	11
血清	11
食古不化	11
我家下	11
我好無奈	11
老懷安慰	11
高飛遠走	11
從影	11
湯劑	11
怪模怪樣	11
有氧健身操	11
夜視	11
坦桑尼亞	11
拋卻	11
流線型	11
打赤腳	11
木糠	11
惋	11
根由	11
揾快錢	11
卧鋪	11
㗎頭	11
赫赫	11
吊鐘	11
頭錘	11
頓開茅塞	11
臭崩崩	11
助學金	11
勤儉持家	11
痛到死死下	11
包打天下	11
五雷轟頂	11
好唔生性	11
加把口	11
補語	11
倒米	11
輕心	11
臭妹	11
山泥	11
著名人物	11
名垂青史	11
各有所愛	11
天使魚	11
天亮了	11
燉冬菇	11
蓬亂	11
毛蟹	11
紅白藍	11
兩對鞋	11
卡死	11
買走咗	11
勁嘢	11
粗陋	11
怪雞	11
嚏	11
竹管	11
三中全會	11
胡志明市	11
執漏	11
苦中作樂	11
恨咗好耐	11
嫁雞隨雞	11
五味雜陳	11
椰子汁	11
波光粼粼	11
毛驢	11
逾期	11
士巴拿	11
頸喝	11
運使	11
新高度	11
俄羅斯聯邦	11
會陰	11
傾下咯	11
自殺式	11
國家安全局	11
蓆	11
連戲	11
補胎	11
輾	11
榮休	11
嗝	11
起爐	11
央求	11
座談	11
開鑊	11
洗地	11
隔山打牛	11
例湯	11
飲泣	11
蒙特利爾	11
志願服務	11
複姓	11
中法戰爭	11
車死咗	11
恐狼	11
趕客	11
惹埋	11
抵罪	11
宴飲	11
領獎台	11
蹺蹊	11
搶灘	11
錯有錯着	11
沉魚落雁	11
江河湖海	11
眼都大埋	11
互惠互利	11
六八九	11
粵語殘片	11
極其量	11
四便	11
咁屌	11
一唔一齊	11
孽障	11
盛讚	11
十成十	11
澇	11
譁變	11
西秦	11
喺網度	11
飄緲	11
車蓋	11
傳情	11
契家婆	11
商品經濟	11
航路	11
屍體解剖	11
想點都得	11
探秘	11
鋪張浪費	11
小事化了	11
積落	11
斷奶	11
催逼	11
竹板	11
打嘴	11
騖遠	11
窩夫	11
唔係嘢少	11
信息管理	11
禮拜天	11
急到氹氹轉	11
思思縮縮	11
搜查令	11
審判官	11
有環境	11
出界	11
口硬心軟	11
豉油撈飯	11
魚網	11
走步	11
濕咗水	11
閃閃令	11
詳實	11
爛命	11
熱親	11
擠眉弄眼	11
寒衣	11
大能	11
日更	11
柏文	11
賣甩	11
當食生菜	11
雙料	11
食白果	11
好好戀愛	11
玩馬騮	11
休庭	11
豬嚟㗎	11
一閃即逝	11
重臨	11
櫻桃小丸子	11
吝惜	11
逃逸	11
盡人皆知	11
齊頭	11
瑞士雞翼	11
春筍	11
叮噹響	11
受潮	11
話唔到事	11
威化	11
斜槓	11
積勞成疾	11
混為一體	11
終身為父	11
皇牌	11
心胸開闊	11
過家家	11
錦衣玉食	11
遠銷	11
無字天書	11
冰凍三尺	11
催產	11
壓價	11
復康	11
空腔	11
中生代	11
學業有成	11
蜷縮	11
力水	11
粒子物理	11
醒胃	11
揭秘	11
柴犬	11
相見好	11
衰多口	11
乳膠漆	11
邊個話事	11
分子量	11
陶工	11
肥屍大隻	11
證監	11
煞有介事	11
殺雞儆猴	11
善惡到頭終有報	11
交朋結友	11
氣態	11
射波	11
好人士	11
鬼壓牀	11
甄選	11
妙趣橫生	11
菜牌	11
粘膜	11
同心圓	11
飄移	11
七顛八倒	11
贈予	11
冇離神氣	11
依期	11
頭繩	11
怒容滿面	11
瀉藥	11
廣交會	11
十幾個月	11
脱銷	11
縝密	11
唱詩班	11
硬係唔信	11
家娘	11
揾兩餐	11
橇	11
知識青年	11
肉中刺	11
既來之則安之	11
保金	11
繪聲繪色	11
氫彈	11
眉宇間	11
削除	11
夜色蒼茫	11
唔臭米氣	11
洗邋遢	11
壼	11
遺容	11
書評	11
費洛蒙	11
鬼市	11
一路以為	11
武職	11
防患於未然	11
學報	11
唱段	11
生娘	11
台柱	11
叫咗人	11
執位	11
盲腸炎	11
油角	11
跳馬	11
咁人齊	11
繼子	11
刷過	11
門口狗	11
細繩	11
死開	11
片集	11
淳于	11
遺像	11
可愛啲	11
大貪	11
社會服務令	11
懵丙	11
淄	11
一夫一妻	11
伸懶腰	11
大吉利事	11
奸角	11
子侄	11
波珠	11
人無遠慮	11
沙礫	11
分貝	11
光怪陸離	11
喪葬費	11
手無縛雞之力	11
食塞米	11
覆咗	11
尿道	11
依家需要	11
今勻	11
打雞血	11
雨遮	11
水能載舟	11
收發	11
精誠所至	11
涅盤	11
獨掌	11
做冬	11
牛池灣	11
發暈	11
癒	11
遊學團	11
打突	11
胎毛	11
老鼠洞	11
愛財如命	11
下下之策	11
苦口苦面	11
觸景生情	11
戲玉	11
天干地支	11
冇咁好氣	11
坐實	11
虎口虎面	11
灕	11
茶話會	11
媽媽聲	11
十仔	11
金玉良言	11
便宜行事	11
抵命	11
結婚紀念日	11
數不盡	11
供詞	11
攝高枕頭	11
墊腳	11
攞我便宜	11
大姓	11
查崗	11
瞓覺覺	11
散錢	11
有所發展	11
浣	11
散貨	11
米餅	11
愁苦	11
廣州讀書	11
碎念	11
擦掉	11
灰泥	11
褫奪	11
恕不奉陪	11
腦出血	11
薄荷油	11
曬幸福	11
獨佔鰲頭	11
腳腕	11
呆板	11
換屎片	11
違和	11
返來	11
彈琵琶	11
手車	11
勇為	11
我冇飲	11
海水不可斗量	11
前言不對後語	11
拉達克	11
士族	11
叉錯腳	11
本地話	11
性教育	11
拜讀	11
白辛苦	11
棒子	11
自述	11
死心不息	11
妄自菲薄	11
火柴盒	11
大石橋	11
挑揀	11
新聞紙	11
嬲到佢死	11
高高地	11
假託	11
一紙空文	11
光着	11
粟米卷	11
陰陰暗暗	11
個心十五十六	11
言行不一	11
肉扒	11
腳甲	11
椰子肉	11
措手	11
抗日救國	11
機巧	11
君真	11
蜃	11
唔修	11
財勢	11
莊友	11
冇米粥	11
私怨	11
燙頭髮	11
憑弔	11
起菜	11
地殼運動	11
蒡	11
打爆機	11
小袋鼠	11
浮面	11
開茶	11
咁低能	11
多如牛毛	11
勁急	11
啤酒肚	11
聽埋聽埋	11
蓬蓬	11
崇洋	11
打鑊	11
困身	11
瞞騙	11
嬲死佢	11
便宜莫貪	11
立會	11
五言詩	11
行人道	11
道破	11
暈陀陀	11
天竺鼠	11
一鑊熟	11
廿五兩	11
貴精不貴多	11
打秋風	11
地龍	11
言之成理	11
催命鬼	11
品學兼優	11
勻循	11
到時先算	11
酒後吐真言	11
飯袋	11
受降	11
氟	11
桂花糕	11
樂理	11
嘰嘰喳喳	11
殺人不眨眼	11
蜈	11
坐席	11
諗返轉頭	11
神神經經	11
架步	11
比較而言	11
驚跳	11
一潭死水	11
擘大嘴	11
擺列	11
年壽	11
飯蓋	11
食之無味	11
力爭上游	11
陰雨天	11
士的	11
狐疑	11
曾祖母	11
因如此	11
跨步	11
喪偶	11
少管閒事	11
圖畫書	11
輸打贏要	11
題名	11
井井	11
置身其中	11
樂評	11
次於	11
增廣見聞	11
瞬間移動	11
我驚係	11
焚化爐	11
大館	11
後底	11
打芡	11
讀本	11
離心力	11
大咪	11
自由職業	11
有冇貨	11
熒光筆	11
心太軟	11
唇齒相依	11
膺	11
甭	11
無以復加	11
好大意見	11
扯旗	11
砣	11
馴馬	11
大褂	11
開天殺價	11
學妹	11
熱情接待	11
水務處	11
威武雄壯	11
無情情	11
城市大學	11
縱慾	11
阿公嘅	11
參謀總長	11
宣武門	11
出夜街	11
佳績	11
開卷	11
蛤乸	11
大丈夫能屈能伸	11
壞分子	11
物種起源	11
庸人自擾	11
先小人	11
胡同	11
擦邊球	11
龍頭鳳尾	11
走漏眼	11
署長	11
黑工	11
惡做	11
講完就落	11
無數啦	11
桿子	11
翻筋斗	11
吊銷	11
縱壞	11
褒獎	11
過完關	11
刻不容緩	11
舉頭三尺有神明	11
取現	11
綁紮	11
啱啱得	11
番茄汁	11
山羊肉	11
酗	11
躍升	11
胎死腹中	11
從頭來	11
錢七	11
尾二	11
必中	11
混淆視聽	11
轉波	11
字正腔圓	11
抑制作用	11
市佔率	11
出便	11
小量	11
承托	11
重機槍	11
斬手指	11
好人難做	11
互相聯繫	11
打風落雨	11
中介人	11
接待員	11
天意弄人	11
攞返去	11
佔為	11
女士優先	11
白大褂	11
羅布泊	11
髮妻	11
伴舞	11
破相	11
公德心	11
起霧	11
遊春	11
掘頭路	11
粱	11
掏心掏肺	11
雜差	11
李斯特城	11
悲觀主義	11
十下十下	11
運籌帷幄	11
異香撲鼻	11
化糞池	11
脂肪酸	11
以權謀私	11
捶胸頓足	11
媳	11
超住	11
攀談	11
心肺功能	11
翻過來	11
豬頭炳	11
譯文	11
默不作聲	11
唔使本	11
悲悽	11
凹凹凸凸	11
瀟湘	11
逑	11
開票	11
我星期日	11
小令	11
甩碌	11
四個方位	11
眸子	11
舉鐵	11
以利於	11
胰臟	11
猙	11
精神為之一振	11
交水費	11
伯婆	11
與及	11
百足	11
彈壓	11
包羅萬象	11
動人心魄	11
春風化雨	11
輕忽	11
吸口	11
剪低	11
攪和	11
譚仔	11
阿奶	11
收買人命	11
只怕有心人	11
冚啲	11
飯票	11
沙白	11
赤赤痛	11
一息間	11
物以稀為貴	11
光斑	11
爛佬	11
神龍見首不見尾	11
不相容原理	11
收咧	11
生死相依	11
融雪	11
偏誤	11
五代同堂	11
倒扣	11
兜搭	11
嫁接	11
一便	11
當災	11
三鳥	11
耕者有其田	11
墨西哥城	11
喐啲就	11
聞説	11
風擺柳	11
政治化	11
公共屋邨	11
蹣	11
孝服	11
取替	11
紅鬚綠眼	11
擦膠	11
小物	11
咪自	11
山高水長	11
片皮鴨	11
韌帶	11
往陣時	11
冇研究	11
忤	11
夙願	11
舞伴	11
雪批	11
板栗	11
大解	11
會講笑	11
真係冇陰功	11
諦	11
長沙灣	11
焊工	11
就座	11
眼癱癱	11
電車站	11
間腦	11
十指緊扣	11
矜	11
仲唔係你	11
魚卜	11
平武	11
單車變摩托	11
手辦	11
貓和老鼠	11
真係唔似樣	11
成頭家	11
眾矢之的	11
龍虎鬥	11
痛癢	11
站牌	11
避嫌	11
勤儉節約	11
不識廬山真面目	11
籠絡人心	11
逃税	11
海參	11
耐勞	11
接線員	11
吐蕃	11
白俄	11
一面之交	10
農事	10
些微	10
一語中的	10
剪切	10
副食品	10
不一而足	10
加重語氣	10
貝寧	10
爆格	10
早走早着	10
登仙	10
盛景	10
開夜車	10
解手	10
氣塞	10
腳蹬	10
大班椅	10
公函	10
等太耐	10
滿額	10
冷鐘	10
映山紅	10
車前草	10
搏戰	10
祭旗	10
是咁的	10
細枝末節	10
使乜睇	10
擔屎	10
寒窗苦讀	10
聲名遠播	10
忙到死	10
起早貪黑	10
窮山惡水	10
喊咁口	10
軍政人員	10
實色	10
地脈	10
如估	10
補選	10
孤老	10
轉死性	10
假柳	10
有你冇我	10
兩國相爭	10
攬頭	10
作大嚟講	10
柵	10
口響	10
開窗口	10
飽經風霜	10
網上商店	10
婀娜多姿	10
好飲好食	10
逼巴士	10
衣度	10
吞佔	10
金科玉律	10
湍	10
西瓜地	10
懲教所	10
洪水猛獸	10
講得口響	10
訛詐	10
咪傻啦	10
有乜咁出奇	10
測量師	10
通街都係	10
臭罵	10
混水摸魚	10
邂	10
眯眼	10
熟視無睹	10
休妻	10
白血球	10
一皮嘢	10
嗌名	10
世界仔	10
整體觀念	10
燒衣	10
電子顯微鏡	10
榨汁機	10
金缽	10
憶述	10
爽甜	10
蓬蓽生輝	10
以及人之老	10
陀地	10
先使未來錢	10
一身蟻	10
鷓鴣	10
作踐	10
斑點狗	10
知心人	10
蠶寶寶	10
打鐘	10
多得你唔少	10
偏門	10
肉地	10
釋然	10
打得少	10
簽出	10
失節	10
應聲蟲	10
冬菜	10
犬兒	10
切線	10
唔上咯	10
重金禮聘	10
冰消瓦解	10
筆盒	10
光腳	10
門户之見	10
牛皮膠	10
下莊	10
知冷知熱	10
勢在必得	10
五星紅旗	10
無畏無懼	10
扯實	10
採伐	10
債項	10
跌打藥	10
師宗	10
莫桑比克	10
系詞	10
半路出家	10
支氣管	10
支氣管炎	10
好聲行	10
送貨上門	10
神嘢	10
副學士	10
必有我師	10
石徑	10
勾銷	10
眉間	10
恆河沙	10
華爾街日報	10
銀禧	10
難約	10
報喜不報憂	10
濕柴	10
礫	10
爛瓦	10
寅	10
難逃一劫	10
馬達加斯加	10
葬埋	10
好迷惘	10
轉敗為勝	10
少東	10
長袍馬褂	10
心血結晶	10
七種武器	10
雪泥	10
虛有其表	10
歐羅巴	10
導購	10
官子	10
留位	10
適意	10
義舉	10
沙律菜	10
快件	10
驍	10
羣英會	10
海底撈月	10
毫不懷疑	10
五臟俱全	10
奮勇當先	10
唔遲唔早	10
營生	10
我吹水	10
貪新鮮	10
奈佢唔何	10
喘不過	10
烏龜殼	10
熟油	10
捧殺	10
微創	10
墨西哥包	10
蓋棺	10
險過剃頭	10
白鱔	10
戰略戰術	10
階梯教室	10
愛面子	10
氣浪	10
表意文字	10
灰水	10
靠估	10
客室	10
雜七雜八	10
加細	10
出世紙	10
直資	10
呢句好	10
恨唔到	10
閒日	10
神功戲	10
冉冉	10
徒然	10
名狀	10
水牛芝士	10
盲婆	10
揾命搏	10
徉	10
肝硬化	10
麻風病	10
持械	10
戰爭年代	10
衝完啦	10
倍加	10
土著人	10
份子錢	10
抵唔住頸	10
留班	10
行人天橋	10
兩面三刀	10
學拳	10
淫賤	10
水翼船	10
內眼線	10
入月	10
有姿勢	10
俯卧撐	10
琴瑟	10
逆子	10
一棟嘢	10
濫發	10
國家制度	10
鉗仔	10
不以己悲	10
肌膚之親	10
國殤	10
做人家	10
有型有款	10
發明星夢	10
來去自由	10
公曆	10
送信人	10
假聲	10
參雜	10
咩毛	10
唔好逼佢	10
台上台下	10
禁食	10
輪滑	10
欲加之罪	10
何患無辭	10
逆向思維	10
警備司令	10
丁權	10
資訊台	10
泰劇	10
清數	10
工黨	10
水袖	10
燥底	10
走鬼檔	10
瘡疤	10
綠草地	10
美瞳	10
牛咁眼	10
聯邦德國	10
骨刺	10
泥金	10
起骨	10
定鼎	10
腰力	10
能者多勞	10
行運一條龍	10
唔驚唔覺	10
藥渣	10
唔死都冇用	10
兜圈子	10
蠢笨	10
絲路	10
末路	10
白斬雞	10
蕩漾	10
土坯	10
海陸軍	10
百獸之王	10
打到開花	10
很曬	10
耍賴	10
硝酸甘油	10
薄利多銷	10
奧匈帝國	10
皮尺	10
創建者	10
荏	10
黐膠花	10
綁死	10
嚴於律己	10
死不帶去	10
亡命天涯	10
褚	10
捲尺	10
配送費	10
全票	10
點畫	10
到我添	10
杏仁豆腐	10
笠亂	10
盜汗	10
過界	10
高足	10
草簽	10
頂手	10
標尺	10
汽車渡輪	10
環境問題	10
孱	10
鬼面罩	10
不期然	10
濟事	10
做好做醜	10
有宵夜	10
補發	10
曲尺	10
創可貼	10
歪風	10
資不抵債	10
佳音	10
白兔糖	10
沃土	10
你前度	10
做派	10
三足鼎立	10
放聲氣	10
腹心	10
你還你	10
流離浪蕩	10
撥起	10
舌底	10
陪跑	10
能人所不能	10
荒淫無恥	10
雞仔聲	10
叻叻豬	10
片岩	10
冇聲冇氣	10
客飯	10
雀友	10
灣月	10
借酒消愁	10
鴨舌帽	10
條針	10
醉駕	10
舉案齊眉	10
門庭若市	10
爭口氣	10
鳳林	10
有錢出錢	10
蓋世太保	10
移咗民	10
電子香	10
月牙形	10
哈根達斯	10
爛融融	10
一條龍服務	10
麪檔	10
磐	10
唔打緊	10
斷水斷電	10
木蝨	10
奉天承運	10
校務處	10
行行出狀元	10
瞓唔夠	10
走極端	10
於心有愧	10
洛南	10
舉重若輕	10
鎮咳	10
理髮師傅	10
食咗咩	10
釘書機	10
默書	10
四體不勤	10
鐵膽	10
包機	10
大造	10
眾星捧月	10
做瓜佢	10
海角天涯	10
四邊形	10
畀你啦	10
頭毛	10
扁桃腺	10
啼聲	10
死都唔眼閉	10
二重唱	10
月入過萬	10
一陣講	10
你去香港	10
毛水	10
徑直	10
炒魷	10
熟行	10
片面之詞	10
嫌犯	10
迷妹	10
繫囚	10
等離子	10
瀆	10
就在廣州	10
告假	10
妄念	10
受洗	10
轟烈	10
大好前程	10
瑜伽褲	10
出入境管理局	10
棵嘢	10
餓肚	10
高級文憑	10
剩番	10
條命凍過水	10
飄了	10
醖	10
裟	10
喋	10
三色台	10
誡	10
尖沙咀碼頭	10
咁啱線	10
名廠	10
照本宣科	10
標點	10
糧款	10
整蠱作怪	10
道德感	10
詆	10
各持己見	10
產檢	10
重判	10
籟	10
歧視你	10
死咕咕	10
脱光	10
睡衫	10
魏都	10
句法	10
食饅頭	10
雨褸	10
萬事起頭難	10
水過鴨背	10
活蹦亂跳	10
上契	10
曾俊華	10
勁頭	10
近唔近	10
謙厚	10
撕毀	10
南歐	10
本幫菜	10
藥行	10
鬥志昂揚	10
近墨者黑	10
低波	10
涼麪	10
智囊團	10
排先	10
弊嘞	10
有點遠	10
鍔	10
坐山觀虎鬥	10
唔記住	10
徵狀	10
撈雞	10
創造論	10
借馬	10
良久	10
校園生活	10
色相	10
廣州見	10
兩婆孫	10
厚切	10
壽辰	10
顎	10
由低做起	10
人母	10
抽牌	10
書攤	10
公餘	10
慣犯	10
救濟金	10
小數點	10
落畫	10
沙蟹	10
白佛	10
獎章	10
先母	10
桂花糖	10
正書	10
曾蔭權	10
糖冬瓜	10
診療	10
超齡	10
留傳	10
邊沿	10
愛丁堡	10
一上一落	10
叟	10
英國皇家學會	10
都未決定	10
扯鼻鼾	10
紅血球	10
動覺	10
預埋我	10
石蠟	10
理你咁多	10
縱有	10
精仔	10
薔	10
火箭炮	10
蛇佬	10
走讀	10
成頭汗	10
排法	10
餞行	10
獻世	10
朗姆酒	10
低班	10
金龜子	10
碰釘	10
碟子	10
獅身人面像	10
唔係幾似	10
歲月如流	10
表妹夫	10
燃燒彈	10
汗如雨下	10
腳趾甲	10
弱光	10
約唔約	10
密偈	10
有得震冇得瞓	10
賭仔	10
箏	10
歡喜冤家	10
男妓	10
獸類	10
玩到盡	10
擇日不如撞日	10
沖涼了	10
炒米餅	10
垃雜嘢	10
萬里江山	10
就沖	10
天光星	10
好唔好去	10
退賽	10
關佢咩事	10
事到今日	10
紐倫堡	10
借刀	10
唱大戲	10
舉步維艱	10
又靚又叻	10
嶺大	10
淺顯	10
櫚	10
工業化國家	10
大細超	10
太晏	10
清音	10
線香	10
話一就一話二就二	10
患難見真情	10
甜絲絲	10
斑鳩	10
救難	10
身孕	10
極目	10
割愛	10
嘴皮子	10
瀕臨絕種	10
黃馬褂	10
冷冽	10
斜線	10
岌下岌下	10
光一個	10
邊角料	10
合埋一齊去	10
臭錢	10
燈絲	10
死嘞	10
自有公論	10
眼觀四面	10
學神	10
問津	10
福頭	10
返唔返	10
權變	10
放毒蛇	10
行車線	10
打開方式	10
藍地	10
德才兼備	10
刮地皮	10
契家佬	10
多勞多得	10
驚到面青	10
平菇	10
井頭	10
日後好相見	10
知人善用	10
毅然決然	10
小不忍則亂大謀	10
早市	10
極限運動	10
過河拆橋	10
淺見	10
屍僵	10
便宜貨	10
大安旨意	10
賞心樂事	10
生骨大頭菜	10
瞓身	10
唱對台戲	10
夠嚟	10
畀我睇	10
慎防	10
嫖賭飲蕩吹	10
不容有失	10
證件相	10
脆脆哋	10
借重	10
總機	10
中央空調	10
車資	10
兔死狐悲	10
哩啦	10
大種	10
引蛇出洞	10
拐彎處	10
彩鈴	10
腰心腰肺	10
副標題	10
雙性戀	10
豈肯	10
靡	10
打算出去	10
後味	10
天時熱	10
恪守	10
饈	10
柴魚	10
順治帝	10
一言堂	10
情同骨肉	10
花僆仔	10
不正當競爭	10
輻	10
交通線	10
唔聽笛	10
十畝田	10
浪子回頭金不換	10
天地線	10
範本	10
三歲定八十	10
逼車	10
鼓氣	10
為人所知	10
十冤九仇	10
回佣	10
草魚	10
函件	10
隔籬班	10
打簿	10
審定	10
稚嫩	10
法令紋	10
人盡可夫	10
爽約	10
吹口琴	10
宇宙空間	10
七夕節	10
月支	10
排頭兵	10
諾貝爾和平獎	10
冰片	10
咧氣	10
為乜事幹	10
長貧難顧	10
手多	10
揼開	10
訓練有素	10
無情力	10
紅薯粉	10
英明果斷	10
蹣跚	10
講鬼話	10
伊利亞特	10
唔教人	10
樟	10
扯皮條	10
臍	10
限時限刻	10
灶君	10
知衰	10
引火燒身	10
沐足	10
上有老下有小	10
檸檬樹	10
呼來喝去	10
唐貓	10
思情	10
唔彈	10
泥氹	10
祖傳秘方	10
豺	10
你講乜啊	10
依歸	10
暗探	10
佇立	10
花心大蘿蔔	10
你醒下	10
姨夫	10
婊	10
計你話	10
金筆	10
一望無邊	10
聖像	10
丑角	10
但求無過	10
走甩雞	10
財不可露眼	10
無神論	10
預咗啦	10
快快手	10
魚膠	10
狂人日記	10
戲迷	10
圖文並茂	10
常任	10
悔恨交加	10
清寒	10
眩	10
見者有份	10
白滑	10
肉泥	10
趁手	10
入閘啦	10
大陸性	10
蝦子面	10
我知點做	10
蠶繭	10
潮州佬	10
湮滅	10
死忍	10
死因裁判官	10
戲言	10
貼吧	10
齊射	10
脱稿	10
火箭筒	10
轉職	10
散彈	10
過下癮	10
道不同不相為謀	10
鬼畫符	10
屈喺屋企	10
開位	10
左擁右抱	10
暗轉	10
趁便	10
哩哩啦啦	10
嘜頭	10
回旋	10
面面俱圓	10
眼都凸	10
學生妹	10
施教	10
鋤草	10
開學典禮	10
皺褶	10
咪吵	10
本願	10
後會無期	10
荒年	10
拍枱拍凳	10
打暑期工	10
嘶鳴	10
影線	10
枯骨	10
鬼天氣	10
佢唔會嘅	10
臼	10
抄書	10
食懵咗	10
皺着	10
故作姿態	10
箭豬	10
時鐘酒店	10
筆劃	10
囂張氣焰	10
山坑水	10
勻速	10
乾水	10
蝴	10
夠你用	10
小事一樁	10
罰球	10
你部機	10
精人出口	10
中西醫結合	10
曲徑通幽	10
手掣	10
銀葉	10
嬈	10
加把嘴	10
阿瑪尼	10
鉚釘	10
焦糖燉蛋	10
瀛	10
打書釘	10
咩姿勢	10
污糟衫	10
和平條約	10
馬季	10
一般而言	10
跟隊	10
太少人	10
外來語	10
出沒無常	10
禾草	10
馬標	10
門柄	10
夢魘	10
衰衰哋	10
三十二相	10
一個餅印	10
燈號	10
臨危受命	10
層層包圍	10
我睡不着	10
繩結	10
心律	10
八仙嶺	10
蕩嚟蕩去	10
揾你去	10
物一世	10
車我去	10
打圓場	10
輕裝前進	10
大浪灣	10
叢書	10
偌大	10
受創	10
乜料	10
褶	10
笨實	10
相濡以沫	10
鴨腎	10
垂釣	10
聘金	10
表面現象	10
另有企圖	10
搦走	10
加號	10
雍和宮	10
精悍	10
登台表演	10
抽税	10
兢	10
市政局	10
合口	10
脈管	10
批改	10
苦瓜湯	10
查獲	10
絲棉	10
假天花	10
咩野	10
耳語	10
臭氧	10
劊	10
蟹蓋	10
書中自有顏如玉	10
左右逢源	10
戰火紛飛	10
遠遠望去	10
糧食作物	10
摔角	10
一號風球	10
謝絕	10
冒雨	10
白撞	10
公決	10
先後順序	10
餓鬼投胎	10
不足掛齒	10
少間	10
翻車魚	10
夯	10
植物生長	10
關心別人	10
配合默契	10
樂而忘返	10
發端	10
認得我嗎	10
水斗	10
換湯唔換藥	10
揉碎	10
下圍	10
審犯	10
明晚	10
瞰	10
貴妃醉酒	10
孝經	10
棉袍	10
自虐	10
跑山	10
瞓返覺	10
餐懵	10
眾口一詞	10
接線生	10
保送	10
鴛鴦鍋	10
深談	10
進賬	10
儲備糧	10
邪不勝正	10
魚刺	10
唔上網	10
流唔出	10
澤國	10
貴姓名	10
排尿	10
婭	10
出去蒲	10
打結	10
腳踏兩條船	10
裝訂	10
跳船	10
結單	10
此言差矣	10
輕機關槍	10
代行	10
拐彎抹角	10
格陵蘭	10
托手踭	10
家和萬事興	10
主宰者	10
乞人	10
重加	10
布封	10
掛旗	10
善始善終	10
絕緣	10
脊柱	10
催命符	10
汛期	10
全餐	10
軍樂	10
新聞工作者	10
通商條約	10
校風	10
先知咩	10
鱸	10
周穆王	10
牙齒痕	10
呢門課	10
麻雀館	10
買辦	10
國家地理雜誌	10
叛賊	10
打趣	10
巒	10
船頭尺	10
道高一尺	10
波圖	10
臉紅	10
大調	10
炸魚皮	10
月琴	10
喜笑	10
流光溢彩	10
差餉	10
成個幾鐘	10
命盤	10
十居其九	10
唔湯唔水	10
弗吉尼亞	10
威爾斯親王	10
滑潺潺	10
兩個轆	10
藐嘴	10
攪屎棍	10
仰卧	10
雷雲	10
講畀佢聽	10
椅墊	10
神憎鬼厭	10
四三八	10
外袍	10
牙帶	10
唔理我㗎	10
跟唱	10
骨灰龕	10
竣工	10
緊盯	10
梯形	10
乳牛	10
灌救	10
乘法	10
聳肩	10
農忙	10
坑腩	10
枉作小人	10
野火燒不盡	10
不可挽回	10
汾河	10
仙居	10
跚	10
冇鞋着	10
羅拔	10
自動售賣機	10
居心何在	10
廉航	10
排骨仔	10
旅行結婚	10
賢良淑德	10
拋射	10
究竟問	10
老鳥	10
葉振邦	10
有乜意義	10
甜粥	10
村委會	10
破涕為笑	10
樹莓	10
萬字夾	10
陋習	10
護着	10
勸教	10
搶戲	10
搞錢	10
魚目混珠	10
兜生意	10
妄語	10
大夥兒	10
立方體	10
又上又落	10
鄉下婆	10
指天篤地	10
波樓	10
插件	10
咫尺	10
吟詠	10
畫唔到	10
有錢能使鬼推磨	10
霏	10
踩線	10
文句	10
安如泰山	10
暗傷	10
荒土	10
壓歲錢	10
太俗	10
扶危濟困	10
課外書	10
墟場	10
燈芯絨	10
醋酸	10
係咪傻咗	10
五味子	10
勢能	10
添飯	10
肉感	10
踩低人哋	10
炸雲吞	10
保健操	10
倒空	10
神道教	10
化妝舞會	10
偽善	10
死婆	10
普通法	10
如膠似漆	10
親自掛帥	10
自由泳	10
拋磚	10
俗事	10
拐角	10
馬灣	10
肥水不流別人田	9
呵斥	9
寒冬臘月	9
兩溝	9
出番啖氣	9
腦炎	9
怕蝕底	9
落花有意	9
頒授	9
嗌分手	9
辦貨	9
口沒遮攔	9
二就二	9
綿薄	9
阻你一陣	9
新寵	9
抗禦	9
軟肋	9
凋敝	9
油腔滑調	9
打雪仗	9
開門七件事	9
施襲	9
覲見	9
轉背	9
瀨粉	9
指稱	9
故事片	9
資本主義社會	9
古董車	9
捉黃腳雞	9
黃腳雞	9
報大數	9
頁數	9
沒勁	9
見真章	9
漉	9
點對點	9
前怕狼後怕虎	9
飲水飽	9
家變	9
天涯何處無芳草	9
真格	9
七分褲	9
咁鬼多人	9
丟淡	9
融和	9
起機	9
好牽強	9
地下情	9
放一日	9
去乜	9
鱷魚潭	9
鼠目寸光	9
一字不提	9
秘聞	9
外幣存款	9
黃桃	9
上軌道	9
暗礁	9
揞住嘴笑	9
水抱	9
真點	9
總的來説	9
指天督地	9
母乳餵養	9
十字軍東征	9
小屁孩	9
雷雨交加	9
澳門特別行政區	9
立憲政體	9
瀟灑自如	9
鴛	9
鳳毛麟角	9
補地價	9
綠蔭	9
策畫	9
勝讀十年書	9
收喺邊度	9
急屎	9
偷步	9
不飽和脂肪酸	9
又要威	9
磁盤	9
吞拿	9
霑	9
普通民眾	9
刪去	9
憂思	9
凸出	9
一匹布	9
蜂王漿	9
教改	9
比上不足比下有餘	9
南杏	9
雲呢拿	9
凍滾水	9
完全可能	9
擒青	9
如醉如痴	9
山旮旯	9
冇啩	9
大相逕庭	9
挑三揀四	9
綠茶婊	9
候診室	9
囲	9
不勝枚舉	9
好衣食	9
臂膀	9
無產階級革命	9
唔啱傾	9
頤養天年	9
爹啲	9
如數家珍	9
你走得啦	9
民粹主義	9
接駁巴士	9
聽隨	9
鶉	9
我有嘢做	9
街數	9
寫單	9
油渣	9
簣	9
大樹菠蘿	9
西客	9
小小事	9
好市	9
傳呼	9
幾經周折	9
撈起咗	9
好塞	9
絲綿	9
東西方文化	9
雷霆萬鈞	9
半生熟	9
掹斷咗	9
無主孤魂	9
表個態	9
手令	9
敗血	9
用之不竭	9
甴	9
潤色	9
揚長避短	9
大棚人	9
截稿	9
山高水遠	9
掛彩	9
絞肉機	9
數量級	9
捨近求遠	9
鳥窩	9
真係巴閉	9
此地無銀三百兩	9
注音符號	9
喺邊啊你	9
居民點	9
髮膠	9
頻譜	9
大眼仔	9
白雪皚皚	9
西洋參	9
鎊	9
要端	9
正字	9
孖公仔	9
學究	9
賄款	9
造謠生事	9
行獵	9
無差別	9
熱到死	9
飽死	9
分針	9
省略號	9
五線譜	9
憤激	9
婦人之仁	9
壬	9
天字第一號	9
上近	9
翎	9
奉節	9
檔口啊	9
上列	9
手工菜	9
隅	9
聽者有心	9
白皮書	9
椰王	9
洞子	9
豐胸	9
賀卡	9
倒掛金鈎	9
拖馬	9
餅印	9
老銀	9
痴纏	9
及時處理	9
唐話	9
漸趨	9
自立自強	9
提詞	9
急件	9
傷風敗俗	9
詮	9
彎度	9
單機	9
諸事八卦	9
宏願	9
続	9
告票	9
劈右	9
水平面	9
盲中中	9
金秋	9
唔小氣	9
國際象棋	9
棉絮	9
空氣動力	9
魚柳包	9
將功補過	9
時來運轉	9
仙人球	9
斷食	9
廿幾歲仔	9
太空飛船	9
盲腸	9
呼和浩特	9
冷暖自知	9
養唔熟	9
擺祭	9
訪求	9
癲癲地	9
八面威風	9
樣衰衰	9
好易話為	9
新城電台	9
大得滯	9
疊埋心水	9
主語	9
公測	9
順延	9
周末	9
泥瓦匠	9
太得閒	9
探奇	9
瘍	9
便利性	9
角球	9
太唔瞭解	9
閒言碎語	9
走火通道	9
油氈	9
奉子成婚	9
掂行掂過	9
海椒	9
交吉	9
趴低咗	9
計程車	9
姑奶	9
六藝	9
一去冇回頭	9
久聞大名	9
甩尾	9
軟盤	9
毀謗	9
村公所	9
馬照跑	9
眼角高	9
債台高築	9
警世	9
加油添醋	9
殘陽	9
殷紅	9
井欄	9
廚櫃	9
強將手下無弱兵	9
上有政策	9
下有對策	9
一手遮天	9
侈	9
大聲夾惡	9
信口雌黃	9
亂籠	9
爬到咁高	9
教精	9
不肥不瘦	9
揸頸	9
近水樓台先得月	9
仲兼	9
城郭	9
高名	9
人道毀滅	9
臨湖	9
趁你病	9
掘井	9
不堪入耳	9
詞庫	9
悶到死	9
門柱	9
點下贊	9
企埋邊	9
學藝未精	9
工衣	9
如非必要	9
精神性	9
髒髒	9
矮得得	9
行咗下	9
度叔	9
娘親	9
撞色	9
基礎教育	9
唔聽電話	9
兩頭唔到岸	9
起身了	9
非富即貴	9
特賣	9
衫尾	9
發吽逗	9
咪摸	9
亂離	9
冇嘢賣	9
毫釐	9
臭名昭著	9
批語	9
昏天黑地	9
睇微博	9
雅魯藏布江	9
燈箱	9
聲淚俱下	9
萬大事	9
劣性	9
早時	9
決勝千里之外	9
死場	9
尋人啓事	9
自細玩大	9
上倉	9
卡板	9
勘探隊	9
黃花崗七十二烈士	9
西廚	9
木釘	9
禍福與共	9
分類廣告	9
冤住	9
句讀	9
福至心靈	9
急人之難	9
刻寫	9
毽	9
盡人事	9
粗製	9
養老送終	9
止瀉	9
氣鼓鼓	9
待薄	9
短波	9
順風耳	9
芒種	9
食風	9
電氣化	9
飛吻	9
怪石嶙峋	9
去坐地鐵	9
揾返嚟	9
四喜	9
徹夜不眠	9
嫁裝	9
損手	9
轉臉	9
討好自己	9
撰稿	9
打工妹	9
淨只	9
千揀萬揀	9
倒轉頭	9
星洲	9
放冷箭	9
出街買嘢	9
驀然回首	9
審計署	9
掉色	9
修築	9
巴巴閉閉	9
悍勇	9
小犬	9
站頭	9
紅白藍膠袋	9
不問自取	9
嶇	9
道瓊斯指數	9
的姐	9
矩形	9
滾蛋	9
虎媽	9
演算法	9
唔好嗌交	9
殷切	9
輕輕哋	9
対	9
一寸光陰一寸金	9
啤啤佢	9
好漢不吃眼前虧	9
誰輕輕	9
泥胎	9
牙周病	9
實驗學校	9
歷下	9
簡單明瞭	9
友邦	9
光芒萬丈	9
珍而重之	9
朱厚照	9
不苟	9
嚯	9
吊帶裙	9
精乖	9
睇面色	9
釘牌	9
哪怕冇柴燒	9
死死實實	9
火腩	9
強差人意	9
利國利民	9
辱華	9
死女包	9
競選活動	9
錄音筆	9
鹹鹹地	9
逼債	9
吳語	9
排卵	9
桃園三結義	9
季後風	9
各自修行	9
羈絆	9
印度佬	9
彈牀	9
捐窿捐罅	9
翻舊賬	9
筆友	9
打野戰	9
水球	9
捱時間	9
的式	9
正片	9
京葱	9
價高者得	9
食醋	9
仔乸	9
紅衫魚	9
墾荒	9
簡寫	9
心口如一	9
掹實	9
八房	9
無啦啦講	9
帆船仔	9
腳頭唔好	9
原封	9
百靈鳥	9
豬乸菜	9
心息	9
真確	9
實穩	9
猜謎	9
六日一	9
趁佢病	9
通訊社	9
連根拔	9
冧樓	9
茶檔	9
過山風	9
遠不遠	9
逼死人	9
頂輪	9
鵝毛大雪	9
理數	9
投中	9
言傳身教	9
補考	9
走馬看花	9
歸納法	9
攞彩	9
標題黨	9
鄉郊	9
福士	9
薪俸	9
試衣間	9
氧化劑	9
今朝有酒今朝醉	9
和果子	9
玉枕	9
才華蓋世	9
蘋	9
涇	9
小蜜	9
濾過	9
吉人天相	9
揾你咯	9
仵作佬	9
趕頭趕命	9
拉把	9
唔知個醜字點寫	9
貨梯	9
首席大法官	9
萼	9
路人皆知	9
退一步海闊天空	9
表姑媽	9
動魄	9
鑣	9
現代戰爭	9
洗底	9
季前賽	9
穿咗窿	9
金台	9
橫又死掂又死	9
半天吊	9
放幾日假	9
硬住硬住	9
好話為	9
礦務局	9
施救	9
房署	9
奇醜無比	9
現職	9
年老色衰	9
倒換	9
眼濛濛	9
駁通	9
眼風	9
貓奴	9
霧狀	9
排斥我	9
掹掹緊	9
惚	9
唞幾日	9
逃獄	9
般配	9
生氣勃勃	9
煮糖水	9
有呢回事	9
蹊徑	9
爭一日之長短	9
此日期前最佳	9
貽笑大方	9
黑麪包	9
政改	9
蒲飛	9
反義	9
敞篷	9
新文化運動	9
體毛	9
易卜生	9
學下人哋	9
通風報訊	9
情侶裝	9
吃不消	9
共樂	9
祭器	9
手背又係肉	9
起鑊	9
條野	9
水客	9
以暴制暴	9
莫教人分妻	9
大菜糕	9
由盛轉衰	9
負評	9
直通巴士	9
闊氣	9
清清哋	9
武器彈藥	9
摸熟	9
泛着	9
成列	9
字根	9
南拳	9
鹽鹼	9
畀你食	9
保你大	9
有冇嘢食	9
倉邊	9
妹豬	9
拖帶	9
訃告	9
委屈求全	9
裁軍	9
一粒色	9
整瓜佢	9
憤青	9
字樓	9
忠孝不能兩全	9
隨大流	9
奇花異果	9
導讀	9
步子	9
調包	9
波平如鏡	9
弊弊都冇咁弊	9
複查	9
擺唔低	9
穩打穩紮	9
教職	9
八字唔夾	9
立身處世	9
早中晚	9
續租	9
巴拿馬運河	9
裝傻扮懵	9
敗北	9
二奶仔	9
口多多	9
你個邊	9
老朋	9
歇宿	9
郴	9
空窗期	9
將信將疑	9
姦	9
定咗未	9
鷯哥	9
反社會行為	9
偏廢	9
大日本帝國	9
艾菲爾鐵塔	9
癥	9
馬太效應	9
走堂	9
説客	9
舉債	9
送機	9
家爺仔乸	9
巖層	9
驢車	9
慳位	9
搖搖岌岌	9
倭人	9
隨筆	9
扯氣	9
擠提	9
賭啫	9
買紙	9
見識淺	9
垃圾蟲	9
兜風耳	9
硬照	9
笑容可掬	9
帶板	9
撞鬼咩	9
根鬚	9
逞英雄	9
背景知識	9
橫徵暴斂	9
收驚	9
打小報告	9
跎	9
鋪展	9
在所不計	9
命運註定	9
擡槓	9
是可忍孰不可忍	9
平舌音	9
病號	9
人比人	9
抽氣	9
淺陋	9
報案中心	9
兩可	9
死肥豬	9
瀏海	9
撞聾	9
鴉片貿易	9
帶手信	9
追想	9
旋轉餐廳	9
長記性	9
透薄	9
嘈閉閉	9
皿	9
暈船浪	9
家畜	9
血栓	9
小小心意	9
塞內加爾	9
否定詞	9
肆意妄為	9
手鬆	9
碳排放量	9
跑龍套	9
抄近	9
夢幻泡影	9
冇得查	9
幾多點鐘	9
擺明車馬	9
引號	9
涼皮	9
制水	9
活色生香	9
躁狂	9
老柴	9
喊驚	9
週身	9
限令	9
樞密院	9
硬板	9
陰部	9
時宜	9
景深	9
生態農業	9
半堂	9
索帶	9
皓月當空	9
啲啄	9
條目	9
輕妙	9
克萊斯勒	9
隆重其事	9
切點	9
影響健康	9
嘩啦一聲	9
畏畏縮縮	9
靈塔	9
子宮肌瘤	9
知人知面不知心	9
木柴堆	9
採青	9
唐山大地震	9
完全感	9
識飲識食	9
事實擺在眼前	9
喇叭花	9
欲速則不達	9
運輸帶	9
舊嘅唔去	9
傳為佳話	9
唔製	9
梳妝盒	9
變速	9
點豉油	9
斯文敗類	9
精神財富	9
奉系	9
唇印	9
完好如初	9
稈	9
錯別字	9
你瞓先	9
老散	9
咁多手	9
搞女人	9
速寫	9
尖石	9
滿腔熱情	9
條條大路通羅馬	9
凍齡	9
閃點	9
帶眼	9
普賢菩薩	9
不惜一戰	9
星途	9
儻	9
山雨欲來	9
竹籬笆	9
貫徹始終	9
搭緊車	9
冬藏	9
是咪	9
失失慌	9
小扁豆	9
御旨	9
驚天地泣鬼神	9
毗鄰	9
細姑	9
撲水	9
心思細密	9
上咗網	9
錄取通知書	9
分判	9
適切	9
鹹肉粽	9
清田	9
事頭婆	9
抱恙	9
省到立立令	9
公務員事務局	9
回電話	9
縮頭龜	9
涉世	9
叉子	9
拍發	9
相媲美	9
五二三	9
無祿	9
稱雄	9
花哨	9
社會民主黨	9
大癲大廢	9
陽奉陰違	9
放寒假	9
瑛	9
黑哨	9
威化餅	9
布什	9
爆響口	9
出言不遜	9
電視觀眾	9
災劫	9
聘書	9
偽鈔	9
推三阻四	9
暗箭傷人	9
束帶	9
遠光燈	9
家徒四壁	9
直來直去	9
苯	9
整齊劃一	9
喧賓奪主	9
慳慳埋埋	9
絞刑	9
通天徹地	9
長命功夫	9
絕版	9
人心不足蛇吞象	9
耳濡目染	9
布冧	9
彪炳	9
錶面	9
轉聲	9
闡	9
鬥下氣	9
臭名遠播	9
禿子	9
吐字	9
格林威治	9
本傑明	9
風喉	9
神又係佢	9
徵發	9
綱要	9
復闢	9
問鼎中原	9
鋪草皮	9
內心戲	9
閉門造車	9
哈欠	9
生吞活剝	9
口淡	9
束緊	9
點鬼火	9
上莊	9
熟水	9
嚇死人咩	9
兜篤將軍	9
附設	9
筏	9
簽單	9
有價講	9
太老爺	9
長釘	9
船政學堂	9
籤卡	9
蓋碗	9
厚德載物	9
全球氣候變暖	9
中彩	9
鏘	9
平頭百姓	9
且看	9
百事可樂	9
射精	9
詭詐	9
如隔三秋	9
情人眼裏出西施	9
流水席	9
老人病	9
蜜月期	9
達芬奇密碼	9
學養	9
滿洲語	9
費事問	9
一鑊粥	9
禪心	9
渾身上下	9
糖不甩	9
青竹蛇	9
三腳兩步	9
萬寶路	9
打定底	9
羅漢牀	9
夫復何求	9
新牌仔	9
縮窄	9
報人	9
唔好老脾	9
仲未玩夠	9
暴殄天物	9
預演	9
龍躉	9
癲癇症	9
迷信活動	9
沙展	9
醛	9
差婆	9
撚	9
內頁	9
供書教學	9
幾更	9
發財致富	9
緞布	9
倜	9
納妾	9
近戰	9
盎	9
轉發到	9
不問青紅皂白	9
黃賭毒	9
寒涼嘢	9
唔使你理	9
三九唔識七	9
橙紅	9
潤腸通便	9
加倫	9
作夢	9
浮土	9
自發粉	9
售貨	9
增廣	9
軟包	9
復元	9
着紅鞋	9
暗啞	9
內出血	9
病原體	9
路環	9
生機盎然	9
玩唔起	9
亂臣	9
迭起	9
洋火	9
夠期	9
免息	9
繫泊	9
放開啲	9
蟹膏	9
亂食嘢	9
秘藏	9
人老啦	9
枝節	9
等天收	9
高追	9
椰肉	9
批唔批	9
豬橫脷	9
痴漢	9
堂家姐	9
拋眉眼	9
你到邊	9
邊有咁大隻蛤乸隨街跳	9
培養皿	9
粥粉面飯	9
爆表	9
袖珍	9
撞到應	9
淚腺	9
空乘	9
抽氣扇	9
號數	9
一忍再忍	9
冇事冇幹	9
難登大雅之堂	9
三月二十一號	9
揾鬼	9
駕輕就熟	9
盧溝橋事變	9
太空垃圾	9
帕斯卡	9
玩話	9
譯為	9
刮腳	9
吸金	9
筆山	9
返工啊	9
危重病人	9
禁慾	9
旁述	9
哥記	9
磁力共振	9
薔薇花	9
講耶穌	9
除法	9
斜面	9
喜從天降	9
大祠堂	9
橋手	9
痴痴哋	9
無論點好	9
沽名釣譽	9
女優	9
請槍	9
外來媳婦	9
身在福中不知福	9
健兒	9
兵頭	9
國皇	9
免税額	9
大鑼大鼓	9
無聊賴	9
歡迎會	9
炒雞蛋	9
人有旦夕禍福	9
瑜伽墊	9
翻卷	9
教育大學	9
柱體	9
剛愎自用	9
我肚痛	9
動粗	9
蹴	9
收火	9
內袋	9
酬賓	9
當時得令	9
植物類	9
擦亮眼睛	9
菠蘿冰	9
攝錄	9
今日好凍	9
注意看	9
黃花崗起義	9
四則	9
顏色筆	9
岸然	9
禁足	9
名花有主	9
冇囉	9
散風	9
酸嘢	9
講口齒	9
周瑜打黃蓋	9
冇腰骨	9
豪富	9
無頭公案	9
尾燈	9
仙遊	9
格魯吉亞	9
好怪誕	9
不足為怪	9
金錢肚	9
咁口硬	9
發射站	9
滯銷	9
做事先	9
發雞瘟	9
魔高一丈	9
快慰	9
幾咁閒	9
滕王閣	9
抵頸唔住	9
融會	9
縱橫馳騁	9
大食懶	9
住宅樓	9
維吾爾	9
對面海	9
獨木不成林	9
腳仔軟	9
你嘅藥	9
報税	9
罹患	9
霧燈	9
睇住睇住	9
呢滴	9
草花頭	9
戰鬥格	9
乜滯	9
複印機	9
貝葉	9
總攬	9
不景	9
飛針走線	9
真知灼見	9
溜溜球	9
望梅止渴	9
雷聲大	9
空心菜	9
發球	9
全男	9
襟兄弟	9
順位	9
雙行	9
狗餅	9
至緊	9
奶酥	9
坐夜	9
還拖	9
勾欄	9
靜脈曲張	9
水輪	9
代母	9
砂煲	9
隱修	9
拔苗助長	9
出術	9
乾巴巴	9
藏獒	9
攞着數	9
霸王硬上弓	9
斬料	9
娃娃菜	9
人死如燈滅	9
耍小聰明	9
通爽	9
自信啲	9
肉眼扒	9
藍屍	9
借問一聲	9
作福	9
眼毛	9
滾邊	9
姊妹篇	9
喐喐下	9
脱繮	9
陪侍	9
會議展覽	9
白欖	9
嫩綠	9
久已	9
蜕	9
瞠目結舌	9
改緊	9
按捺	9
發榜	9
抒情詩	9
二十四史	9
天人感應	9
梢頭	9
沒心沒肺	9
乳糖	9
勸和	9
飛站	9
有定冇	9
超人迪加	9
消渴	9
着然	9
眾怒	9
爛身爛勢	9
喝涼茶	9
私刑	9
柳絮	9
行住佢	9
生活資料	9
豬仔包	9
補税	9
搏懵	9
螺號	9
碳原子	9
愛巢	9
調號	9
百褶裙	9
牙痛咁聲	9
上下一致	9
路氹	9
揾笨	9
車震	9
一日三秋	9
桃花眼	9
烙餅	9
喪亂	9
面面俱到	9
你條毛	9
一體兩面	9
聯招	9
氣勢凌人	9
叫花子	9
吝	9
扮英雄	9
事必躬親	9
滿打滿算	9
帆布袋	9
濕濕碎碎	9
畜牲	9
試身	9
天女散花	9
嗌嘢食	9
門徑	9
汽水機	9
你嚟先	9
新廣州人	9
駱賓王	9
吊起嚟賣	9
笑到肚都攣	9
有約在先	9
火筒	9
明膠	9
五營	9
骨感	9
賣旗	9
蚊都瞓啦	9
老廟	9
牛皮膠紙	9
橫邊	9
唔留情面	9
恐龍骨	9
官立	9
嬌慣	8
攞假	8
屎片	8
強使	8
生物界	8
小轎車	8
諗緊咩啊	8
短訊	8
揾緊佢	8
結舌	8
數詞	8
雷霆萬鈞之勢	8
睇乜鬼	8
次名	8
歡樂時光	8
可調	8
上落客	8
記錄片	8
當佢冇到	8
法衣	8
碎濕濕	8
入境事務處	8
督學	8
日本刀	8
民政事務局	8
格仔餅	8
派報紙	8
大廈將傾	8
唔標	8
原平	8
大專生	8
多樹木	8
搔	8
外協	8
反腐倡廉	8
開筆	8
鈦	8
謀私	8
羊肉煲	8
經年累月	8
佛家弟子	8
威水史	8
飛抵	8
駁口	8
行運行到腳趾公	8
科興	8
挑燈夜讀	8
活字	8
熱望	8
藥物學家	8
直板	8
已讀不回	8
企缸	8
新屋入夥	8
男兒有淚不輕彈	8
朝局	8
下有蘇杭	8
路由器	8
減幅	8
打蠟	8
獵頭公司	8
回收箱	8
敍舊	8
玻璃水	8
揸住時機	8
悉數	8
一家便宜兩家着	8
當堂窒住	8
鯧魚	8
良藥苦口	8
水流柴	8
大小不等	8
嬉皮士	8
生番	8
拙劣	8
杜絕後患	8
樹杈	8
暴虐	8
檐下	8
調酒師	8
曬月光	8
厚此薄彼	8
圍爐	8
大滅絕	8
週長	8
我有排	8
你出發	8
調解員	8
打光棍	8
細馬	8
在此之後	8
飲完嘢	8
造人	8
乜時候	8
一大抽	8
萬有引力定律	8
不惜血本	8
薈	8
徹夜難眠	8
激到爆	8
裹挾	8
生保	8
良心話	8
偷閒	8
趙六	8
婉拒	8
煤灰	8
食水深	8
潮汕菜	8
神志昏迷	8
做票	8
能工巧匠	8
有禍同當	8
鬥走	8
終審法院	8
池魚	8
一級方程式	8
區域法院	8
低低哋	8
自不量力	8
寒背	8
散修修	8
攞嚟睇睇	8
所羅門羣島	8
晨七咁早	8
教導有方	8
兔仔跳	8
黑匣子	8
傷寒病	8
零亂	8
觀火	8
阿飄	8
聽唔切	8
墓坑	8
親家奶奶	8
小蝦米	8
躬行	8
超聲	8
嗩	8
取其精華	8
民脂民膏	8
背語	8
裏應外合	8
七年級	8
跑數	8
控股公司	8
滋滋悠悠	8
口湖	8
查收	8
鍵盤戰士	8
主軸	8
兩條褲	8
施展才華	8
小考	8
不告而別	8
繡花枕頭	8
包生仔	8
出事㗎嘛	8
行開行埋	8
錢小豪	8
校刊	8
起角	8
開放日	8
兩次熟	8
重光	8
大食會	8
好冇心機	8
香火不絕	8
無極限	8
開綠燈	8
牧歌	8
尋晚夜	8
佈道	8
綠表	8
平安紙	8
發件人	8
木門對木門	8
有前有後	8
剖腹	8
悶悶地	8
衢	8
神諭	8
大理白族自治州	8
鴨屎綠	8
開肚	8
病君	8
概述	8
恃勢欺人	8
跌咗嘢	8
因循守舊	8
熟菜	8
肪	8
撥浪鼓	8
掘土	8
稀客	8
揾乜嘢	8
佛光普照	8
白卡	8
事假	8
翻跟斗	8
直通巴	8
黑吃黑	8
文面	8
大煞風景	8
海頓	8
四體	8
有條紋	8
有冇收到	8
定閲	8
鷓	8
從速	8
眷念	8
看做	8
可怖	8
上馬石	8
姨媽姑爹	8
潢	8
五小辣	8
十小辣	8
品格高尚	8
切成絲	8
我前度	8
實食冇黐牙	8
駝背佬	8
追思會	8
竹笙	8
飲大咗兩杯	8
食咗火藥	8
油多	8
水瓜打狗	8
回南	8
烊	8
咆哮如雷	8
拿渣	8
夏爾巴人	8
粉墨登場	8
推脱	8
囚籠	8
拔毒	8
底端	8
輕捷	8
關愛座	8
苺	8
柴米油鹽醬醋茶	8
太史令	8
勾聯	8
橄	8
尿頻	8
令和	8
光氣	8
至多唔係	8
獲贈	8
黑沙海灘	8
搏老命	8
科文	8
抖氣	8
細牀	8
洋將	8
得勢不饒人	8
前程萬里	8
我幾時變	8
車條	8
幾係㗎	8
民調	8
男歡女愛	8
套馬	8
搖船	8
扶搖直上	8
青嗶嗶	8
下層社會	8
腳指	8
侍仔	8
冇陰功咯	8
鮑魚刷	8
激心	8
呃秤	8
跪叩	8
花多眼亂	8
跛腳佬	8
鬼都怕	8
廣傳	8
打落水狗	8
夠喉	8
總代理	8
先禮而後兵	8
打鐵趁熱	8
搞咁多小	8
懵懵地	8
渡頭	8
努力不懈	8
抱佛腳	8
瞓覺啦你	8
照版煮碗	8
挑通眼眉	8
閏月	8
國民黨軍隊	8
平排	8
記憶體	8
氣息奄奄	8
明宣宗	8
釣魚島	8
淺窄	8
另加	8
跌蕩	8
醉鬼	8
醍醐灌頂	8
元世祖	8
黑雨	8
只要有恆心	8
睇得過	8
口譯	8
補釘	8
對襯	8
呢張呢	8
沙灣區	8
親如一家	8
迷迷懵懵	8
魚欄	8
節錄	8
風靡一時	8
皇儲	8
玉如意	8
主治醫師	8
結他	8
自摸	8
阻頭阻勢	8
綠豆糖水	8
呢便	8
土豬	8
攝石	8
軟殼蟹	8
蓄謀	8
擔起佢	8
賠笑	8
乳膠	8
鶴立雞羣	8
鳥槍	8
一清早	8
新貴族	8
單程路	8
戀童	8
蘿蔔青菜	8
擀	8
海碗	8
渚	8
壽星公吊頸	8
有朋自遠方來	8
慘慘豬	8
矇混	8
違憲	8
賤種	8
豐裕	8
械劫	8
靄	8
馬到功成	8
撈家	8
外借	8
砵仔糕	8
沾污	8
地線	8
吊鹽水	8
泥工	8
強壓怒火	8
檢定	8
形象大使	8
長知識	8
墮後	8
爛仔交	8
沙魚	8
戰鬥羣	8
暈浪	8
下議院	8
豆腐渣	8
梅花拳	8
醜唔醜㗎	8
咪嘈住	8
平行時空	8
冰期	8
追記	8
插把嘴	8
粗製濫造	8
卸載	8
肛	8
身同感受	8
笠高帽	8
巧匠	8
宿生	8
剝鞋	8
為你鍾情	8
千里之行	8
非賣品	8
魷魚絲	8
斯洛伐克	8
疑問代詞	8
車埋你	8
喜馬拉雅山脈	8
向心力	8
豪華轎車	8
呼倫貝爾草原	8
走索	8
行軍禮	8
戲假情真	8
鴨脷洲	8
樹墩	8
沼氣	8
身紀	8
好鬼衰	8
鬼又係佢	8
青菜豆腐	8
行不更名	8
沉降	8
有錢使得鬼推磨	8
筍工	8
講起又講	8
不假思索	8
桂花魚	8
淡泊	8
挑燈夜戰	8
天賜良緣	8
我唔笑	8
熟女	8
白糖糕	8
穩婆	8
豐饒	8
紅盤	8
党	8
任劍輝	8
重慶火鍋	8
釐定	8
孤軍奮戰	8
謔	8
熱香餅	8
有點慢	8
安心上路	8
照燒	8
不是冤家不聚頭	8
上鍊	8
火酒	8
親緣	8
筒子	8
算不得	8
士多房	8
摹	8
類人猿	8
心頭高	8
下龍灣	8
長相思	8
一段仔	8
簡本	8
蓬萊仙境	8
畫軸	8
而家返	8
一身是膽	8
鹹帶	8
石榴花	8
外蒙古	8
數量詞	8
變異株	8
毒力	8
英雄無用武之地	8
花面貓	8
蕩下蕩下	8
嘀嗒	8
撞手神	8
票倉	8
冰河期	8
司馬昭之心	8
大頸泡	8
咁遲先嚟	8
浴血苦戰	8
後坐	8
食過夜粥	8
性狀	8
好手腳	8
著急	8
守將	8
茬	8
釣鈎	8
讀壞書	8
臭屎	8
多肉植物	8
扣查	8
從容不迫	8
後院起火	8
絹花	8
罵罵咧咧	8
咁大禍	8
粉飾太平	8
中中地	8
傳代	8
飛沫	8
電解質	8
我做緊嘢	8
好有米	8
劍蘭	8
幫輕	8
排水溝	8
納米比亞	8
彌勒佛	8
想買衫	8
漠河	8
奮起直追	8
生財之道	8
整幾味	8
雪飄過	8
急馳	8
過時候	8
天拿水	8
十六時	8
養份	8
啕	8
黑體輻射	8
楹	8
鹹脆花生	8
自動櫃員機	8
攜手並肩	8
趕貨	8
詞頭	8
各有所好	8
續作	8
訓令	8
火燒眉毛	8
講返轉頭	8
梳起	8
增補	8
八字腳	8
憾事	8
杆子	8
爽神	8
生石灰	8
呼機	8
造福人類	8
非一日之寒	8
露兩手	8
環流	8
自個兒	8
平叛	8
獨身主義	8
鞭屍	8
户長	8
補給線	8
特務組織	8
師從	8
平易	8
風和日暖	8
世風日下	8
埋來	8
手抓餅	8
見人講人話見鬼講鬼話	8
一朝被蛇咬	8
戴有色眼鏡	8
保安團	8
劾	8
尖沙嘴	8
弦外之音	8
行賄受賄	8
武清	8
欲善其事	8
頭耷耷眼濕濕	8
人人喊打	8
枯水期	8
互為因果	8
饑民	8
相契	8
口痕	8
敬業精神	8
清點人數	8
第幾集	8
唔係你就係我	8
小電影	8
門鐘	8
時序	8
袍服	8
南緯	8
勸勉	8
布囊	8
扭扭捏捏	8
成牀	8
兜友	8
原片	8
滿滿當當	8
顧客至上	8
瑁	8
穌	8
你身份證	8
糖痴豆	8
密實袋	8
識精	8
頂住檔	8
電子行業	8
美資	8
踎唔住	8
嗎啡	8
人文學	8
爭鳴	8
冇穿冇爛	8
我證件	8
大智若愚	8
車衫	8
衝打	8
周界	8
食晏晝	8
民族工業	8
螺仔	8
前程遠大	8
冰糕	8
磨刀石	8
西裝骨骨	8
汲取	8
城門隧道	8
架次	8
潷	8
虛位	8
得罪講句	8
蒸餃	8
支持支持	8
實數	8
出外靠朋友	8
忠言逆耳	8
刺青	8
勢成水火	8
簌	8
鹹水角	8
啲咁多嘢	8
死得未	8
米每秒	8
蹦極	8
薄紙	8
掉價	8
雄起	8
成行成市	8
嘮嘈	8
貼錯門神	8
正菜	8
有嘢就講	8
作嘔作悶	8
亮飾	8
開牀	8
殘次品	8
擔屎唔偷食	8
豆豉醬	8
為之動容	8
十兆	8
二讀	8
肉燥	8
日籍	8
犒勞	8
掛綠	8
韭黃	8
社會主義者	8
比死人	8
寸金難買寸光陰	8
周遊世界	8
鴨店	8
怕乜啫	8
菁	8
入廟拜神	8
印度薄餅	8
泡澡	8
編一個	8
回眸一笑	8
打響頭炮	8
吉卜賽人	8
土墩	8
聖母教堂	8
四開	8
如約而至	8
老鹹蟲	8
微言	8
福卡	8
連骨肉	8
調休	8
憲兵隊	8
寸斷	8
世衞組織	8
百口莫辯	8
訂户	8
流行性感冒	8
你嘅懷抱	8
鱘	8
耳道	8
牙買加	8
屢教不改	8
荀	8
燒銀紙	8
控制台	8
露筍	8
你啊媽	8
冇禮物	8
蹦迪	8
收假	8
訂定	8
青光眼	8
憑空捏造	8
借鏡	8
紙帶	8
夫添	8
頂心頂肺	8
良家女子	8
時不再來	8
打定輸數	8
銅筆	8
瞓開	8
狗繩	8
鮮明對比	8
一剔過	8
緋	8
熱脹冷縮	8
佛典	8
頭頭碰着黑	8
鹹魚翻生	8
和風細雨	8
連帶責任	8
獨輪車	8
羊水	8
錄落嚟	8
強化訓練	8
打勾	8
林沈嘢	8
山不轉水轉	8
百尺竿頭	8
瓜柴	8
當更	8
掟彎	8
三腳架	8
魔法陣	8
邊皮	8
圓咕碌	8
睇緊電影	8
出喪	8
支路	8
喏	8
貧窮落後	8
推陳出新	8
咩姐	8
不甘後人	8
清嘢	8
上訴庭	8
打假波	8
國家體委	8
迎候	8
羅城縣	8
曝曬	8
勁臭	8
古龍水	8
獨輪	8
受精卵	8
結結巴巴	8
百貨商場	8
長壽麪	8
鹽池	8
三黃雞	8
可操作	8
安全屋	8
對數	8
墊背	8
防波堤	8
生命跡象	8
唔啱巧	8
飲清酒	8
內膽	8
死約	8
擇日子	8
一夫多妻制	8
哀鴻遍野	8
仲巴	8
文武雙全	8
碧螺春	8
富在深山有遠親	8
唔使方	8
灑水車	8
蘑菇湯	8
拂袖而去	8
百戰不殆	8
成人班	8
暗箱操作	8
養兒一百歲	8
遐	8
雪線	8
碎紙	8
我頂唔住	8
封度	8
免不得	8
滌	8
感光	8
柳梅	8
黑勢力	8
偶然事件	8
捫	8
潺潺流水	8
戦	8
唔會輸蝕	8
雙牌	8
可憐天下父母心	8
雪紡	8
舉腳贊成	8
尊命	8
難以為繼	8
心醉神迷	8
拎緊	8
忽發奇想	8
告示牌	8
切忌	8
一啲線	8
乜都係假	8
學力	8
互相連接	8
人體器官	8
隨叫隨到	8
鎖匙扣	8
神符	8
簡練	8
食雪條	8
遺命	8
屍水	8
無狀	8
分掉	8
一炮過	8
防盜門	8
幾粒嘢	8
河溝	8
校運會	8
騎樓底	8
黃花魚	8
食不果腹	8
雪糕筒	8
十三張	8
尖隊	8
披星戴月	8
佢係唔好	8
不宣而戰	8
私處	8
雞蛋花	8
銅皮鐵骨	8
頂格	8
領港	8
成年累月	8
交際花	8
你家下	8
淅	8
論説	8
此地無銀	8
飲恨	8
半載	8
病蟲害	8
拋低咗	8
紅褲仔	8
現代主義	8
珊瑚蟲	8
軟齶	8
嘥鬼氣	8
胡混	8
捨生取義	8
敲門磚	8
竭誠	8
曬親	8
守得雲開見月明	8
嚇乜	8
初階	8
坦誠相見	8
穿幫	8
排水量	8
開善堂	8
兵不血刃	8
無花果樹	8
嫁禍於人	8
依起棚牙	8
識到人	8
詐詐地	8
雞乸咁大隻字	8
梗塞	8
生物資源	8
淚汪汪	8
相生相剋	8
瘦骨如柴	8
道光帝	8
合唔合格	8
你唔早講	8
通例	8
亞洲四小龍	8
導電	8
好唔好使	8
急停	8
遣散費	8
好手尾	8
布陣	8
導管	8
你邊度㗎	8
水煎包	8
鎮妖	8
胄	8
尸	8
飛發	8
杏仁糊	8
錐體	8
立例	8
撳熄	8
差旅費	8
大粒嘢	8
最靚女	8
尖咀	8
毛菌	8
無可指責	8
乾嘔	8
大顯神通	8
讀數	8
毫無效果	8
輪廓線	8
留影	8
竊竊私語	8
大東山	8
飄洋	8
濫收	8
拔腳	8
乒嘭	8
自作孽	8
任意妄為	8
目光短淺	8
有數得計	8
妮子	8
牀側	8
絮	8
木訥	8
佛話	8
好唔過	8
食安	8
躊躇不決	8
燒飯	8
翡	8
東亞病夫	8
套購	8
邊緣地帶	8
漏税	8
宮頸	8
我叫你走	8
頂禮膜拜	8
掌上壓	8
牙周炎	8
單幹	8
義行	8
墨西哥灣	8
估歌仔	8
清官難審家庭事	8
十選一	8
隨傳隨到	8
地球暖化	8
着名牌	8
婦孺	8
乾貝	8
遞信	8
好來好去	8
話裏有話	8
船到橋頭自然直	8
潛移	8
好睇唔好食	8
熔點	8
納福	8
步飛	8
棉褲	8
寡淡	8
穿水	8
發泡膠	8
紫銅	8
勞碌命	8
盂蘭節	8
總結過	8
三不知	8
話得埋	8
打包啦	8
陰極	8
難捨難離	8
胎教	8
獨食	8
抵得頸	8
隻言片語	8
睇霸王戲	8
傘下	8
躥	8
尺子	8
結拜細佬	8
誘使	8
陰月	8
黨紀	8
陀衰家	8
對板	8
偵緝	8
課長	8
前戲	8
挨壞	8
油尖旺	8
人面桃花	8
最低谷	8
吃水	8
弗吉尼亞州	8
千頂	8
直來直往	8
操盤	8
自由落體	8
酒精燈	8
呢張表	8
教益	8
雞竇	8
麻風	8
索價	8
絨球	8
一年之計在於春	8
少數服從多數	8
按兵	8
老太公	8
報關	8
準決賽	8
機室	8
過一棟	8
死囉	8
如若不然	8
眾望	8
逼下逼下	8
臉書	8
櫻花蝦	8
聖地牙哥	8
粗聲大氣	8
半截裙	8
上眼皮	8
泄流	8
山寨廠	8
打對台	8
民樂	8
價值量	8
吊帶褲	8
封紅包	8
不當之處	8
你靚女	8
粘連	8
全相	8
電阻	8
一無所長	8
中咗新冠	8
蹂躪	8
血清素	8
不外如是	8
黨旗	8
剔出	8
悵	8
貓叔	8
觀望態度	8
薄荷糖	8
積少成多	8
禿驢	8
馬前卒	8
公筷	8
臨牀試驗	8
五筆	8
濫竽充數	8
海傍	8
枯瘦	8
女包	8
變電站	8
自相驚擾	8
重逢在	8
一攬子	8
落地籤	8
現銀	8
貅	8
總體方案	8
音速	8
咕喱	8
附庸風雅	8
橄欖枝	8
童言無忌	8
豈止	8
言之尚早	8
你好煩啊	8
換崗	8
出計仔	8
書目	8
山中無老虎	8
翻覆	8
人多地少	8
作繭	8
特准	8
炮艦	8
打真軍	8
狗竇	8
㗎文	8
吃喝嫖賭	8
貼現率	8
氯	8
文字遊戲	8
竊取	8
睡了一覺	8
須彌	8
靚到抌一聲	8
暫息	8
禁死	8
夠照	8
依着	8
習慣用語	8
冬大過年	8
咬耳仔	8
扭擰	8
繳槍	8
鰹	8
扒飯	8
利申	8
活結	8
衣食足	8
以形補形	8
楊朱	8
柯打	8
好傷身	8
悍將	8
死鬼佬	8
追夢人	8
老鼠尾	8
挑染	8
驚爆	8
聖誕節快樂	8
甩咳	8
就怕萬一	8
傻乎乎	8
咔嗒	8
畫餅充飢	8
打得慢	8
冇情講	8
死不悔改	8
廣播台	8
做場戲	8
蹌	8
重武器	8
幾何級數	8
珍珠雞	8
光棍佬	8
索引	8
同婚	8
走卒	8
冇分寸	8
背手	8
球手	8
以後大把	8
細眉細眼	8
淪亡	8
社會效益	8
依然如故	8
回收桶	8
巡洋艦	8
融合為一	8
標靶藥	8
拗數	8
早亡	8
彎腰駝背	8
消長	8
餐卡	8
下台階	8
叉電器	8
硬膠	8
耍花槍	8
寂寞時	8
打交叉	8
合股	8
隔間	8
寒底	8
列寧格勒	8
監躉	8
護目鏡	8
咁大隻蛤乸隨街跳	8
怒號	8
專斷	8
脱衣舞	8
胭脂紅	8
我唔愛佢	8
糖衣	8
天理教	8
有乜唔妥	8
嘢可以亂食	8
敷藥	8
復必泰	8
睇緊戲	8
遠因	8
陸生	8
辱沒	8
扁踢踢	8
避彈衣	8
智慧齒	8
咁神速	8
託兒所	8
講文明	8
經歷風雨	8
減齡	8
冇有錯	8
起水泡	8
雙劍合璧	8
電極	8
滿漢全席	8
大眼雞	8
通風孔	8
攞打	8
追思	8
預收款	8
嚟咗喇	8
地主家庭	8
蛇果	8
孔武	8
安息日	8
風呂	8
天時暑熱	8
制治	8
待斃	8
斟盤	8
帕提亞人	8
創口	8
語態	8
巡場	8
萸	8
北水	8
渺渺茫茫	8
私鬥	8
孔眼	8
抵諗啲	8
安家立業	8
茶商	8
澳門街	8
推杯換盞	8
沙爹醬	8
哪樣	8
熱錢	8
一朝得志	8
乾冰	8
爬白雲山	8
未幾	8
無性繁殖	8
葷菜	8
臨戰	8
饕	8
傷不起	8
黃梅戲	8
走為上策	8
苦撐	8
完璧歸趙	8
超大規模	8
國鐵	8
救到人	8
冇修	8
襟計	8
留飯	8
冷面	8
擁躉	8
好戲在後頭	8
百寶箱	8
封底	8
兇器	8
皮費	8
西沙羣島	8
宥	8
資金槓桿	8
分咗去	8
扶靈	8
鳳凰木	8
分線	8
無可非議	8
飲好食好	8
執仔	8
阿美尼亞	8
照原樣	8
爬犁	8
實務	8
豎琴	8
以億計	8
蒙古大汗	8
胃鏡	8
糖葱餅	8
棄之可惜	8
虎豹別墅	8
幫咗人	8
滅除	8
勾線	8
抽脂	8
傳真機	8
咬文嚼字	8
押車	8
尾場	8
瓦坑	8
豉油西餐	8
三角戀	8
成王敗寇	8
橋凳	8
后尾	8
戲棚	8
自由女神像	8
嬲到死	8
洋葱圈	8
頭部受傷	8
單純用	8
學位證書	8
休班警	8
為食貓	8
葵扇	8
精華素	8
雨具	8
雙失	8
牠	8
怕你有牙	7
散客	7
拉牛上樹	7
死死氣	7
慢半拍	7
紈	7
靠呃	7
有鑑於	7
孤芳自賞	7
下酒菜	7
正外部性	7
好為人師	7
改悔	7
造物主	7
魚翅撈飯	7
地下車庫	7
氹人歡喜	7
傳誦	7
紅色炸彈	7
遮骨	7
一劈泥	7
三日兩頭	7
漂流瓶	7
連片	7
箍煲	7
海底針	7
井田制	7
蒸蝦	7
七情上面	7
社會企業	7
瓜老襯	7
一窮二白	7
第幾日	7
去揾下佢	7
潔身自愛	7
蚊拍	7
播報員	7
撤下	7
襤褸	7
上有天堂	7
屁孩	7
七大洲	7
衣錦榮歸	7
州官放火	7
相士	7
大大啖	7
痿	7
目不暇接	7
死冤	7
抽起條筋	7
浮木	7
走風	7
禁得住	7
鹹海	7
食閉門羹	7
蚓	7
開遠	7
知人者智	7
負債累累	7
唱高調	7
毀傷	7
又要戴頭盔	7
睇老婆	7
來日無多	7
黑咪蚊	7
絢麗多彩	7
自治縣	7
虎頭蛇尾	7
要做就做	7
下召	7
同是天涯淪落人	7
有色人種	7
咩環境啊	7
四正	7
拒捕	7
問到口啞啞	7
葫蘆瓜	7
尊位	7
繾	7
綣	7
過人世	7
笑位	7
識唔到你	7
拖實佢	7
經濟增長率	7
道學先生	7
下修	7
深黃色	7
大放光明	7
馨香	7
從頭再嚟	7
褒義詞	7
航空母艦戰鬥羣	7
嗜酒如命	7
聞上去	7
壞血病	7
左揀右揀	7
冇咁麻煩	7
戚友	7
德育	7
康民署	7
孖辮	7
你走你嘅陽關道	7
不獨	7
黑白電視	7
地圖冊	7
轟動效應	7
埋便	7
氯氣	7
卑爾根	7
澳大利亞人	7
拼鬥	7
卧榻	7
疑為	7
淬	7
鼻竇炎	7
汽鍋	7
拾荒	7
冗長	7
公仔紙	7
裝船	7
碧海青天	7
命根子	7
比基尼	7
回過頭去	7
脊椎動物	7
概論	7
薩克斯	7
正手	7
台上一分鐘	7
台下十年功	7
漆黑一團	7
賊頭賊腦	7
同行如敵國	7
涓涓	7
麥樂雞	7
車軌	7
能量守恆定律	7
硬橋硬馬	7
避雷針	7
雲鬢	7
武警戰士	7
定稿	7
甩牌	7
借殼	7
家課	7
既來之	7
則安之	7
瀕於	7
信則有不信則無	7
舊患	7
鋪底	7
銀燈	7
竹門對竹門	7
水警輪	7
約但	7
貪圖享受	7
高妹	7
放數	7
妃子笑	7
搭背	7
灑家	7
作興	7
綻開	7
做緊乜啊	7
買定離手	7
撞死馬咁	7
不醉不歸	7
慳皮	7
獨往獨來	7
慷慨就義	7
費口舌	7
鬆啲	7
楽	7
口誤	7
米話	7
堆填	7
寒帶	7
地震區	7
四隻牌	7
冇制	7
汞	7
襟懷	7
好近啫	7
穀雨	7
收油	7
向斜	7
恨到發燒	7
裨益	7
來説是非者	7
傳語	7
語音識別	7
盟邦	7
吉星高照	7
頭槌	7
性產業	7
竹絲雞	7
難以言喻	7
大卡士	7
識認	7
兆赫	7
對仗	7
三下五除二	7
產期	7
貶斥	7
新紮	7
沙田柚	7
滄海一粟	7
安卡拉	7
爍爍	7
五花茶	7
國富論	7
未佔	7
比例關係	7
管理委員會	7
印傭	7
治標不治本	7
愛管閒事	7
肝腦塗地	7
拆樓	7
搞屎	7
人財兩空	7
口説無憑	7
桃紅柳綠	7
仰韶	7
象形	7
商務公寓	7
插科打諢	7
松香	7
活到老	7
玻璃纖維	7
收馬	7
四個現代化	7
冇本心	7
骨肉至親	7
有百利而無一害	7
贖命	7
代課	7
煙灰碟	7
暴斂	7
柿餅	7
棄絕	7
好厭倦	7
日記本	7
測度	7
民族舞蹈	7
鄉村生活	7
君子坦蕩蕩	7
鄒	7
弊處	7
以心為心	7
淡定啲	7
吃屎	7
生疑	7
推介會	7
採掘	7
垂垂	7
鑽石王老五	7
溝壑	7
僅餘	7
中心人物	7
蜴	7
休想	7
席子	7
打網	7
髮卡	7
開宗立派	7
哲學理論	7
雙下巴	7
幾冧	7
長老會	7
移師	7
貼錢買難受	7
件頭	7
奈河橋	7
第尾	7
放白鴿	7
略嫌	7
蜿	7
壓底	7
揾緊嘢	7
善感	7
內眷	7
魚手指	7
徘	7
借閲	7
打樣	7
鬧翻天	7
毫髮無傷	7
髮針	7
烤住	7
唔夠佢嚟	7
紙紮公仔	7
面壁思過	7
輕言細語	7
有冇料到	7
逼虎跳牆	7
妙趣	7
曼德勒	7
頜	7
嚴格管理	7
整成點	7
行不改姓	7
臨牀經驗	7
抵諗	7
壽終	7
一個崩都冇	7
落莊	7
士農工商	7
罪不容誅	7
鼓槌	7
肥地	7
彈夾	7
喇嘛教	7
鋪户	7
偶而	7
戰略方針	7
低低地	7
感覺器官	7
恨人	7
不好運	7
適逢其會	7
嚴守中立	7
有嘢飲	7
草草了事	7
喉舌	7
社會工作者	7
引退	7
以強凌弱	7
犟	7
裝瘋賣傻	7
衰到死	7
象限	7
克己復禮	7
賴濕	7
粗放	7
微末	7
家長日	7
落客	7
問下先啦	7
人多好辦事	7
聖事	7
穿著	7
老母雞	7
傷懷	7
記憶卡	7
動議	7
勇略	7
睇症	7
逐鹿中原	7
半人馬	7
撇甩咗	7
數吓	7
年紀大機器壞	7
請求寬恕	7
超現實主義	7
試客	7
憎死佢	7
長笛	7
係麼	7
公錢	7
死人骨	7
顏淵	7
十月芥菜	7
吼住	7
恒	7
走油	7
腓	7
木薯澱粉	7
著迷	7
茶渣	7
歷數	7
無病呻吟	7
寡慾	7
討價	7
芍藥	7
殺雞取卵	7
百度一下	7
磡	7
笑微微	7
幾年嘢	7
好手勢	7
臾	7
豬公	7
昭和	7
始於足下	7
歪歪扭扭	7
雜税	7
你玩嘢	7
石小姐	7
跌交	7
總供給	7
不時不食	7
落返去	7
銀根	7
蒟蒻	7
黃牛黨	7
技術知識	7
哈佬	7
阿凡提	7
揩油	7
廿三四	7
卜位	7
開罪	7
遵守紀律	7
鼻咽	7
私校	7
互生	7
麗質	7
咪坐喺度	7
歷史家	7
滅聲	7
腰纏萬貫	7
文化思想	7
好多事做	7
攞嚟笑	7
輕慢	7
總攻擊	7
預你	7
蝌	7
水洗都唔清	7
上上之策	7
真係曳	7
單丁	7
泌尿	7
留餘地	7
發雞盲	7
打通關	7
平快	7
洗大餅	7
聊生	7
淋親	7
捷克斯洛伐克	7
低頭族	7
班線	7
功高蓋主	7
落降	7
心輪	7
賂	7
壽星女	7
精英主義	7
演繹法	7
勝敗乃兵家常事	7
鎮痛	7
傷別	7
東廊	7
宿營	7
波子汽水	7
冷凍庫	7
君是	7
五畝	7
多民族國家	7
萬綠叢中一點紅	7
空氣淨化器	7
琉球羣島	7
認識論	7
波斯語	7
盡地主之誼	7
感覺點	7
幾興	7
滴點	7
飽經世故	7
集郵	7
轉念之間	7
送往迎來	7
着唔落	7
不平常	7
講習班	7
火腿腸	7
加零一	7
負擔過重	7
薯頭薯腦	7
天外來客	7
水手服	7
望眼欲穿	7
冷馬	7
成功爭取	7
白狗當災	7
姥爺	7
狙	7
冧把	7
烏龍麪	7
臭架子	7
投水	7
紗罩	7
中頭獎	7
如法炮製	7
火燭車	7
列缺	7
飽死鬼	7
跋山涉水	7
大難臨頭各自飛	7
思春	7
重獲新生	7
收銀處	7
地縫	7
深入骨髓	7
糧庫	7
館藏	7
你太天真	7
水嘢	7
刨花	7
錄象	7
恰巧	7
單相思	7
渥	7
洗手池	7
蓄電	7
粘膠	7
軟硬兼施	7
白手套	7
利害衝突	7
蛇蠍心腸	7
荷包仔	7
臊味	7
守歲	7
風笛	7
冇計咯	7
遠不及	7
酸瓜	7
跳蚤市場	7
杭州話	7
太平紳士	7
相請不如偶遇	7
雀斑	7
爛飯	7
閏年	7
纖體	7
貨尾	7
吃虧上當	7
嘰嘰咕咕	7
緊張大師	7
較剪	7
紅籌	7
繩套	7
挑食	7
冬節	7
遠途	7
謹小慎微	7
遊弋	7
普吉	7
後底乸	7
咁難明	7
節肢	7
人同此心	7
槍筒	7
忙著	7
錮	7
閃爍其詞	7
粗笨	7
為得人	7
羣集	7
熬粥	7
不得已而為之	7
瑣瑣碎碎	7
山塘	7
趨利避害	7
跨平台	7
螺絲刀	7
畀面	7
鹹濕鬼	7
忌妒	7
中文堂	7
粗話	7
耗損	7
恆有	7
家醜不出外傳	7
不送氣	7
半拉	7
鐵甲船	7
時菜	7
羞家	7
驚蟄	7
鬼扯	7
戳佢	7
得閒再嚟	7
目眩神迷	7
燜鴨	7
獨身生活	7
獨斷獨行	7
座鐘	7
佃户	7
任人魚肉	7
殤	7
我要瞓啦	7
有始無終	7
捉襟見肘	7
拿拿聲	7
擺龍門陣	7
麻雀雖小	7
鞭長莫及	7
國葬	7
初高中	7
掟波	7
金剛石	7
天凍	7
在劫難逃	7
天邊海角	7
打底褲	7
座落	7
屁精	7
柴台	7
令人生畏	7
樽領	7
怪僻	7
劫機	7
開首	7
吹喇叭	7
返老還童	7
螺片	7
齋湯	7
平方英尺	7
地除	7
把持不定	7
夜冷	7
天時咁熱	7
扳手	7
今堂	7
食住佢	7
泳帽	7
呈報	7
直轄	7
豬圈	7
質量管理	7
搞乜鬼呀	7
爆門	7
世界波	7
瞌睡	7
唔知衰	7
下至上	7
守生寡	7
縱線	7
不敢高攀	7
酒不醉人人自醉	7
失運	7
螢	7
付之一炬	7
偷跑	7
長見識	7
暫行	7
唔好惹佢	7
抹下汗	7
調味劑	7
石雀	7
百步穿楊	7
逆反心理	7
南沙羣島	7
吽豆	7
你坐就坐	7
一式一樣	7
相映	7
叫座	7
對確	7
公訴人	7
煤球	7
鏖	7
人才外流	7
補位	7
狗皮膏藥	7
捅穿	7
濫用職權	7
龍舟節	7
銷案	7
輟	7
灃	7
百事通	7
譴	7
承攬	7
勞動生產	7
臉兒	7
加深理解	7
賓佬	7
小葱	7
靜點	7
衍伸	7
回蕩	7
海鮮價	7
鵪	7
大老遠	7
鋤死	7
直流電	7
偷歡	7
豪豬	7
五覺	7
蘇打水	7
男伴	7
同氣連枝	7
異性緣	7
古古惑惑	7
慶曆新政	7
少陽病	7
提前一日	7
發熱線	7
准將	7
頭也不回	7
笆	7
染指	7
磨擦	7
林語堂	7
迷惑不解	7
達致	7
性玩具	7
正意	7
按時完成	7
弧光	7
醒瞓啲	7
書報	7
分度	7
廠子	7
胡樂	7
諗掂咗	7
梳芙	7
改樣	7
睡懶覺	7
換畫	7
井然	7
忌廉湯	7
邊檢	7
名不經傳	7
孔門	7
三道板斧	7
松明	7
兩位唔該	7
早放	7
題字	7
得理不饒人	7
暗花	7
臉孔	7
隨時待命	7
靠嚇	7
黑嘴	7
起義領袖	7
成材	7
想唔嚟	7
多士爐	7
怨命	7
浴盆	7
陰極射線	7
腳痕	7
擦損	7
四萬九	7
骨朵	7
下城區	7
主祭	7
印太	7
不可逾越	7
師出有名	7
犄	7
意淫	7
值日生	7
因住佢哋	7
街童	7
罪大惡極	7
任重道遠	7
挺腰	7
光光滑滑	7
乜都搞掂	7
太陽能電池	7
假正經	7
鉸	7
知心話	7
濕衣	7
結腸	7
神樓	7
無用嘅	7
身無長物	7
一語道破	7
掠水	7
開宗明義	7
無政府主義	7
守土	7
葵青	7
認頭	7
面聖	7
雙螺旋	7
羣眾組織	7
歸檔	7
埋首	7
漁夫帽	7
血庫	7
七味粉	7
無聊無賴	7
擺低錢	7
職業運動員	7
百鳥歸巢	7
橫財就手	7
甲骨文字	7
賜座	7
不能給你	7
液態水	7
畢業展	7
避諱	7
電焊	7
精神衰弱	7
土崗	7
電燈泡	7
沖涼去	7
多詞	7
性無能	7
銅牆鐵壁	7
秋糧	7
釘蓋	7
麥記	7
該死咯	7
躡	7
寬大為懷	7
做戲做全套	7
生員	7
名成利就	7
艱深	7
牙屎屎	7
到訂	7
以子之矛	7
鹹嘢	7
風高浪急	7
屎眼	7
失風	7
老淚縱橫	7
連登	7
瞓覺喇	7
中局	7
空氣清新機	7
投河自盡	7
佢仲在生	7
未衰過	7
有機結合	7
羊皮紙	7
燙手	7
淫蟲	7
金沙骨	7
硬着頭皮	7
白玉蘭	7
不免一死	7
反例	7
獠	7
坐藥	7
恒指	7
香唔香	7
舞場	7
冇咁貴	7
重婚	7
要過濾	7
發令槍	7
香梨	7
校際	7
呃呃氹氹	7
旖	7
起轎	7
識撈	7
基本國策	7
火燒雲	7
細香葱	7
一面屁	7
財不露眼	7
粗手大腳	7
推度	7
紅事	7
隔阻	7
人血饅頭	7
同花順	7
一頭半月	7
搞是搞非	7
為確保	7
黐餐	7
統轄	7
刑事毀壞	7
踩高蹺	7
松子魚	7
防水布	7
珍饈美味	7
咁早返	7
交白卷	7
產下	7
舌面	7
洋務派	7
蟆	7
虎跳峽	7
戀人未滿	7
電光石火	7
褒揚	7
梳子	7
站穩腳跟	7
摔交	7
飲筒	7
一杯羹	7
蝦丸	7
脯	7
東昇西落	7
爛好人	7
高爐	7
傾兩句偈	7
一脈相傳	7
費唇舌	7
污水處理	7
水瓜	7
膽正命平	7
土神	7
嗌佢過嚟	7
有殺冇賠	7
展銷會	7
聯考	7
佢唔應承	7
米制	7
伉儷	7
街客	7
粗疏	7
覆沒	7
趁熱食啦	7
心力衰竭	7
兵精糧足	7
炒芥蘭	7
傳播媒介	7
摞	7
遠隔千里	7
冰棒	7
盲仔	7
黃河大合唱	7
指模	7
為時未晚	7
假公濟私	7
新蒸頭	7
打死不離親兄弟	7
角膜	7
微絲血管	7
大相徑庭	7
黃店	7
血仇	7
辟	7
大石砸死蟹	7
特洛伊木馬	7
引產	7
團地	7
推薦書	7
謳	7
外八	7
體育鍛煉	7
睡眼惺忪	7
大隻累累	7
鋭角	7
船灣淡水湖	7
屎咗	7
冇乞衣	7
大處着眼	7
打完齋唔要和尚	7
包退	7
桉	7
瘦猛猛	7
借命	7
米碎	7
勿忘我	7
怦	7
泡打粉	7
葫蘆島	7
退敵之計	7
片假名	7
大滿貫	7
十萬九千七	7
足足半年	7
唔介意有	7
對不上	7
一撇嘢	7
戒唔甩	7
極目遠望	7
探親訪友	7
深棕	7
賄選	7
意頭唔好	7
腳爪	7
儘先	7
要一斤	7
古老石山	7
悼詞	7
雅意	7
三次元	7
噴射機	7
打蛇餅	7
當街當巷	7
後君子	7
午宴	7
二度空間	7
柯個	7
冇曬符	7
痤	7
搭膊	7
直呼其名	7
詞類	7
文石	7
殺到埋嚟	7
網膜	7
片開	7
惡言相向	7
倚賴	7
特技人	7
美國太空總署	7
摸頂	7
罪行累累	7
生於憂患	7
噴氣式	7
墨筆	7
睇過點先	7
嗶哩吧啦	7
冬奧	7
四重奏	7
狒狒	7
西口西面	7
玩住先	7
木偶戲	7
実	7
硤	7
冠冕	7
太陽輻射	7
委員會會議	7
開誠	7
而立之年	7
吮	7
短歌	7
四目交投	7
化為泡影	7
屯馬線	7
本票	7
踏腳石	7
沙鍋	7
一點就通	7
割喉	7
才思	7
斬件	7
屈尾十	7
誥	7
全國運動會	7
藉助於	7
帛	7
爭交	7
重提舊事	7
面積少	7
文童	7
紙媒	7
不依不饒	7
遴選	7
炭筆	7
一字不差	7
電子貨幣	7
簡譜	7
碾過	7
通力	7
心窗	7
斕	7
雞冠花	7
聽之任之	7
外展	7
壁紙	7
巡更	7
紅妝	7
目露兇光	7
偏斜	7
遏止	7
哀莫大於心死	7
道德品質	7
上樑不正下樑歪	7
震響	7
續訂	7
合掌瓜	7
無所不至	7
吉凶未卜	7
番薯苗	7
淝水之戰	7
電腦掃描	7
傳訊	7
牛百葉	7
情情塔塔	7
推己及人	7
遲啲見	7
老卓	7
原州	7
犧牲小我	7
六角星	7
魔棒	7
戴綠帽	7
歌書	7
墨玉	7
液晶	7
瑞氣	7
衣袋	7
瘙	7
上證綜合指數	7
循循善誘	7
尾水	7
寒鴉	7
科技成果	7
煤氣燈	7
辯明	7
汨羅江	7
七房	7
佢係咪話	7
水鴨	7
有教無類	7
好食懶飛	7
術科	7
骨力	7
鹹水魚	7
第一個層次	7
樹葬	7
蔓越莓	7
間中都有	7
芒康	7
雲尼拿	7
蛋糕仔	7
彈古箏	7
舍弟	7
爆大鑊	7
円	7
好快瞓	7
拉丁字母	7
食咗嘢未	7
為皮	7
歸納推理	7
穩定局勢	7
治學	7
零擔	7
窈窕	7
摸不着	7
武聖	7
狐朋狗友	7
砥礪	7
洞察一切	7
月刊	7
臭氣熏天	7
磨碌	7
噎	7
伊士	7
殘酷無情	7
交換生	7
急起直追	7
蒸汽船	7
貢丸	7
爭風呷醋	7
唔夠眼	7
一式兩份	7
饒了	7
晌	7
雞蟲	7
八拜之交	7
內文	7
饅	7
話柄	7
老童	7
應市	7
人權法案	7
腦血管疾病	7
揭盅	7
灰度	7
緋紅	7
康乾盛世	7
把酒言歡	7
假狗	7
魂牽夢縈	7
斜靠	7
底橫	7
仙樂	7
殺一儆百	7
多米諾骨牌	7
生啤	7
天上有地下無	7
税務局	7
疥	7
難民營	7
挑花	7
騎驢	7
包藏禍心	7
阿竇	7
陳列品	7
夏灣拿	7
計埋計埋	7
三仔乸	7
搞亂檔	7
雲裏霧裏	7
人體解剖	7
薩格勒布	7
攝影術	7
水蛋	7
刨根問底	7
佔下風	7
得閒再傾	7
無及	7
全身白	7
家豬	7
投影儀	7
本席	7
福心	7
人丁單薄	7
你好煩	7
工潮	7
左右做人難	7
倉猝	7
獨具慧眼	7
感親	7
彈道導彈	7
廣佈	7
紡車	7
查家宅	7
安全島	7
企劃	7
普渡眾生	7
死咁咪	7
出頭鳥	7
豆腐潤	7
內陸機	7
怪相	7
搣皮	7
廢置	7
惘然	7
公權力	7
江西人	7
白平衡	7
細婆	7
退黑激素	7
一學就識	7
傾聽者	7
夜機	7
大蝦細	7
樺	7
榜上無名	7
面診	7
阿難	7
彈槍	7
你係老細	7
水上電單車	7
掛機	7
正然	7
雞紅	7
三朝兩日	7
暗爽	7
放冷槍	7
反斗奇兵	7
搞乜啊	7
琥	7
邊青	7
打樁機	7
姊姊	7
投入感	7
笑口噬噬	7
獨具一格	7
俠氣	7
磁卡	7
諗好未	7
目光所及	7
白湯	7
半生不熟	7
揚聲	7
未返到	7
免受傷害	7
中國大媽	7
鐘馗	7
炒黃牛	7
力邀	7
鬆毛鬆翼	7
波板	7
幼女	7
組合櫃	7
逃災避難	7
陰陰哋	7
視障人士	7
碎步	7
關節痛	7
摺痕	7
冰袋	7
啄食	7
畫吓	7
護花使者	7
鳥為食亡	7
打河	7
直踩	7
銅鑼燒	7
對襟	7
比翼雙飛	7
台型	7
剁手	7
送口	7
車嘢	7
百行	7
戒驕戒躁	7
仲唔醒水	7
打嘴巴	7
鹽井	7
平方公尺	7
圓啲	7
蘑	7
瀚	7
封建思想	7
時快時慢	7
幾多房	7
老處	7
焗油	7
自留地	7
幽閉恐懼症	7
窮兵黷武	7
人唔出	7
軍樂隊	7
煽惑	7
椴	7
溉	7
吹風筒	7
巷戰	7
促膝長談	7
醜死鬼	7
菜軟	7
讀研	7
干犯	7
嘉魚	7
你老祖	7
跑調	7
肺活量	7
撈佬	7
斑腩	7
馬首是瞻	7
諂	7
八卦週刊	7
整體來講	7
部首	7
開天窗	7
死而無悔	7
企埋嚟	7
層層疊	7
茅竹	7
枸	7
形而上	7
無的放矢	7
罵街	7
説廢話	7
短笛	7
烹茶	7
濫權	7
既而	7
寶貝寶貝	7
伴唱	7
凶殘	7
耍花樣	7
想著你	7
量身定製	7
言猶在耳	7
白牌車	7
君位	7
我去瞓	7
豎起大拇指	7
撈人	7
冇仇報	7
編撰	7
絲網	7
親如手足	7
澳元	7
恐襲	7
聯儲局	7
兩廂情願	7
運神	7
空口無憑	7
送人情	7
滿盤皆輸	7
票友	7
油井	7
攞嚟講嘅啫	7
物以罕為貴	7
加名	7
蘇州過後冇艇搭	7
情比金堅	7
周書	7
椰子殼	7
賓果	7
爭住食	7
葡文	7
客隊	7
亦師亦友	7
一笑置之	7
嬌縱	7
燕麥粥	7
衞生處	7
為兩餐	7
氣順	7
粗劣	7
關節位	7
標新立異	7
病童	7
包頂頸	7
搞呢搞路	7
季子	7
營營役役	7
移山倒海	7
掃風	7
撻皮	7
單擊	7
名不正言不順	7
請願信	7
清涼油	7
甩質	7
身體部分	7
尾翼	7
公眾意見	7
波波池	7
老爆	7
稱心滿意	7
有車一族	7
出菜	7
遮瞞	7
到處留情	7
入木三分	7
買大細	7
停藥	7
周身刀	7
竹青	7
主婚	7
脱開	7
官僚主義	7
財權	7
大被冚過頭	7
歐米伽	7
掟飛	7
死心眼	7
識埋啲	7
淞	7
交臂	7
籃板	7
納貢	7
甲型肝炎	7
吽竇	7
理住先	7
食物纖維	7
波蘿	7
褲衩	7
可遇而不可求	7
條碼	7
在水一方	7
苷	7
肋軟骨	7
抄送	7
催淚彈	7
寒磣	7
序號	7
番薯糖水	7
失蹄	7
福泉	7
消音器	7
含水量	7
積雲	7
收數公司	7
全國人民代表大會	7
江湖佬	7
隨俗	7
劉少奇	7
追還	7
瓦工	7
祝酒	7
受唔得	7
業主立案法團	7
火險	7
劈價	7
鼓吹者	7
帶紙巾	7
駁船	7
柴達木	7
經不住	7
阻住地球轉	7
筆者	7
夠班	7
無字碑	7
千行	7
蚱蜢	7
想識我	7
小粉紅	7
人望高處	7
青蟹	7
瀆職	6
錦衣夜行	6
有力出力	6
影藝	6
亂蓬蓬	6
割草機	6
盲毛	6
鐵幕	6
右手面	6
咁盞	6
一朵鮮花插在牛糞上	6
扮死狗	6
浣紗	6
親親大自然	6
暗標	6
颯颯	6
你收皮	6
半響	6
濰	6
目標管理	6
爬飯	6
擔屎都唔偷食	6
知書達理	6
搞掂未	6
軍事素質	6
陀飛輪	6
夠鐘	6
美夢成真	6
大蕉	6
姨妹	6
季後賽	6
水撥	6
一筆還一筆	6
女界	6
壓縮空氣	6
不抵抗主義	6
滷菜	6
派司	6
電飯鍋	6
名牌嘢	6
寫紙仔	6
出雙入對	6
火流星	6
斷代	6
費事理你	6
熱解	6
遷離	6
甩繩馬騮	6
沾光	6
包撞板	6
遲延	6
討厭鬼	6
帕米爾高原	6
便器	6
聞人	6
羨煞旁人	6
賤價	6
擺堆	6
鬧臭	6
真係衰嘅啫	6
罹	6
咖喱魷魚	6
欠條	6
號外	6
吧女	6
人類起源	6
貢山	6
明武宗	6
秘密活動	6
睇咩嘢	6
明呃	6
壞事傳千里	6
比較分析	6
蛇皮袋	6
瘀傷	6
聯絡官	6
極西	6
拎包	6
吱嘎	6
豬籠車	6
口衰	6
血汗工廠	6
先停咗	6
付諸實施	6
推倒重來	6
橫斷山脈	6
豪壯	6
流於形式	6
一揾到	6
印子	6
呃稱	6
襟死	6
乾濕褸	6
青醬	6
落唔到面	6
早過頭	6
殃及無辜	6
先諗諗	6
頭面人物	6
愛護大自然	6
煮食爐	6
耳仔軟	6
慣壞	6
必應	6
揼濕	6
英資	6
書蟲	6
貝塔	6
體形	6
思慕	6
裸睡	6
鼎足之勢	6
順流逆流	6
母國	6
八一建軍節	6
躺着也中槍	6
一人一件	6
湃	6
食果果	6
笑到咳	6
憂柴憂米	6
黜	6
佢好厲害	6
古生物學家	6
堅定流	6
嗶哩嗶哩	6
行公司	6
背肌	6
螺母	6
塞浦路斯	6
效果圖	6
中聯辦	6
醜劇	6
累世	6
氣鼓	6
義和團運動	6
夠啩	6
手快有手慢冇	6
時斷時續	6
錯雜	6
鬼咁過癮	6
修訂版	6
得閒嚟坐	6
折現	6
俄羅斯方塊	6
高纖	6
有今生冇來世	6
天時好	6
請神容易送神難	6
掛懷	6
經手人	6
變傻	6
花螺	6
反面唔認人	6
創始者	6
奠基者	6
脈動	6
正名	6
包巾	6
結腸炎	6
奔命	6
頂戴	6
走唔起	6
搞通	6
醫局	6
攤進	6
漁翁得利	6
老泥	6
長子嫡孫	6
圈地運動	6
結紮	6
響螺片	6
鑰	6
豔照門	6
啱嘞	6
違法亂紀	6
截個	6
絲襪奶茶	6
開閘放水	6
政治機構	6
破竹之勢	6
補牙	6
明日大嶼	6
好算啦	6
助紂為虐	6
倒戈相向	6
泄出	6
咁扮嘢	6
冇嘢傾	6
減廢	6
七言詩	6
未必見得	6
路透社	6
剖開	6
抓着	6
鄴	6
蛆	6
退飛	6
烈日炎炎	6
飲得食得	6
衝昏頭腦	6
乾渴	6
火罐	6
啲專家話	6
尊親	6
拜拜肉	6
打旋風	6
垂掛	6
煮飯婆	6
評講	6
抗税	6
人心隔肚皮	6
奼紫嫣紅	6
逕	6
五藴	6
天蒙光	6
鋼管舞	6
識識地	6
宣傳教育	6
村前村後	6
巨鳥	6
玩得埋	6
十年樹木	6
數白欖	6
狗仔式	6
環保主義者	6
長流水	6
喂邊個啊	6
電器鋪	6
雪珠	6
爭執不下	6
軍事區	6
土包子	6
兩耳不聞窗外事	6
聚賭	6
瑞士捲	6
披麻帶孝	6
逞能	6
貶稱	6
辯稱	6
沒有差別	6
華而不實	6
指壓	6
拮親	6
幕布	6
宮調	6
輕吟	6
香皂	6
升華	6
戇鳩	6
補票	6
村舍	6
係乜嚟㗎	6
持槍搶劫	6
盲婚	6
熔融	6
半點鐘	6
災殃	6
無要	6
苟且偷安	6
學堂前	6
解鈴還需繫鈴人	6
金銀紙	6
涼粉草	6
癩	6
為老不尊	6
調位	6
這陣子	6
酒醉三分醒	6
麻將牌	6
反光面	6
大大步	6
墮海	6
條蕉	6
揶	6
討論會	6
木屐	6
補滿	6
丁咁多	6
不中用	6
中國地震局	6
尋根究底	6
為時不晚	6
社區活動	6
費周折	6
販運	6
世界強國	6
傳世	6
法援	6
排頭位	6
宛若	6
唔鬆口	6
細碼	6
凰	6
上睇下睇	6
雙馬尾	6
批八字	6
歐盟委員會	6
話不投機半句多	6
月餅會	6
唁	6
我都好煩	6
雪白色	6
您呢	6
剪報	6
發配邊疆	6
藤條炆豬肉	6
夠氣夠力	6
槎	6
新生事物	6
中化	6
衣邊	6
事無不可對人言	6
剖白	6
買多啲嘢	6
瞇	6
頡	6
損兵折將	6
大興問罪之師	6
圖則	6
亦步亦趨	6
番茄仔	6
發夢冇咁早	6
賣友求榮	6
小結	6
屬意	6
音讀	6
影本	6
悶到抽筋	6
駝背仔	6
隘	6
賊眉鼠眼	6
三角鐵	6
蚱	6
搭線	6
多邊形	6
勸掂	6
青黴素	6
二人台	6
蓋世無雙	6
破頂	6
曠課	6
頭擋	6
淫樂	6
沉雷	6
什麼好説	6
徒有其名	6
出氣袋	6
土佬	6
投票率	6
是旦	6
公聽會	6
無助感	6
緞子	6
衷腸	6
光溜	6
不孕	6
北佬	6
櫃員	6
菜籃子	6
論資排輩	6
好手氣	6
整食	6
國定假日	6
怒視	6
飽暖	6
褶皺	6
傷病員	6
大有希望	6
牙痛慘過大病	6
踏車	6
敗家子	6
不破不立	6
入櫃	6
倒模	6
哆嗦	6
大滿	6
魚蛋檔	6
咁坑	6
百年樹人	6
攤開嚟講	6
倒後	6
鳴笛	6
伶牙俐齒	6
詩仙	6
永久和平	6
絲縷	6
乜姐	6
勢係假	6
老牛聲	6
嶸	6
利口酒	6
有紋有路	6
羣鳥	6
敦請	6
洪福齊天	6
手指餅	6
香雲紗	6
羞慚	6
微米	6
袋熊	6
阿拉巴馬州	6
臭草	6
慪氣	6
謹言慎行	6
翹楚	6
摸了摸	6
揾真銀	6
解唔解釋	6
遠端	6
褪下	6
國內戰爭	6
成者為王	6
單槓	6
太陽油	6
狙擊槍	6
張皇	6
炎涼	6
上呼吸	6
典解	6
打信號	6
起釘	6
炬	6
攤長	6
生菜包	6
不修邊幅	6
雨鞋	6
誅除	6
羅庚	6
國民生產總值	6
慌慌失失	6
聽不進去	6
卵生	6
本住良心	6
兼隊	6
管樂	6
火屎	6
擔承	6
歧異	6
一神教	6
填數	6
武略	6
銀獎	6
琊	6
扯蝦	6
暗網	6
第二列	6
喜慶事	6
茶羹	6
損耗品	6
唔見棺材唔流眼淚	6
淺近	6
空殼公司	6
毛條	6
儋	6
霜花	6
手枕	6
天理循環	6
改錐	6
近因	6
差之毫釐	6
搞垮	6
喉底	6
打戰	6
技窮	6
飛邊	6
報仇咁報	6
斬倉	6
不毛	6
變節	6
老大徒傷悲	6
不以物喜	6
有錢剩	6
印度文	6
定乜	6
氣味相投	6
寬以待人	6
面有菜色	6
火上澆油	6
賓夕法尼亞	6
食具	6
發啲嘢	6
魯國人	6
大包圍	6
先天下之憂而憂	6
談笑自若	6
比薩斜塔	6
唔夠喉	6
祭孔	6
交杯酒	6
提箱	6
偏頭痛	6
縮頭縮尾	6
兄弟子侄	6
星期二三	6
囉友	6
荷蘭語	6
褲管	6
白金卡	6
狹義相對論	6
紙碎	6
現炒現賣	6
塌地	6
撈唔掂	6
點字	6
遁入空門	6
席捲天下	6
泰然自若	6
開胃酒	6
沙瓜	6
商業計劃	6
暖水袋	6
內閣總理大臣	6
奇貨可居	6
腳後跟	6
平淡無味	6
愛滋	6
垂手可得	6
延邊朝鮮族自治州	6
姐妹花	6
陰謀活動	6
陪診	6
大衫	6
小食部	6
好逼人	6
利口	6
拉扯大	6
桑基	6
現代派	6
潤濕	6
落閘放狗	6
炒河	6
狗衝	6
咁神心	6
扇雞	6
唇角	6
連假	6
過膝	6
定語	6
馮夢龍	6
澳門幣	6
唔夠腳	6
台資	6
無權無勇	6
擰歪面	6
紙包唔住火	6
世界軍事	6
潮南	6
擁軍	6
學是非	6
利得税	6
漱	6
豆腐渣工程	6
百日宴	6
食飯未啊	6
斷袖之癖	6
互相愛護	6
顛倒眾生	6
蕙	6
挨邊	6
一兆	6
你中意咯	6
滑嘟嘟	6
玩串	6
海皮	6
腹黑	6
磨鏡	6
震音	6
國家社會主義	6
洗髮露	6
剋星	6
野天鵝	6
睇扒	6
一回生	6
亭長	6
藍色線	6
府尹	6
抌心	6
必先利其器	6
五蛇羹	6
聯合國憲章	6
嘀咕	6
雷氣	6
法包	6
民航機	6
分鏡	6
思疑	6
災難片	6
憎死你	6
使死咩	6
油黑	6
士擔	6
迎頭趕上	6
法國皇帝	6
花哩碌	6
跳牀	6
戰略防禦	6
爆場	6
掃把星	6
猛鑊	6
嘔氣	6
邪不能勝正	6
蜒	6
抱憾終生	6
雙簧管	6
人言可畏	6
激鬼氣	6
五時花六時變	6
病弱	6
沒過多久	6
身有屎	6
唱雙簧	6
救生船	6
效驗	6
駭人	6
撇嘢	6
看門人	6
倒位	6
半蹲	6
劃掉	6
不值一文	6
留海	6
可行性研究	6
花灑頭	6
白托	6
諱言	6
提貨單	6
我煲湯	6
二花面	6
門庭冷落	6
貼紙相	6
村巴	6
血肉相連	6
癜	6
街邊小食	6
玻璃鋼	6
壽陽	6
無休無止	6
客貨車	6
老坑婆	6
紫荊花	6
結匯	6
交相輝映	6
揀起	6
骨位	6
冇花假	6
水果酒	6
組屋	6
宮室	6
上合組織	6
強買強賣	6
鳥瞰	6
不丹	6
澄澈	6
在下方	6
笑到喊	6
田螺車	6
瑜伽波	6
非婚生	6
邋遢貓	6
乸口乸面	6
餐會	6
政論	6
斗室	6
東拼西湊	6
佢好老實	6
晴熱	6
招牌貨	6
螃	6
診脈	6
回火	6
要辭工	6
異同	6
烏鴉口	6
曬料	6
設局	6
營求	6
幾難揾	6
邈	6
非我族類	6
冇事揾事	6
摻和	6
不中意	6
杏仁核	6
爭啲唔記得咗	6
男怕入錯行	6
結納	6
陰府	6
氣來氣喘	6
踎廁	6
我都係呀	6
榴槤	6
掹雞	6
有辣有唔辣	6
漸入佳境	6
地方停車	6
溪底	6
主賓	6
甲流	6
感激流涕	6
擴編	6
搽粉	6
公制	6
排山倒海之勢	6
毛片	6
三令五申	6
一啖砂糖一啖屎	6
翩躚	6
塔克拉瑪干沙漠	6
吹灰	6
髖	6
以近	6
狗都吠	6
惡疾	6
聊電話	6
效尤	6
頸箍	6
悲愁	6
猜情尋	6
玩鬧	6
病榻	6
滷麪	6
碩士生	6
功令	6
萬夫莫敵	6
前事不忘	6
克制	6
脆脆地	6
你唔覺咩	6
揾食艱難	6
歸鄉	6
無憑無證	6
偵察員	6
寸草不留	6
笪落牀	6
臨時抱佛腳	6
我跑過去	6
蝴蝶蘭	6
擔擔麪	6
省心	6
目光如炬	6
溏心蛋	6
眼熱	6
謝世	6
教鞭	6
出洋相	6
飛車黨	6
食乜啊	6
人民共和國	6
安牀	6
漁輪	6
垃圾食物	6
冤苦	6
掉粉	6
諉	6
針卡	6
進退失據	6
觀眾緣	6
練習本	6
綠色線	6
三稜鏡	6
三陽開泰	6
年卅晚	6
事務律師	6
劇動	6
聳聽	6
生墳	6
撳機	6
中門大開	6
黐線蜘蛛	6
四肢健全	6
人臣	6
拖水	6
七盞燈	6
燒焊	6
黑啤	6
困獸鬥	6
互聯網絡	6
月相	6
拖好	6
一粒花	6
諸相	6
內陸河	6
舌戰	6
纖維蛋白	6
年尊	6
麋鹿	6
清火	6
玩弄感情	6
深情厚意	6
開明車馬	6
咁遲鈍	6
識唔到我	6
冇醒起	6
道藏	6
三八婦女節	6
電杆	6
發冷發熱	6
快活谷	6
斯文淡定	6
敗光	6
好酒貪杯	6
打蟲	6
受納	6
夠狼	6
嘮嘮叨叨	6
御宅族	6
牽強附會	6
精華版	6
體温計	6
大陸妹	6
衫架	6
從犯	6
魚水之歡	6
睇緊片	6
花束	6
創製	6
遊園會	6
密鑼緊鼓	6
篤爆	6
胃酸倒流	6
不歡喜	6
串得起	6
香蒜醬	6
枯水	6
憨直	6
洋服	6
為他人作嫁衣裳	6
霎霎	6
大闊佬	6
連翹	6
禁播	6
西皮	6
偏才	6
壓場	6
搐	6
前車可鑑	6
圩	6
唔嘢少	6
窩貼	6
深圳地區	6
樹欲靜而風不止	6
反轉豬肚	6
對照組	6
荼	6
自打嘴巴	6
被頭	6
紅雨	6
殘弱	6
搗蛋鬼	6
濃墨重彩	6
借花獻佛	6
丟三落四	6
地球村	6
批中	6
我又玩	6
掃黃	6
襯家	6
贍	6
神思恍惚	6
天生天養	6
爽氣	6
點票	6
下靶	6
玩後庭	6
氓	6
瞓耐啲	6
吖	6
兩當	6
黃麻	6
惡性腫瘤	6
等份	6
高唔過	6
頂針	6
記敍	6
難肥	6
清夜	6
約略	6
溢於言表	6
狗牙	6
中國城	6
浴球	6
當我冇到	6
塵俗	6
廢寢忘食	6
顯形	6
摩擦力	6
線上教學	6
燕麥片	6
循着	6
葫蘆娃	6
大孖	6
繳槍不殺	6
尼布楚條約	6
行差搭錯	6
黑色金屬	6
齊步	6
香甜可口	6
月飛	6
表姊妹	6
爭凳仔	6
瘦骨嶙峋	6
第一二個	6
雖然如此	6
紙夾	6
水鬼隊	6
風馬牛	6
雞屎藤	6
油餅	6
預埋佢	6
暖壺	6
台灣問題	6
旎	6
沙灘排球	6
逼宮	6
冇乜兩句	6
種蛋	6
乳汁	6
應召女郎	6
憬	6
為時過早	6
陣間先講	6
礦難	6
煉鐵	6
黝黑	6
肥頭耷耳	6
因間	6
想講你知	6
旁證	6
鴕	6
大唐西域記	6
呆呆傻傻	6
黃雀在後	6
茶市	6
制伏	6
糖黐豆	6
月結單	6
娩	6
電火花	6
鼻咽癌	6
雁蕩山	6
連體嬰兒	6
神職	6
台式機	6
遵行	6
外埠	6
小標題	6
開始以前	6
喪魂落魄	6
小記	6
斬埋去	6
時分秒	6
小視	6
邪門外道	6
捎	6
咩意思咯	6
冰凌	6
市容	6
湊夠數	6
表達情緒	6
洋菜	6
及第	6
獨苗	6
砸死人	6
五角形	6
反哺	6
共產黨宣言	6
試咪	6
取得一致	6
多事啦你	6
囂張跋扈	6
死淨把口	6
黑户	6
豔羨	6
仁義禮智信	6
窘	6
斥候	6
音帶	6
冊立	6
貪食蛇	6
凱旋歸來	6
顧面子	6
要聞	6
果核	6
中號	6
粉葛	6
託賴	6
校徽	6
生花柳	6
白跑一趟	6
垃圾鏟	6
龍舟水	6
威到盡	6
受你氣	6
擠兑	6
本題	6
陡坡	6
叫鴨	6
包票	6
喝糖水	6
夜啲啦	6
食緊粥	6
輓	6
攞命搏	6
札幌	6
意大利薄餅	6
失眠症	6
窩可	6
大四喜	6
食嘢唔做嘢	6
沒影	6
殘酷遊戲	6
錯解	6
枕頭袋	6
水喉水	6
露點	6
帳號	6
定冠詞	6
搞出個大頭佛	6
神福	6
濕水棉花	6
疏肝理氣	6
聖詩	6
姨母	6
祉	6
髀飯	6
走親戚	6
香盒	6
大相公	6
食臘味	6
咯吱	6
犯忌	6
畏首畏尾	6
刊載	6
發吽豆	6
張天賦	6
紛紜	6
蛙式	6
本地生產總值	6
民間習俗	6
聖父	6
抗禮	6
燕尾服	6
塑膠袋	6
工字	6
有失體統	6
我哋揾個	6
高麗王朝	6
走咗去咩	6
過度活躍	6
搞屎搞棍	6
地頭蟲	6
下花園	6
現兜兜	6
講唔過佢	6
夏令	6
茶禮	6
我乖仔	6
切膚之痛	6
數得上	6
我打機	6
陣式	6
什葉	6
鳥類學家	6
愛滋病	6
洗版	6
衝要	6
到那個時候	6
囉攣	6
狗牌	6
華盛頓郵報	6
臟器	6
轉任	6
工作紙	6
死老母	6
幀	6
高祖父	6
雞雜	6
燈籠魚	6
回籠覺	6
所以話咯	6
轉咗工	6
搬龍門	6
船篷	6
嘴多多	6
套曲	6
次貨	6
乞衣雞	6
篡	6
照我所知	6
按例	6
攀附權貴	6
中拳	6
不予置評	6
慢下手	6
左手面	6
不情之請	6
麪肥	6
老氣橫秋	6
殘敵	6
控場	6
嘴藐藐	6
升盤	6
罩衫	6
冇術	6
良朋	6
原聲帶	6
晚咗	6
普渡	6
聚沙成塔	6
今晚打老虎	6
了哥	6
碌竹	6
拔腿就跑	6
好實惠	6
我認真㗎	6
谷牛	6
貼堂	6
亡命徒	6
苛捐雜税	6
歩	6
痊	6
正反兩方面	6
唱散	6
唾手可得	6
水氹	6
象腿	6
你咁豬	6
意料中事	6
只爭朝夕	6
神經大條	6
一聲不吭	6
虛歲	6
兩德	6
反射面	6
辦公室政治	6
頼	6
公擔	6
圖示	6
影劇	6
失卻	6
計件工資	6
鉗鉗聲	6
孰不可忍	6
要射死	6
無關大局	6
攞膽	6
十頂	6
鋸片	6
鐳	6
鯽	6
字謎	6
頹敗	6
扣喉	6
搭爹	6
落地開花	6
長期飯票	6
恐高症	6
酸鹼	6
大眾媒體	6
隻飛機	6
理療師	6
木枱	6
單身寡仔	6
主禮	6
正站	6
不虛此行	6
含羞草	6
雪雞	6
唐古拉山	6
手甲	6
眼鏡鋪	6
官商勾結	6
單行線	6
地下鐵路	6
視覺藝術	6
繁華盛世	6
一驚一乍	6
硯台	6
斗轉星移	6
眶	6
手指摸	6
帝俄	6
結巴	6
叫唔喐	6
懊	6
淫棍	6
青瓷	6
紓困	6
応	6
科學管理	6
落後緊	6
論著	6
偷天換日	6
慘過敗家	6
拜大壽	6
蘇聯共產黨	6
外務部	6
你夠錢	6
傻白甜	6
玻璃化	6
九龍公園	6
藥罐	6
心神不安	6
信息產業	6
鬼靈精怪	6
焼	6
食色	6
加冠	6
凱歌	6
搶險救災	6
血槽	6
佢唔玩	6
神台貓屎	6
識錯咗	6
凍天	6
隨得你	6
喜羊羊	6
曲高和寡	6
信天翁	6
琴鍵	6
油渣面	6
廿三條	6
蔡英文	6
詐顛扮傻	6
陰陰地	6
打擊樂器	6
探戈	6
細草	6
扔下	6
事跡	6
小小地	6
白色恐怖	6
重回正軌	6
一瀉千里	6
冇公德心	6
淨身出户	6
日租卡	6
班代表	6
後腦勺	6
印跡	6
翳焗	6
無機鹽	6
決一雌雄	6
瘧	6
土財主	6
決定作用	6
收尾點啊	6
填充劑	6
髒兮兮	6
門匙	6
唔熟唔食	6
喬遷	6
明豔照人	6
皺巴巴	6
革命委員會	6
流水作業	6
騎劫	6
烏蠅拍	6
節約用水	6
一匙	6
鏈結	6
職銜	6
戳下戳下	6
進項	6
一個做好	6
滿山遍野	6
記得我冇	6
常餐	6
咬字清晰	6
複賽	6
栓	6
眼底下	6
搭錯線	6
挑毛病	6
推撞	6
腐壞	6
白雲鳳爪	6
踎街	6
冇交易	6
劣跡斑斑	6
米開朗基羅	6
杜鵑鳥	6
強加於人	6
忽上忽下	6
和局	6
導人向善	6
爆房	6
詞序	6
出口成文	6
賭球	6
花鼓戲	6
睇太多	6
死勁	6
開業典禮	6
咁悲哀	6
無千無萬	6
響口	6
龍吟虎嘯	6
創刊	6
避税	6
絕響	6
係又點唔係又點	6
玫紅	6
象牙塔	6
增肌	6
識識哋	6
趕狗入窮巷	6
現價	6
里氏	6
行得埋	6
犬齒	6
中小型企業	6
貴格	6
厭惡感	6
病到五顏六色	6
絳	6
九鐵	6
玄虛	6
自產自銷	6
瞌一陣	6
緩急輕重	6
潁	6
索油	6
水溝油	6
武士道	6
千斤頂	6
食住你	6
鐘楚紅	6
加上我又	6
波瀾起伏	6
啞謎	6
移動平均線	6
國家地震局	6
攞景	6
水刀	6
龍門架	6
疊字	6
赤魚	6
北坡	6
倒夜香	6
廉租屋	6
謠言止於智者	6
玻璃膠	6
唔發啦	6
炸兩	6
神魂不定	6
訌	6
麪包片	6
集散	6
經典案例	6
拖糧	6
發吽竇	6
精耕細作	6
坐館	6
萬象更新	6
儒者	6
種植業	6
老夫少妻	6
金蘭花	6
運滯	6
私貨	6
四二六	6
鳳凰樹	6
幾時幾日	6
黑狗偷食	6
碎皮	6
大個仔咯	6
指摘	6
津南	6
非法行為	6
奐	6
食屎屙飯	6
乜嘢料	6
經痛	6
九曲十三彎	6
尖寒尖凍	6
反猶太主義	6
拐下拐下	6
好安逸	6
英泥	6
山羊座	6
太大雨	6
運嘢	6
返台	6
左下方	6
瞓咗未	6
老頂	6
山婆	6
棗子	6
花落誰家	6
魍魎	6
離開故鄉	6
歧義	6
比堅尼	6
未必無因	6
無風不起浪	6
生漆	6
吊繩	6
紅堂	6
深蹲	6
內布拉斯加州	6
薛定諤方程	6
同撈同煲	6
例牌嘅	6
遮風避雨	6
睇唔入眼	6
全包宴	6
國內貿易	6
離合器	6
擔凳	6
比時間	6
手紋	6
運鈔車	6
氹鬼食豆腐	6
肥皂劇	6
養兵千日用在一時	6
豆沙月餅	6
鹽燒	6
珠聯璧合	6
屎忽痕	6
無量壽	6
必有一失	6
蜂羣	6
巋然	6
尊老愛幼	6
墜住	6
水果撈	6
射埋去	6
㗎仔	6
掹斷	6
油冧冧	6
揪揪	6
裙底	6
創立者	6
惹事生非	6
你出門口	6
知醒	6
泡温泉	6
魚翅瓜	6
高粱酒	6
豉汁排骨	6
眼瞼	6
蓮蓉包	6
窈	6
疊羅漢	6
決明子	6
甘蔗汁	6
春宵一刻值千金	6
八小時工作制	6
服滿	6
散座	6
裝嵌	6
發風	6
假假地都係	6
死馬當活馬醫	6
生死籤	6
夜盲	6
內外勾結	6
軟皮蛇	6
間封	6
軍事機構	6
看門狗	6
針葉樹	6
兩棲類動物	6
天跌落嚟當被冚	6
超音速	6
嗩吶	6
返國	6
爆大冷	6
水彩筆	6
皮秒	6
一山不能藏二虎	6
褪車	6
力排眾議	6
炒田螺	6
驗傷	6
婁	6
巴仙	6
生物鏈	6
主日	6
歐洲理事會	6
年庚	6
病脈	6
刻毒	6
盤費	6
主科	6
格價	6
報界	6
五穀豐收	6
牀照	6
懂行	6
勾消	6
中央執行委員會	6
寫文件	6
偏聽偏信	6
過門都係客	6
豆汁	6
家常飯	6
唔抵得佢	6
陪坐	6
阻腳	6
波子機	6
恪	6
舊曆年	6
惗	6
遇人不淑	6
蒼黃	6
讀破	6
派街坊	6
孭唔起	6
鳥嘴	6
坐艇	6
佛手瓜	6
依足	6
破舊不堪	6
炒散	6
腦波	6
拒收	6
素餡	6
以眼還眼	6
好少上	6
機場巴士	6
熱底	6
略讀	6
消熱	6
收攬	6
街市仔	6
附錄	6
查實你	6
八達通卡	6
汾陽	6
棕黃	6
老宗	6
八輩子	6
中古世紀	6
有咁早	6
一命二運三風水	6
人文科學	6
孟加拉語	6
探索性	6
實冇死	6
豬骨頭	6
大惑不解	6
猴王廟	6
血壓計	6
悶局	6
代罪羔羊	6
實報實銷	6
撩喉嚨	6
陰上	6
訛傳	6
死症	6
主婚人	6
鬆快	6
選修課	6
約數	6
與虎謀皮	6
僑居	6
翻蓋	6
朝陽門	6
聰明反被聰明誤	6
跑唔起	6
觀象台	6
遠近皆知	6
頂肚餓	6
長蟲	6
私訊	6
開門見山講	6
敢作敢當	6
白麪粉	6
停好車	6
依然故我	6
眼凸凸	6
阪	6
門捷列夫	6
懷鄉	6
發人深省	6
孔雀開屏	6
工展會	6
妹仔大過主人婆	6
生番薯	6
水桶腰	6
弔橋	6
宋濂	6
國際貨幣基金組織	6
貴族世家	6
險象環生	6
偷師	6
旺場	6
傻瓜機	6
房檐	6
聞唔出	6
退席	6
臭氧層	6
簍	6
礎	6
茅寮	6
諗死計	6
懶靚	6
精乖伶俐	6
數簿	6
瓜棚	6
飛雁	6
工餘	6
翫	6
寧教人打仔	6
猴年馬月	6
豉汁蒸排骨	6
千古恨	6
康希諾	6
封入	6
鼕	6
板球	6
利己主義	6
私行	6
接力賽	6
紅曲	6
背山面海	6
生外	6
充好	6
鴨絨	6
鋪板	6
敗血症	6
口唔對心	6
子彈火車	6
領當	6
落搭	6
牀頭打交牀尾和	6
巡捕	6
抱養	6
凡士林	6
門擋	6
學海無涯	6
紅珊瑚	6
薩拉曼卡	6
一網成擒	6
紙尿片	6
免疫法	6
講乜啫	6
相減	6
蛇餅	6
凋淡	6
烏眉瞌睡	6
風流債	6
獨酌	6
走得快好世界	6
名門貴族	6
畫家帽	6
筍殼	6
真槍實彈	6
枯燥無味	6
三絲	6
投師	6
潛烏龜	6
人喊馬嘶	6
抓取	6
唔出聲冇人話你啞	6
如坐針氈	6
貧下中農	6
善言辭	6
相底	6
不勝其煩	6
劍葉	6
唇紅齒白	6
冰蓋	6
意志薄弱	6
螞蚱	6
雄關	6
龍脷	6
接力棒	6
咫	6
夜闌	6
搭沉船	6
天下無難事	6
不解風情	6
叛逆者	6
君子蘭	6
天人交戰	6
族類	6
有口無心	6
僭建物	6
流馬尿	6
欖球	6
不怠	6
鹼度	6
相離	6
傳理	6
聲情並茂	6
小組委員會	6
酸辣土豆絲	6
造山運動	6
廣告雜誌	6
牀鋪被席	6
局內人	6
粘貼	6
飛機爆炸	6
草菅人命	6
脱產	6
你即刻走	6
送扎花	6
疽	6
黏附	6
念書	6
思路敏捷	6
美國聯邦儲備	6
策展人	6
廿四節氣	6
白皙	6
好學唔學	6
禽獸行為	6
鬼月	6
爆石	6
天壤	6
發我脾氣	6
空中巴士	6
功能鍵	6
大富由天	6
右手便	6
你畀咗	6
沾沾	6
修道士	6
土狼	6
猛吃	6
盛情難卻	6
咖啡壺	6
滾人	6
粒花	6
麪包皮	6
焦灼	6
富態	6
過橋抽板	6
農夫車	6
頭暈身熱	6
獻詞	6
睇得化	6
手指模	6
票尾	6
終點線	6
試管嬰兒	6
此一時彼一時	6
不會算	6
踩動	6
霧靄	6
開荒牛	6
低等動物	6
僖	6
三日唔埋	6
維珍尼亞	6
輪暴	6
佛語	6
危險品	6
國土安全	6
食餐勁嘅	6
沙彌	6
牛肉拉麪	6
中廚	6
小小哋	6
清清爽爽	6
耷頭	6
啓新	6
減租	6
鋼柱	6
可視化	6
半衰期	6
助學貸款	6
能源短缺	6
百變星君	6
石炮台	6
揸兜	6
眼藥	6
撈到風生水起	6
打魚蛋	6
吸嘴	6
兩度散手	5
水喉通	5
睇淡	5
搏出位	5
口毒	5
拜得神多自有神庇佑	5
歸向	5
厚顏	5
守職	5
抌本	5
緝私	5
怡和	5
傷寒症	5
血債累累	5
昏厥	5
知書達禮	5
告罪	5
喬治一世	5
熱感	5
卧病在牀	5
造紙術	5
幾千天	5
飆血	5
煎釀三寶	5
姍姍來遲	5
孝子賢孫	5
禮俗	5
神格化	5
鳳台	5
百理明	5
箍筍	5
吸着	5
紅柿	5
痴笑	5
剛去到	5
生父母	5
巴士迷	5
貪天之功	5
乃東	5
不分高下	5
開山鼻祖	5
轉寄	5
助跑	5
一字千金	5
牴觸情緒	5
放野	5
糯米糕	5
阿某某	5
煲起	5
落坐	5
電化	5
真誠待人	5
不許百姓點燈	5
守水塘	5
挺過來	5
哂	5
紅通通	5
秩	5
絕子絕孫	5
友誼萬歲	5
琵琶仔	5
包種	5
山光水色	5
播緊歌	5
様	5
控制桿	5
過橋貸款	5
弊喇	5
糙	5
你條死仔	5
自知者明	5
滴答聲	5
飽和脂肪酸	5
欺上瞞下	5
坐化	5
通盤考慮	5
嚴師出高徒	5
商税	5
海馬體	5
俸銀	5
卓有成效	5
倒打一耙	5
譬喻	5
傳聲	5
戰鬥意志	5
橫掂係	5
布控	5
豫劇	5
遲慢	5
薩摩亞	5
九出十三歸	5
理喻	5
投石問路	5
牛記	5
房契	5
文明化	5
哥羅芳	5
律詩	5
税局	5
無政府狀態	5
低利	5
就晚了	5
拉鎖	5
世界經濟論壇	5
昏黑	5
跟佬	5
置之度外	5
校驗	5
大丈夫何患無妻	5
蜿蜒曲折	5
開脱罪責	5
未咯	5
盡言	5
靦	5
除拆	5
一舉手一投足	5
乞米	5
失體面	5
勢利眼	5
直至依家	5
黑色星期五	5
映像	5
阿努比斯	5
開便	5
咩玩法	5
京杭大運河	5
攪一攪	5
謠言惑眾	5
冠狀動脈	5
克隆	5
睇你想點	5
短多	5
竽	5
肉排	5
印象主義	5
寡助	5
長江三角洲	5
肥仔肥妹	5
糊哩糊塗	5
新聞週刊	5
刮鬍刀	5
困獸之鬥	5
小國寡民	5
戎馬半生	5
同屋共主	5
聽窗	5
得道多助	5
單刀赴會	5
嬲到入骨	5
講評	5
半殖民地	5
輸咁多	5
定個台油	5
易過食生菜	5
四五代	5
利害關係人	5
哀號	5
閂好門	5
珠玉	5
尖子	5
單極	5
斷句	5
港式點心	5
臭飛	5
星星之火	5
一石二鳥	5
擒樹	5
名譽博士學位	5
滿口胡言	5
金龜婿	5
貓女	5
生產勞動	5
比畫	5
十室九空	5
理得佢死	5
殘跡	5
咪亂咁講	5
京畿	5
揚名立萬	5
折罪	5
弔孝	5
鬆獅	5
加鹽加醋	5
縉雲	5
金工	5
嗌生嗌死	5
口試	5
明星相	5
坐言起行	5
瑞士軍刀	5
鴨片	5
請仙	5
燈蛾	5
越洋	5
快樂幸福	5
咪講住	5
出嚟蒲	5
行李袋	5
仞	5
物美價廉	5
虎蝦	5
出痘	5
秦陵	5
阿拉伯聯合酋長國	5
芸芸	5
土邦	5
見食	5
波牛	5
樹陰	5
板油	5
得個殼	5
扁桃體	5
機鐵	5
便是是非人	5
高材	5
禮拜尾	5
選情	5
十房	5
大波妹	5
衰頹	5
美容覺	5
三年抱兩	5
出氣筒	5
布拉腸	5
賤貨	5
亞利桑那州	5
虐心	5
老差骨	5
風高物燥	5
雙重人格	5
女中音	5
失歡	5
正當防衞	5
膝頭哥唔食辣椒醬	5
起租	5
亡國滅種	5
辭工啦	5
唔夠準	5
老弱婦孺	5
蒞臨	5
布碎	5
橫切面	5
單起隻眼	5
脱離實際	5
公報私仇	5
流會	5
大諗頭	5
結點	5
水紋	5
雙月	5
四海飄零	5
你做緊乜	5
掘草皮	5
實線	5
珍稀動物	5
皇姑	5
鬼佬話	5
叫牀	5
嘩	5
哀兵必勝	5
薈萃	5
幼教	5
額滿	5
毛主席語錄	5
羨慕妒忌	5
速溶咖啡	5
過水濕腳	5
匐	5
雪種	5
船貨	5
撲克牌	5
擇食	5
煤爐	5
我屌你	5
鉚	5
很匆忙	5
尼加拉瓜	5
萬隆	5
坐食山崩	5
副秘書長	5
獨家村	5
一命歸西	5
淡忌廉	5
破處	5
一分子	5
國家一級保護	5
四大美女	5
辛普森一家	5
食純	5
代糖	5
咁多本	5
後浪推前浪	5
援交	5
忠君愛國	5
端茶	5
列兵	5
痴線婆	5
交數	5
以為佢走	5
拖字訣	5
揾着數	5
低音管	5
鉑	5
亂爬	5
撞口撞面	5
呼之則來	5
彈棉花	5
上網本	5
造孽	5
狼狂	5
布包豆腐	5
迷魂湯	5
泄埋	5
瞓着未	5
氣象預報	5
大人不記小人過	5
麾	5
音質好	5
收繮	5
無風起浪	5
今天天氣很好	5
大皇	5
消化酶	5
獨女	5
洛陽地區	5
口乖	5
異常現象	5
浮泥	5
蛤蜊	5
當你冇到	5
叫多個	5
租錢	5
盧旺達	5
人參果	5
禁做	5
進價	5
萬世師表	5
渾然一體	5
輸密碼	5
爍	5
急智	5
小事化無	5
禪位	5
有神冇氣	5
相與	5
週薪	5
單眼仔睇老婆	5
一定中	5
雄才偉略	5
車過嚟啦	5
三號碼頭	5
你咁冇膽	5
車呔	5
祟	5
魔窟	5
大肥婆	5
綠營	5
美刀	5
三合土	5
劍球	5
夾親	5
蛇脱	5
爭緊啲嘢	5
做牙	5
先進水平	5
蕃	5
興趣盎然	5
病室	5
巧詐	5
溝亂	5
我廣東	5
錢夾	5
初生牛犢	5
春意盎然	5
緝毒犬	5
沒水	5
有找	5
完全懂得	5
衫腳	5
北京猿人	5
惦念	5
選讀	5
歷史久遠	5
收權	5
奇趣	5
甲狀	5
密合	5
存檔	5
真唔好彩	5
按診	5
一路風塵	5
人間喜劇	5
退水	5
低俗化	5
長男	5
曱甴屋	5
蛋筒	5
教學區	5
濕毒	5
坐爆	5
洗頭艇	5
唔夠佢鬥	5
毫無意外	5
微電腦	5
水炮	5
聽障	5
細粉	5
勸化	5
蘇打粉	5
袖套	5
豪情壯志	5
濫用藥物	5
見馬克思	5
集錦	5
左氏春秋	5
偷獵者	5
顧不上	5
稞	5
慧眼識英雄	5
解甲歸田	5
堅貞不屈	5
防盜眼	5
半賣	5
默劇	5
砥	5
踩界	5
大圍牆	5
京都議定書	5
獨具匠心	5
包拗頸	5
逆序	5
猶自可	5
尾籠	5
自殺式襲擊	5
吉布斯	5
亂立立	5
掛號處	5
陳放	5
國有國法家有家規	5
抹刀	5
懸紅	5
印尼語	5
皇帝菜	5
粵語説書	5
上齒齦	5
天然呆	5
浮粉	5
國家文物局	5
補時	5
佢大過我	5
話之你	5
姘頭	5
雅趣	5
男婚女嫁	5
擎天大柱	5
吹拍	5
話又説回來	5
講漏嘴	5
玉容	5
英文中學	5
報亭	5
杯葛	5
始發	5
中中等等	5
評劇	5
戥你唔抵	5
埋欄	5
坐失良機	5
空擋	5
正巧	5
出賣咗你	5
庇護工場	5
他鄉遇故知	5
聽衰	5
係都唔定	5
萬元户	5
水滴石穿	5
生命不息	5
遭罪	5
撂	5
黃鵬	5
成為泡影	5
打油詩	5
雲霄飛車	5
去聲	5
鼠疫桿菌	5
車齡	5
十指不沾陽春水	5
番薯葉	5
食晏晝飯	5
可耕地	5
忍冬	5
神廳	5
料堆	5
冚家祥	5
遊河	5
七除八扣	5
結霜	5
收藏夾	5
出咗頭	5
一元論	5
煲水新聞	5
開口中	5
坐冷板凳	5
傳熱	5
清邁	5
揸水	5
是非只為多開口	5
向著	5
膽機	5
燕太子丹	5
馬蹬	5
獻金	5
一棟都冇	5
全國人大常委會	5
拋鑊	5
後半葉	5
摸脈	5
辣興	5
抹不掉	5
韭菜餃	5
口射	5
運籌帷幄之中	5
鍾子期	5
影象	5
訓示	5
廣州哦	5
霧水夫妻	5
受命於天	5
掛慮	5
呼啦圈	5
國家預算	5
瑪瑙	5
總會痛	5
遠親不如近鄰	5
軍委會	5
骨質	5
驚世駭俗	5
驚你有牙	5
植物分類	5
切腹	5
記念	5
叩問	5
殺警	5
闡明	5
工業行動	5
龐雜	5
全身麻醉	5
阿諛	5
追念	5
覷	5
展台	5
秋霜	5
開香堂	5
暗中摸索	5
腳氣病	5
牛柏葉	5
老棚	5
貓哭老鼠假慈悲	5
看看看	5
魚尾紋	5
爆彈	5
儀態萬方	5
牛仔布	5
大妗	5
八八卦卦	5
硬體	5
留話	5
內蒙古自治區	5
祈禱文	5
一醉解千愁	5
日薄西山	5
犛牛	5
體操運動員	5
台座	5
不知其所以然	5
八年級	5
私運	5
攝時間	5
鄂爾多斯高原	5
牙石	5
黃蠟	5
阿勒泰	5
説詞	5
衷情	5
令面	5
猶有餘悸	5
裝身	5
發射井	5
識睇人眉頭眼額	5
倒米壽星	5
知其然	5
木糠布甸	5
肥叉	5
請勿打擾	5
濕冷	5
明槍易擋	5
桃李滿天下	5
馬蹄形	5
逆施	5
混元	5
鬧新房	5
一鬨而散	5
箍到實	5
真名實姓	5
咪霸	5
女人未	5
一朝天子一朝臣	5
兩回熟	5
無線電台	5
著述	5
飯湯	5
多行不義必自斃	5
轉譯	5
髖關節	5
懵懵哋	5
拜拜你條尾	5
插班生	5
早死早着	5
五月節	5
懺	5
悠哉	5
邊度讀	5
派信	5
唆擺	5
隱身術	5
阿拉斯加州	5
不合則去	5
食唔切	5
捨己救人	5
灰土	5
汗青	5
咭	5
授權方式	5
雙職工	5
慄	5
荒誕無稽	5
唔加油	5
出貓仔	5
故衣	5
腰椎間盤突出	5
戴高帽	5
氣死人	5
峙	5
時蔬	5
王小波	5
改良主義	5
策源地	5
熱乎	5
測試包	5
爛船都有三斤釘	5
受窮	5
行逛	5
陶冶情操	5
迴歸自然	5
相紙	5
浸信會	5
去咗賣鹹鴨蛋	5
河渠	5
易做啲	5
捉錯用神	5
健美操	5
借機	5
傑西卡	5
插喉	5
戍邊	5
見異思遷	5
望洋興嘆	5
包搞掂	5
自卑心理	5
挨年近晚	5
我個侄女	5
豆泡	5
特殊教育	5
赫茲	5
反查	5
嘴尖尖	5
冤崩爛臭	5
三隻牌	5
直接競爭	5
兼優	5
黃竹坑	5
簽完名	5
腰胯	5
布爾津	5
上等貨	5
存户	5
三色豆	5
獨誦	5
焦油	5
一樣米養百樣人	5
感謝分享	5
消費者委員會	5
阻事	5
有屁就放	5
鸛鳥	5
不貼式	5
狗吃屎	5
夾硬講	5
撐杆	5
囂屎	5
搜神記	5
少壯不努力	5
陽具	5
芝士腸	5
不諳	5
通訊局	5
薊	5
滿城盡帶黃金甲	5
淨重	5
受人錢財	5
倒背如流	5
師出無名	5
汽艇	5
以及人之幼	5
延期付款	5
盤古初開	5
係咩係咪	5
彼岸花	5
大嘥	5
中日韓	5
虛頭	5
醜行	5
二等公民	5
儲位	5
坐花廳	5
一代豪傑	5
生僻字	5
紫丁香	5
相食	5
一家唔知一家事	5
椰棗	5
遺族	5
納糧	5
天差地遠	5
齊聚一堂	5
大鑊飯	5
留職	5
女怕嫁錯郎	5
叉燒酥	5
山頂位	5
約請	5
慈姑	5
封邑	5
遲吓	5
焗悶	5
摳門	5
期考	5
鞏義	5
府谷	5
拼沉	5
國字口面	5
圓舞曲	5
赫魯曉夫	5
人在屋檐下	5
水晶鞋	5
累進	5
盲流	5
從東莞	5
任食唔嬲	5
收規	5
愧色	5
穩坐釣魚台	5
迷你型	5
南澳島	5
威烈	5
貂鼠	5
小測	5
情深義重	5
少甜	5
初聲	5
竭心	5
篤穿佢	5
空中少爺	5
行路唔帶眼	5
火舌	5
紅領巾	5
愎	5
使唔喐	5
枝丫	5
房事	5
嗇	5
燉肉	5
去喝早茶	5
屎急	5
計畫	5
黑材料	5
無師自通	5
輕熟女	5
該煨	5
癸	5
可驚	5
記錯咗啊	5
擁擠不堪	5
暗星	5
臭格	5
梗係制啦	5
份單	5
節禮	5
阿崩	5
吽吽竇竇	5
沸水	5
頂癮	5
表冊	5
辯者不善	5
畀咗錢	5
青金石	5
土炕	5
冇異常	5
冷卻劑	5
水垢	5
騾子	5
發蛋	5
攪咗	5
禁品	5
面影	5
踎響度	5
鳥叫	5
家醜不出外揚	5
榮寵	5
有司	5
光身	5
失魂魚	5
老鼠跌落天平	5
四八九	5
水葬	5
好淫	5
細蓉	5
又打爛咗	5
侵略擴張	5
黑乎乎	5
伏龍鳳雛	5
趕及	5
藝伎	5
摩羅叉	5
炒價	5
今日關注	5
聯羣結隊	5
罷市	5
識少少扮代表	5
絲足	5
佢仲未到	5
鐵板神算	5
新樣	5
殃及池魚	5
海岸警衞隊	5
認真好嘢	5
圖例	5
絲竹	5
數值解	5
青出於藍而勝於藍	5
隻狐	5
錐心	5
食幾多着幾多	5
肇始	5
入屋叫人	5
心肌梗塞	5
加底	5
轉學生	5
擔天望地	5
魂歸天國	5
嘔死	5
勞嘈	5
白票	5
浮淺	5
狒	5
嘢可以亂食説話唔可以亂講	5
您先	5
跟尾狗	5
通靈板	5
難離難捨	5
祝賀語	5
謀刺	5
見鬼講鬼話	5
配票	5
蟒袍	5
胃疼	5
門聯	5
單簧管	5
長守	5
舟車	5
語義	5
鬧革命	5
寸土寸金	5
手裏劍	5
滿期	5
生結	5
黑糯米	5
悶葫蘆	5
玩謝	5
打筋斗	5
爆出去	5
無信義	5
邊緣地區	5
眼澀	5
毛都未出齊	5
粗身大細	5
八開	5
燈籠褲	5
白鬼	5
衰收尾	5
洗太平地	5
橫步	5
酒麴	5
貨卡	5
淫魔	5
打返嚟	5
鬧完交	5
收片	5
緩衝地帶	5
豆卜	5
阿聯酋航空	5
意大利青瓜	5
赤潮	5
老貓燒須	5
飽嘗	5
嘌呤	5
覆我	5
頭架	5
解囊	5
又靚咗	5
雀食	5
乜歌	5
異軍突起	5
落狗屎	5
舅奶奶	5
判明	5
琵	5
教唔掂	5
米搞	5
防偽	5
三葉蟲	5
萬狀	5
文康	5
武壇	5
包被	5
捻捻	5
臨刑	5
特大號	5
嶄	5
無功而退	5
嘴滑	5
熱褲	5
蝦霸	5
無力挽回	5
扯談	5
正六邊形	5
前所未聞	5
喉糖	5
讀文件	5
換電	5
永動機	5
執屍	5
好有空	5
採完	5
莘	5
打胎	5
階磚	5
一葉扁舟	5
忍一時風平浪靜	5
真理報	5
你攞先	5
湯藥費	5
玄鐵	5
蛙泳	5
獼猴桃	5
送頭	5
承上啓下	5
請多關照	5
傾唔埋欄	5
單口相聲	5
清風兩袖	5
火嘴	5
沖淡水	5
橫座標	5
佢好粗魯	5
直接賓語	5
承先啓後	5
邊個都信	5
青麻	5
卡賓槍	5
墳丘	5
純素食者	5
嘹	5
匪巢	5
食女	5
死牛一面頸	5
蠻橫無理	5
儒林外史	5
家醜不可外揚	5
痱	5
廣中醫	5
主觀原因	5
米通	5
酸臭	5
車輪餅	5
今晨	5
書聖	5
子規	5
羊桃	5
琵琶蝦	5
鴨乸	5
受取	5
中國氣象局	5
沱	5
寶書	5
泄慾	5
盯著	5
枝竹	5
卡哇伊	5
芻	5
壓住把火	5
督責	5
淤傷	5
嚟料	5
汰	5
節約能源	5
搓洗	5
磁力線	5
言簡意賅	5
值機	5
口無遮攔	5
紅眼病	5
偷食禁果	5
反方	5
客觀事物	5
吵鬧聲	5
噍	5
家嘈屋閉	5
瑟瑟發抖	5
善後事宜	5
香餑餑	5
同一個夢想	5
爛鬼嘢	5
素手	5
行青	5
庖	5
稟性	5
除牌	5
要擊	5
爪印	5
大包大攬	5
報價單	5
屎坑橋	5
馬腿	5
攞咁多嘢	5
您請	5
拉爆	5
磨石	5
司令台	5
暗瘡膏	5
宿醉	5
半旗	5
野鹿	5
丙午	5
艙面	5
粉牆	5
層壓	5
心塞	5
秋衣	5
拎返去	5
結婚典禮	5
望就咁望	5
無限空間	5
細菌武器	5
讀唔出	5
消愁解悶	5
盈滿	5
兜踎	5
雞碎	5
布下	5
知識界	5
合時宜	5
明滾	5
期中考	5
當透明	5
敍拉古	5
密斟	5
賽狗	5
林沈	5
契姐	5
警備司令部	5
兩虎相鬥	5
漫談	5
租務	5
七拐八拐	5
傳閲	5
佯	5
全然不同	5
道家思想	5
大媽舞	5
塵蟎	5
故去	5
拴住	5
屏息	5
獨掌大權	5
筆架	5
填字	5
瑪芬	5
打車輪	5
腦充血	5
計帶	5
家庭版	5
拍拍拖	5
出納員	5
越南話	5
海洋性氣候	5
在途	5
咆	5
頂心杉	5
老契	5
家有一老	5
如有一寶	5
認屎認屁	5
日頭唔好講人	5
安慰獎	5
珠算	5
二手貨	5
涮羊肉	5
產前檢查	5
閲兵典禮	5
口腔健康	5
紙馬	5
石榴樹	5
跳樓價	5
具名	5
紅樹灣	5
眼觀六路耳聽八方	5
攞嚟辛苦	5
賣鹹鴨蛋	5
氰化	5
救人一命勝造七級浮屠	5
骨料	5
綸	5
女公子	5
相煎何太急	5
發春	5
夠喇	5
油麻	5
纖腰	5
錢債	5
屈悶	5
門斗	5
寥落	5
球枱	5
即影即有相機	5
汪兆銘	5
車親	5
縱虎歸山	5
知其一	5
包包面	5
倒後鏡	5
冒汗	5
專橫跋扈	5
前仔	5
春柳	5
殉教	5
軍階	5
猶太教堂	5
擺烏龍	5
飯殼	5
頭脹	5
邊卡	5
難以完成	5
結夥	5
食拖鞋飯	5
答訕	5
青春不再	5
乘興而來	5
倒行逆施	5
白鼻哥	5
頭頭掂掂	5
地上執到寶	5
跟到貼	5
坦承	5
肥腫難分	5
纖小	5
下腳料	5
牛雜煲	5
負唔負責	5
開攤	5
四張嘢	5
加減乘除	5
八旗制度	5
扭紋	5
唔撳得牛頭低	5
共同性	5
窮於應付	5
風隔	5
北京菜	5
橫豎	5
迷你裙	5
削職為民	5
籃筐	5
低莊	5
借一借	5
欒	5
奇跡	5
瘴	5
配戴	5
前三甲	5
平地一聲雷	5
活雷鋒	5
面目模糊	5
人要衣裝	5
驗證過	5
博同情	5
敬語	5
安全期	5
試手	5
介子	5
砂鍋粥	5
創刊號	5
碰碰車	5
晚香玉	5
珍珠米	5
半音	5
口丫角	5
賒賬	5
卜卜聲	5
平陸	5
撅嘴	5
人要面樹要皮	5
成日嘞	5
讀寫障礙	5
醬園	5
總經銷	5
圓周率	5
迷航	5
倉頡輸入法	5
睇檔	5
抵力	5
舊遊	5
側鏡	5
烏茲別克斯坦	5
牛歡喜	5
亂搞男女關係	5
江湖救急	5
生理性	5
懶到出汁	5
傻豬啊	5
電功率	5
下眼皮	5
佛骨	5
倦容	5
眉精眼企	5
沼澤地帶	5
無保留	5
國境線	5
豬羅	5
異相	5
冇得怪	5
善長仁翁	5
一動不如一靜	5
大牛龜	5
緝兇	5
秋刀魚	5
疏扶	5
瞿	5
敬老愛幼	5
迫切希望	5
花童	5
禾稈	5
賣白粉	5
教學活動	5
米田共	5
登機牌	5
頭重重	5
剩落	5
無反	5
翻箱倒籠	5
世界屋脊	5
開釋	5
香港工會聯合會	5
貌合神離	5
教育委員會	5
飲得杯落	5
周打	5
口探	5
潰兵	5
死腦筋	5
攻城掠地	5
行得未啊	5
退熱	5
繞口	5
金戈鐵馬	5
不當一回事	5
燈油火蠟	5
律政司司長	5
嘈架	5
火箭彈	5
燒灼	5
辟穀	5
羅漢拳	5
砂石	5
三原色	5
公契	5
弟兄姊妹	5
華爾茲	5
珠心算	5
木鞋	5
硬碟	5
賓夕法尼亞州	5
拷打	5
一到天冷	5
上籃	5
女媧補天	5
屎窟窿	5
明心見性	5
臉容	5
官方話	5
袈	5
縫針	5
港客	5
決勝千里	5
音叉	5
靳	5
埕	5
修編	5
同學錄	5
差唔幾	5
精密儀器	5
交棒	5
得個字	5
袖標	5
逆黨	5
反黑組	5
戾	5
慘遭不幸	5
港漂	5
鑿子	5
盟兄	5
嬌軀	5
男排	5
大齡青年	5
度街	5
即叫即整	5
趕鴨仔	5
網絡語言	5
八卦公	5
磨心	5
有早知	5
豚鼠	5
黑種人	5
提純	5
蹲點	5
仲使審	5
剛正不阿	5
貴婦狗	5
儘速	5
不隨意	5
設計規範	5
肉嘟嘟	5
存倉	5
纖手	5
排水孔	5
執返條命仔	5
君主立憲制	5
魯莽行事	5
獨角戲	5
好事近	5
西瓜波	5
虎踞龍盤	5
腎虧	5
我冇仔	5
後波	5
初來乍到	5
泥灰	5
挽下手	5
最毒婦人心	5
杏眼	5
故技重演	5
明渠	5
賣窮	5
冧女	5
閉關自守	5
無脈	5
穿崩	5
手作仔	5
打數	5
頑劣	5
惡口	5
夜不歸宿	5
烙鐵	5
德欽	5
做人世	5
用意何在	5
臨記	5
就裏	5
好搞唔搞	5
香港警務處	5
披星帶月	5
外耳	5
麒麟臂	5
做就有心無力	5
鐧	5
細聲細氣	5
窄窄地	5
唔慌好嘢	5
税收制度	5
放還	5
有機化合物	5
豬粉腸	5
性徵	5
粉黛	5
圖釘	5
痴肥	5
橫隔	5
攣毛	5
台面呢	5
弄巧成拙	5
硬掘掘	5
賢內助	5
石榴子	5
腐皮卷	5
菜脯	5
電水壺	5
死硬派	5
胡狼	5
扯罷啦	5
好大數	5
社會總需求	5
敞	5
上半夜	5
有蟻	5
禮多人不怪	5
惦	5
喇叭牌	5
團拜	5
士多啤梨蘋果橙	5
俚	5
劈友	5
你加油啦	5
借東風	5
大糞	5
蚵仔煎	5
冰袖	5
紅莧菜	5
用唔用到	5
搞不定	5
發糕	5
呢枝	5
周武王姬發	5
直截了當	5
容下	5
世行	5
環保教育	5
炒老細魷魚	5
不知所終	5
嬌紅	5
卧倒	5
提拉米蘇	5
衣不蔽體	5
相喺邊度	5
打跑	5
批頭	5
未約	5
洋車	5
拖住手仔	5
人無橫財不富	5
畀心機	5
基面	5
耐看	5
歸程	5
敲敲打打	5
無從談起	5
源點	5
固網	5
終天	5
塘魚	5
生厭	5
鹹酥雞	5
中流砥柱	5
犁田	5
仙藥	5
垃圾佬	5
忍飢挨餓	5
兒媳	5
萬籟無聲	5
口同鼻拗	5
刨書	5
打岔	5
牛工	5
打你啊啦	5
冰肉	5
葉卡捷琳娜	5
親家母	5
視窗	5
社會正義	5
督工	5
發牙痕	5
空口白話	5
寶蓋頭	5
打死狗講價	5
回港證	5
堡礁	5
為的是	5
佛壇	5
撈亂骨頭	5
優秀品質	5
窗紗	5
西樂	5
長傳	5
発	5
拘守	5
嘴鬆	5
浸鹹水	5
反動勢力	5
呱呱嘈	5
改換門庭	5
幾係嘢	5
負極	5
城門失火	5
奶油多	5
遠大理想	5
票根	5
捍	5
隨之而後	5
爭名奪利	5
大平賣	5
蒸焗爐	5
吹波糖	5
勝局	5
浸會醫院	5
山楂餅	5
一心二用	5
布朗族	5
跳舞機	5
趕住投胎	5
亭子	5
砌低	5
姻親	5
派彩	5
地爐	5
羽翼豐滿	5
大雞唔食細米	5
土庫曼	5
憶江南	5
颼	5
鐵娘子	5
唔多覺	5
激浪	5
金絲貓	5
犯罪學	5
保薦	5
糗	5
辛苦命	5
香味撲鼻	5
銀主盤	5
死於安樂	5
石塘嘴	5
回收場	5
不保存	5
含沙射影	5
單細胞生物	5
沙蝦	5
自然經濟	5
被動局面	5
開示	5
試樣	5
作數	5
洗碗碟機	5
將門虎子	5
鬼把戲	5
撥雲見日	5
行人專用區	5
傻人有傻福	5
故友	5
衞浴	5
拉制	5
三顧草廬	5
大茴香	5
前燕	5
身分	5
疵	5
逼夾	5
溶劑	5
史詩般	5
賽龍舟	5
難得食	5
豐碩	5
撇脱	5
禁見	5
蟲兒	5
四碌	5
鶴嘴鋤	5
小項	5
灼燒	5
鱗傷	5
印璽	5
右耳出	5
輯錄	5
濾水器	5
帶波	5
激親人	5
量尺寸	5
軟水	5
心驚膽顫	5
凍薪	5
鐵桿粉絲	5
勝過一個諸葛亮	5
不堪忍受	5
阻差辦公	5
拒人於千里之外	5
運行方式	5
滯咗	5
解放運動	5
四邑	5
氣候學家	5
公價	5
滑鐵盧	5
簽章	5
孢	5
曠古	5
陶冶性情	5
雨點小	5
匱	5
褲腰帶	5
百聞不如一見	5
俗語有云	5
刺字	5
篩走	5
媽祖廟	5
台山話	5
重症監護	5
雨順風調	5
例假	5
打正旗號	5
水豆腐	5
幾時交	5
努力創造	5
潮語歌曲	5
中鋪	5
過返去	5
講就天下無敵	5
揮之則去	5
耕開有人爭	5
處理垃圾	5
黨務	5
豬乸都會上樹	5
炸牛奶	5
查牌	5
物質獎勵	5
暗喻	5
考評	5
山麓	5
四環素	5
白區	5
人命傷亡	5
世局	5
外勤	5
唔做中	5
墳山	5
事勢	5
血淚交織	5
成日播	5
砝碼	5
雪冤	5
時沙	5
歪風邪氣	5
殘本	5
基本點	5
憂勞	5
分辨善惡	5
一摞	5
舶	5
杯酒言歡	5
地波	5
咩風吹你嚟	5
㗎妹	5
夾唔埋	5
小米椒	5
羊絨	5
樣靚身材正	5
盡地一鋪	5
豬尾巴	5
二撇雞	5
中華白海豚	5
食螺絲	5
拷貝	5
叫醒服務	5
意味著	5
肓	5
紙灰	5
斜度	5
專著	5
侯斯頓	5
繁文	5
打瞌睡	5
吉事	5
種子發芽	5
支持下你	5
超升	5
親臨其境	5
豬油包	5
修練	5
悦色	5
山椒魚	5
教具	5
力不到不為財	5
小姨子	5
煮死	5
左撓	5
壁櫃	5
珠被	5
遮陽傘	5
視障	5
我畀你	5
採出	5
楊桃	5
有啲聲氣	5
修道人	5
師奶殺手	5
枝蔓	5
直排	5
頭腦清楚	5
鐵牀	5
挨門	5
追根溯源	5
牛蛋	5
細嚼慢嚥	5
書券	5
正極	5
學弟	5
雙關	5
天稱	5
太平啲	5
冇幾何	5
擊刺	5
轉變過程	5
身態	5
賣大包	5
口水佬	5
爛頭卒	5
人生短暫	5
李澤楷	5
飆漲	5
素月	5
三七廿一	5
醉翁	5
妥帖	5
帶菌者	5
鹽山	5
賀知章	5
裝甲部隊	5
數學物理	5
打開天窗説亮話	5
狐羣狗黨	5
塵囂	5
噴油	5
丑牛	5
補飛	5
聖朝	5
椰油	5
咪頭	5
不良於行	5
英勇犧牲	5
吞撲	5
浴鹽	5
勸止	5
雙字	5
只玩	5
飛雞	5
市場準入	5
皇天后土	5
便池	5
空域	5
你報唔報	5
勞工假	5
介詞	5
神沙	5
拗柴	5
撩嚟撩去	5
周年	5
小兒麻痹症	5
外語系	5
監察官	5
非禮勿聽	5
桶口	5
炮兵營	5
喜聞樂見	5
拍拍屁股走人	5
化腐朽為神奇	5
強忍悲痛	5
扁舟	5
女人型	5
文無第一	5
人工流產	5
第一例	5
偃旗息鼓	5
形勝	5
加泰隆尼亞	5
掉向	5
棺材仔	5
無心肝	5
逼令	5
上早班	5
骨髓炎	5
龍戲珠	5
吔屎啦	5
獻寶	5
布魯克林大橋	5
詳述	5
閂死	5
面有喜色	5
轉法輪	5
一頸血	5
開古	5
搜證	5
濛濛查查	5
一筆抹殺	5
同牀異夢	5
驗眼	5
咁多人死唔見你死	5
被袋	5
鬆土	5
咧啡	5
苦瓜面	5
急急腳去	5
果子狸	5
一己私慾	5
基礎課	5
強心劑	5
食到嗒嗒聲	5
貓蝨	5
行唔起	5
不管三七二十一	5
左閃右避	5
雄黃	5
籃框	5
好人卡	5
諳	5
亂碼	5
連體嬰	5
做齣好戲	5
天要落雨	5
貴係貴啲	5
車到山前必有路	5
處之泰然	5
小暑	5
坑仔	5
憂悶	5
一對多	5
踩親條尾	5
郫	5
民法典	5
誓死不從	5
王老五	5
冚世界	5
複寫	5
鬼國	5
尊奉	5
街牌	5
哽耳	5
撫琴	5
踩水影	5
含苞待放	5
褪幾步	5
氣根	5
搏手	5
上班一族	5
崽子	5
哭腔	5
江湖情	5
通論	5
一貫作風	5
沙皮狗	5
換更	5
紙婚	5
戻	5
親共	5
洗衣店	5
身先士卒	5
胚芽	5
轉捩點	5
靜寧	5
三大法寶	5
其心可誅	5
有求於人	5
火窯	5
測謊機	5
簾子	5
熱巧克力	5
女人緣	5
蟲類	5
鐘點工人	5
老於世故	5
喺口唇邊	5
五邑	5
食雞胸	5
嫡派	5
黐立立	5
仙女棒	5
執牛耳	5
小幸運	5
油麥菜	5
砷	5
唔想笑	5
壓壞	5
佛手柑	5
隨信附上	5
出口額	5
寫代碼	5
王世充	5
潤筆	5
疏乎	5
住院部	5
迎月	5
好少玩	5
茅根竹	5
鮑魚雞	5
候任	5
活力四射	5
単	5
古城區	5
提早走	5
氣壯山河	5
低炒	5
邊集	5
語法書	5
殘花敗柳	5
發錯咗	5
外母乸	5
誘捕	5
多細胞	5
薩拉熱窩	5
玩出火	5
稚子	5
炒底	5
應訊	5
四川佬	5
鑷子	5
泡泡浴	5
奉旨成婚	5
樂開花	5
綴	5
就係了	5
首縣	5
自己方便	5
行啱咗	5
一直落去	5
谷住谷住	5
閹雞	5
電子工程	5
原始分	5
台灣關係法	5
馬駒	5
酒色財氣	5
嫺雅	5
藥師佛	5
臨牀實驗	5
擴大再生產	5
神隱	5
刷爆	5
不恥下問	5
調羹	5
偶像崇拜	5
致哀	5
打完機	5
黐頭芒	5
忠貞不渝	5
一夜夫妻百夜恩	5
屠殺者	5
小羚羊	5
染缸	5
衣來伸手	5
大後年	5
亂打亂撞	5
電鰻	5
串字	5
爛茸茸	5
紅舞鞋	5
前半夜	5
紓解	5
禪理	5
糖醋魚	5
大頭針	5
口瘡	5
到埗	5
蓿	5
幾似啊	5
不可捉摸	5
骨片	5
班固	5
行開啲啦	5
大咬	5
網上資料	5
叔台	5
碌低就瞓	5
跌市	5
百子櫃	5
第二秒	5
再借不難	5
一副牌	5
許勝不許敗	5
耀目	5
牢靠	5
唐卡	5
鞍前馬後	5
草山	5
求其應付	5
話我好靚	5
速勝	5
互相推諉	5
螞蟻搬家	5
有心眼	5
知書識墨	5
病從口入	5
逐行	5
語族	5
你食飯先	5
熨	5
遲菜心	5
快遞櫃	5
壓抑感	5
羽絨衫	5
勸戒	5
蚊怕水	5
實屬不易	5
赫本	5
齋日	5
言之無物	5
猛醒	5
精氨酸	5
衰乜嘢	5
經血	5
水蟹粥	5
爆樽	5
沒人住	5
強酸	5
山芋	5
草食動物	5
米豆	5
打稿	5
通俗小説	5
爽身	5
非常會議	4
獨闢蹊徑	4
敲竹槓	4
嫩苗	4
統一派位	4
後坐力	4
絨布	4
篇目	4
企圖心	4
大街大巷	4
蠅頭小利	4
威武不屈	4
深痛	4
東莞啦	4
挖角	4
愛沙尼亞	4
風濕病	4
無語問蒼天	4
小斑點	4
稱揚	4
縮頭縮腦	4
遇溺	4
講題	4
孔武有力	4
生果刀	4
知頭唔知尾	4
覚	4
復市	4
皮製品	4
為勢所逼	4
自我發展	4
適配	4
羊羹	4
趕住去投胎咩	4
蘭花手	4
招貼	4
鎳	4
八卦婆	4
抓實	4
佛誕	4
左丘明	4
龍撩	4
退換貨	4
超清	4
止咳水	4
視如糞土	4
夏桑菊	4
百合匙	4
香港仔隧道	4
嘶喊	4
不太忙	4
好戰友	4
刑事犯	4
性冷淡	4
鴻圖大展	4
契嫂	4
掘頭	4
男人之家	4
背頭	4
流彈	4
禁慾主義	4
老臨	4
遺妻	4
識錯	4
酌量	4
檔口呢	4
處理程序	4
抗議書	4
移風易俗	4
擇吉	4
叫嚷	4
多彩多姿	4
四大洋	4
臂章	4
疑念	4
交易額	4
有什麼做	4
葱鬱	4
急需解決	4
授業	4
一隻狸	4
鼠害	4
蘇伊士運河	4
躇	4
枕巾	4
圍標	4
悸動	4
黏菌	4
子宮頸癌	4
粗口爛舌	4
浮着	4
露體狂	4
黨綱	4
頂爺	4
短命種	4
註腳	4
膿瘡	4
過河濕腳	4
孿	4
咪逼佢	4
行程單	4
水靴	4
小寒	4
眼赤	4
冬青樹	4
宮闕	4
舅媽	4
醫療輔助隊	4
倒霉蛋	4
九代單傳	4
毛重	4
巧奪天工	4
打霧	4
旅行支票	4
大同社會	4
身己	4
雄性激素	4
起首	4
孔雀石	4
多謝合作	4
殘照	4
鏟雪車	4
狐臭	4
詐聾扮啞	4
原神	4
瘋狗症	4
四格漫畫	4
腦袋瓜	4
做盛行	4
穿櫃桶底	4
枕頭套	4
累犯	4
洗機	4
用餐時間	4
冇流量	4
失體統	4
命喪黃泉	4
説話算話	4
隔夜油炸鬼	4
飽經憂患	4
接更	4
廟口	4
腋臭	4
無脊椎	4
大雁塔	4
營火	4
轎佬	4
綠營兵	4
窒人	4
傾銷	4
相見好同住難	4
我有過牆梯	4
薄弱環節	4
過膠	4
餓狗搶屎	4
三國英雄	4
討論通過	4
喉擒	4
共通性	4
循環使用	4
秤砣	4
絢	4
商埠	4
愛麗絲夢遊仙境	4
真好吃	4
滄海遺珠	4
收虧	4
諗到去邊	4
前序	4
構詞法	4
破銅爛鐵	4
撐場面	4
芪	4
重文輕武	4
食價	4
今日好焗	4
筆桿	4
面黃黃	4
封套	4
可不可能	4
巨齒鯊	4
龍鳳呈祥	4
走調	4
色拉油	4
新津	4
使節團	4
交併	4
美鈔	4
紫花地丁	4
行下企下	4
人浮於事	4
摘走	4
風紀	4
南島語	4
菜苗	4
假小子	4
雙氧水	4
開源節流	4
長板凳	4
佢散咗	4
下頁	4
屠戮	4
凹進	4
你咪行住	4
想頭	4
國家重點實驗室	4
大山貓	4
捉路	4
欽賜	4
分子結構	4
垂直線	4
漆樹	4
誘餌	4
揾銀	4
底格里斯	4
黑信	4
勢所必然	4
熟性	4
直筆甩	4
篤眼篤鼻	4
團契	4
趁低吸納	4
煲乜	4
狗不理	4
上眼瞼	4
後魏	4
蕨	4
光驅	4
藏污納垢	4
揸爆	4
漆油	4
糊仔	4
兒孫滿堂	4
優先座	4
純利	4
民法	4
幾歹	4
太樣衰	4
籌募	4
直布羅陀海峽	4
曲線圖	4
心外壓	4
户內	4
象形字	4
襯線	4
百上加斤	4
腳頭好	4
印度國大黨	4
四海一家	4
雷打不動	4
冰釋	4
威信掃地	4
出咁多汗	4
業餘愛好者	4
茅屋頂	4
不懂裝懂	4
灌湯餃	4
居巢	4
珍寶珠	4
燻肉	4
略有出入	4
職業無分貴賤	4
信佢一成	4
食皇家飯	4
乾燒伊麪	4
國際台	4
持卡人	4
笨頭笨腦	4
成朝早	4
四眼田雞	4
中途宿舍	4
執書包	4
舟車勞頓	4
老鼠膠	4
妄加評論	4
篤篤車	4
能不能用	4
杯酒釋兵權	4
老公餅	4
地磁	4
相集	4
落花生	4
補血藥	4
洗肚	4
脱貧致富	4
咪講住啦	4
嗑	4
拍硬檔	4
朝令夕改	4
血漬	4
他山之石	4
追述	4
填字遊戲	4
兩頭走	4
有乜出奇	4
菅	4
猛跌	4
忙到七彩	4
學是學非	4
壽星公吊頸嫌命長	4
信心百倍	4
柏林圍牆	4
裁判長	4
松針	4
幾多字	4
撳住嚟搶	4
愉景灣	4
監生埋	4
人瑞	4
常務委員會	4
枇	4
鄉下人家	4
執埋手尾	4
超前消費	4
絕然	4
牌九	4
貞節牌坊	4
亦且	4
釘鞋	4
文字獄	4
懶懶地	4
沉湎	4
九分之一	4
樹蛙	4
品味生活	4
監管體制	4
先聲	4
恭順	4
困窮	4
孤寒佬	4
統一性	4
拆家	4
寫作技巧	4
蜜蠟	4
悻	4
人怕出名豬怕壯	4
樟木	4
奪標	4
冇頭烏蠅	4
望咩望	4
生物反應器	4
參照系	4
想呃邊個	4
老虎鉗	4
開罰單	4
摟着	4
胃灼熱	4
跳出火坑	4
馬拉多納	4
聽膩了	4
台灣風味	4
男管家	4
拼圖遊戲	4
堂姊妹	4
好冇品	4
嗷嗚	4
燃眉	4
諧星	4
車埋去	4
腰果雞丁	4
咳水	4
中國人民志願軍	4
夾當	4
廩	4
夫唱婦隨	4
保額	4
穀草	4
專利法	4
絕竅	4
客觀世界	4
喐不得其正	4
發泡	4
犄角	4
有乜冬瓜豆腐	4
原子粒	4
視帝	4
炒地皮	4
佔領軍	4
雲台花園	4
孩提	4
絲毫不差	4
生蟲枴杖	4
長於斯	4
揉捏	4
偏慢	4
扱	4
患病者	4
矮化	4
好識嘆	4
耳罩	4
探熱針	4
世侄	4
船舷	4
小試牛刀	4
納米樓	4
爆屎	4
午餐會	4
水靜河飛	4
煞白	4
按動	4
透氣性	4
婧	4
恆星系	4
好返好多	4
裝備齊全	4
波地	4
三項鐵人	4
竹蜻蜓	4
欲望	4
交接班	4
創匯	4
啫住	4
施事	4
你憑咩要	4
統籌安排	4
南方都市報	4
穿多件	4
混混沌沌	4
開眼盲	4
勞苦大眾	4
紅透半邊天	4
冇事幹	4
同屋住	4
搧	4
煦	4
兩文三語	4
像一滴	4
男子氣	4
姻緣天註定	4
內牆	4
露臍	4
濺開	4
盒仔飯	4
交底	4
貝雷帽	4
蔚為	4
井鹽	4
東江水	4
專上院校	4
弓鼻	4
小貓三兩隻	4
儲户	4
連宵	4
偏執型	4
食不知味	4
校醫	4
雜貨攤	4
慶功會	4
布藝	4
精深	4
烏干達	4
專利局	4
琵琶行	4
麻將台	4
一命歸陰	4
駭浪	4
唱片騎師	4
狂敲	4
泥菩薩過江	4
鋃	4
長炮	4
打暈你	4
鵠	4
工廠妹	4
焙	4
散咗嘞	4
慳水慳力	4
鵝黃	4
生活力	4
踢皮球	4
有苦説不出	4
物色人才	4
古氣	4
髏	4
早夭	4
濫藥	4
刊憲	4
進益	4
餅卡	4
加大碼	4
等壓線	4
紋眉	4
吃得苦中苦	4
方為人上人	4
笑紋	4
脂粉客	4
駁火	4
多種維生素	4
冇得唱	4
同等條件	4
拠	4
感恩圖報	4
亞貓	4
旅遊巴士	4
京菜	4
巫士	4
全影	4
賣鹹魚	4
蝨乸	4
香桂	4
釘頭	4
地震儀	4
惺惺作態	4
野戰部隊	4
玩真嘅	4
單身貴族	4
恩物	4
不能抵抗	4
自毀長城	4
再版	4
削筆刀	4
日本拉麪	4
水管工	4
齪	4
難混	4
腳踏板	4
好説歹説	4
裙腳仔	4
神科	4
過佛山	4
性幻想	4
修業	4
烏七八糟	4
唔使擇日	4
邕	4
香蕉船	4
呢排好煩	4
咸亨	4
倒刺	4
賓士	4
看到底	4
磅水	4
彈埋	4
人魚線	4
西裝褲	4
以直報怨	4
寫作方法	4
薯類	4
我都係咯	4
弒君	4
閒扯	4
生果金	4
有借冇還	4
腹膜炎	4
羣育	4
冰磚	4
準唔準備	4
早一排	4
唐宋八大家	4
清水樓	4
勸籲	4
勁哥	4
紅姑娘	4
阿茲海默症	4
凍瘡	4
婚外戀	4
劈波斬浪	4
襁褓	4
權利法案	4
成棚人	4
萋萋	4
中耳	4
談吐不凡	4
徠	4
耳鼓	4
細用	4
志不在此	4
歇聲	4
拼到底	4
制空權	4
淡茂茂	4
美國地質調查局	4
按步就班	4
月滿則虧	4
耽美	4
紅色線	4
切粉	4
橋唔怕舊	4
摑佢	4
我都想揾	4
欄位	4
橫死掂死	4
國際都會	4
捏一把汗	4
數綿羊	4
語聲	4
花托	4
達爾文港	4
依家唔想	4
一氧化碳中毒	4
白嘥	4
怎樣算	4
載運	4
捲鋪蓋走人	4
練馬師	4
胡編亂造	4
蓄養	4
癩蛤蟆想食天鵝肉	4
礪	4
閲兵式	4
親家老爺	4
孟嘗君	4
茶煲	4
阿差	4
自動控制	4
屎尿屁	4
蹦出來	4
不識大體	4
遠天	4
荏苒	4
白頭鷹	4
多米尼克	4
自肥	4
腕錶	4
曬棚	4
白頭浪	4
刻苦努力	4
從現在起	4
瞓住覺	4
大政方針	4
不容小覷	4
拉勻	4
釦環	4
雕落	4
朝中有人好辦事	4
翁姑	4
襪帶	4
異端邪説	4
數佬	4
味千拉麪	4
收費員	4
形色	4
調景嶺	4
番茄紅素	4
捺	4
油瓶仔	4
在家靠父母	4
正月初二	4
翻作	4
廣場恐懼症	4
濕凍	4
聯合國兒童基金會	4
睇唔切	4
盲拳打死老師傅	4
蚊髀同牛髀	4
二等兵	4
公之於眾	4
單程證	4
交通車	4
鎢	4
征衣	4
新官上任三把火	4
賬務	4
闌尾炎	4
離開深圳	4
躲雨	4
內衫	4
春風一度	4
委委屈屈	4
笑點低	4
跌跤	4
盛載	4
隔離部門	4
代打	4
夜香	4
不吝	4
上等兵	4
拖波	4
案板	4
家慈	4
唔使拘	4
志趣	4
三次方	4
可溶性	4
大熱症	4
你睇住先	4
你好叻咩	4
不即不離	4
企街	4
唔怪得之	4
打禪	4
聲吶	4
諸多事實	4
滲透壓	4
你就嚟咗	4
自我評價	4
乙醇	4
風炮	4
豪華房	4
下聘	4
胸懷坦蕩	4
衝壓	4
轉向燈	4
鬼妹仔	4
佢喉嚨痛	4
以前你好	4
造謠言	4
獨木船	4
對我嚟説	4
小時工	4
箍唔過	4
盼星星盼月亮	4
邊個算係	4
輕饒	4
糖衣毒藥	4
密使	4
我都唔熟	4
劍走偏鋒	4
光瓦	4
春節聯歡晚會	4
攝親	4
撞鬼你咩	4
虜獲	4
惠顧	4
羊欄	4
坐埋同一條船	4
波棍	4
因果論	4
茫然失措	4
琴書	4
限定詞	4
基礎問題	4
浜	4
冧巴	4
屎波	4
食蓮子羹	4
小食亭	4
姨媽到	4
雞犬升天	4
濕鳩	4
口淡淡	4
薪俸税	4
雅魯藏布大峽谷	4
狂迷	4
眼大睇過龍	4
弄懂	4
天體物理學家	4
臭不可聞	4
以逸待勞	4
扁意粉	4
名媒正娶	4
盤貨	4
你回到了	4
曠達	4
屎忽鬼	4
吞槍	4
生理學家	4
大襟衫	4
過山峯	4
蠢動	4
新加坡航空	4
講笑姐	4
互勉	4
沙地阿拉伯	4
清暑	4
嫦娥奔月	4
紗燈	4
燒青	4
鼎食	4
高功	4
老喇	4
自然力	4
木琴	4
衫爛咗	4
唔係猛龍唔過江	4
米飯班主	4
萬國博覽會	4
裁處	4
家電維修	4
季相	4
速溶	4
縱論	4
帶勁	4
雙清	4
結束工作	4
鯉魚仔	4
不弄	4
不吭聲	4
布草	4
便帽	4
隔涉	4
髖骨	4
口沫橫飛	4
尼安德特人	4
人工干預	4
打電腦	4
咩嚟嘎	4
沾花惹草	4
白桃	4
搭唔上	4
賢士	4
大烏鴉	4
好人事	4
吊臂車	4
檸水	4
馬蘭花	4
咩圖	4
實行改革	4
教育方針	4
華約	4
無線電廣播	4
壁櫥	4
礙手礙腳	4
拋球	4
醜生	4
背字	4
忘年戀	4
繞繞	4
風槍	4
肯雅	4
牡丹皮	4
倉惶	4
犢	4
殘毒	4
首音	4
談虎色變	4
致勝	4
督爺	4
庶出	4
掃場	4
暖包	4
見人講人話	4
中國共產主義青年團	4
嘍羅	4
酸辣醬	4
眼利	4
癩痢	4
團風	4
毛細孔	4
醉翁亭	4
古文運動	4
高薪厚職	4
焯熟	4
七喜	4
冗餘	4
拉生意	4
隻抽	4
蹲馬步	4
稚氣	4
方頂	4
説上幾句	4
場務	4
叮噹聲	4
縴夫	4
絕對領域	4
松毛	4
承保	4
舞台燈	4
對簿公堂	4
慢鏡頭	4
花基	4
天下無不是之父母	4
快速公路	4
梅花點	4
欠奉	4
矮門	4
立功受獎	4
警鈴	4
打種	4
紅藥水	4
食人族	4
今日份	4
收工了	4
頓感	4
練習冊	4
難以克服	4
霎下霎下	4
裝釘	4
環保主義	4
撞鬼你	4
賞臉	4
準繩	4
我瞓先	4
磁化	4
寒蟬效應	4
外寇	4
特起	4
田坑	4
扇風	4
別針	4
你都知呢	4
陽泉	4
觀風	4
明礬	4
陰毛	4
走記	4
言明在先	4
答疑	4
收款台	4
攞便宜	4
摺裙	4
賣口乖	4
讒	4
患處	4
凸透鏡	4
瑕不掩瑜	4
冷待	4
空氣阻力	4
金葫蘆	4
規率	4
冰封三尺	4
絲絛	4
組織路線	4
野胡蘿蔔	4
諺	4
無心插柳柳成蔭	4
搶風	4
又蠢又鈍	4
飛滋	4
鯤	4
結為一體	4
咖啡糖	4
子孫根	4
咪執輸	4
另覓	4
虛無主義	4
値	4
大白話	4
縱橫家	4
牙剪	4
荒謬無稽	4
餞	4
犯罪團伙	4
電檢	4
皇帝女	4
勤管	4
千足蟲	4
拜金女	4
能攻能守	4
船舵	4
卡口	4
行動緩慢	4
殘垣斷壁	4
題型	4
機械加工	4
干政	4
咪就係囉	4
可免則免	4
洗胃	4
賓州	4
茶瓜送飯	4
福音派	4
替班	4
和頭酒	4
燒高香	4
山旮旯嘅地方	4
幕牆	4
食過番尋味	4
猖	4
傳染源	4
唔順超	4
拍散拖	4
此風不可長	4
長他人志氣	4
順得人	4
經濟落後	4
提壺	4
角鐵	4
從嚴處理	4
攞碟	4
孑	4
通窿	4
間接賓語	4
唱盤	4
初選	4
功高望重	4
村校	4
光溜溜	4
蓮藕湯	4
全休	4
出入證	4
經典故事	4
血滴子	4
社會福利署	4
是非自有公論	4
重孫	4
有仇不報非君子	4
託我手踭	4
還有排	4
爆冷門	4
進退自如	4
安圖	4
淅瀝瀝	4
有交帶	4
暗疾	4
石壩	4
害臊	4
漁產	4
痱滋	4
撲救	4
顧影自憐	4
十成九	4
新聞簡報	4
蒲台	4
渴慕	4
貓乸	4
灰佬	4
行船跑馬三分險	4
豬苓	4
流弊	4
分子料理	4
垛口	4
美國軍人	4
紋銀	4
契細佬	4
菏澤	4
雜戲	4
主僕關係	4
煲咖啡	4
陰陽永隔	4
破氣	4
着作	4
依士	4
敬祝	4
潮氣	4
笨人出手	4
飛線	4
人急智生	4
籌委會	4
你又話去	4
回勇	4
出缺	4
醫囑	4
氪	4
蔗水	4
油印	4
戴孝	4
打鑊金	4
雙非	4
掰扯	4
醫院管理局	4
枕頭狀	4
冚家拎	4
選舉委員會	4
習慣自然	4
紮棍	4
閨中密友	4
疑匪	4
好我信你	4
鬼唔望	4
百分率	4
冷僻	4
生化武器	4
植皮	4
拃	4
航海者	4
粟米羹	4
歸化	4
放鴿子	4
受傷害啦	4
奄	4
裁切	4
搞完衞生	4
生理時鐘	4
屋漏偏逢連夜雨	4
羅曼蒂克	4
盲撐	4
惡語傷人	4
殺毒軟件	4
思想包袱	4
糖汁	4
亡故	4
藏私	4
寶貝兒	4
妄下判斷	4
單人間	4
跟下眼	4
沒轍	4
失速	4
毛絨絨	4
得返一個	4
莧菜	4
鱒	4
天理人情	4
硬座	4
全走	4
浹	4
焗盅	4
水磨磚	4
淡泊名利	4
直通火車	4
豬天梯	4
經唔起考驗	4
探家	4
發辦	4
爭面子	4
釁	4
山頂洞人	4
拆線	4
地毯式	4
國際刑警組織	4
二廠	4
安遠	4
使乜緊張	4
大篷車	4
急性闌尾炎	4
燒到埋嚟	4
洋話	4
有利必有弊	4
分站	4
手快快	4
背陰	4
説曹操曹操就到	4
晃晃悠悠	4
氣候暖化	4
忿氣	4
名門閨秀	4
壓力計	4
特事特辦	4
近義詞	4
石渠	4
帔	4
卜卜齋	4
偶遇我	4
日頭唔好講人夜晚唔好講鬼	4
表面張力	4
軟環境	4
信心倍增	4
下流社會	4
灼見	4
重色輕友	4
皮筋	4
附着物	4
芭樂	4
新德里	4
相互輝映	4
遠隔重洋	4
傳述	4
林林聲	4
匍匐	4
昕	4
實際困難	4
雙牀	4
太監騎馬	4
免疫性	4
暗袋	4
靖安	4
保護牙齒	4
活菩薩	4
隋文帝楊堅	4
消費羣	4
水耕	4
做慣做熟	4
惡跡	4
拼搶	4
墨盒	4
殺人案件	4
要啩	4
肥田料	4
轉危為機	4
封包	4
困惑不解	4
十類	4
熱處理	4
口彩	4
經營思想	4
魚雲	4
尚待	4
倪桂珍	4
點係呀	4
見財化水	4
普通房	4
碌蔗	4
君子動口不動手	4
太陽谷	4
守護香港	4
開檔口	4
泛白	4
記錄員	4
黐起身	4
食鹽多過你食米	4
腳肚	4
西史	4
光標	4
熙來攘往	4
好冇飛	4
車馬費	4
置之死地而後生	4
特殊符號	4
善者不辯	4
即影即有	4
我叫女	4
冚包散	4
矮凸凸	4
計唔出	4
災變	4
心電感應	4
酸味味	4
我嚇親	4
我來自潮州	4
風吹雞蛋殼	4
累心	4
掛住你咯	4
足月	4
官架子	4
便攜	4
常勝軍	4
見親你	4
蝟	4
焗蟹	4
未完待續	4
蝴蝶刀	4
寸腸	4
豆芽菜	4
行口	4
姣婆遇着脂粉客	4
只碟仔	4
藐嘴藐舌	4
踩上門	4
網底	4
頭廳	4
嘉獎	4
飛蚊症	4
開山刀	4
約伯	4
閉著	4
逗樂	4
狩	4
温情脈脈	4
布拉腸粉	4
刺激素	4
雄辯	4
印度人民黨	4
權責	4
未名	4
履帶	4
藜	4
制唔過	4
雞蛋糖水	4
李陵	4
拳擊台	4
大後天	4
抄身	4
百折不回	4
看齊	4
憨豆先生	4
肉絲炒麪	4
焗茶	4
魚死網破	4
出污泥而不染	4
測驗卷	4
奶汁	4
教導處	4
集資額	4
陸運會	4
新嘅唔嚟	4
落地簽證	4
遲一遲	4
調試緊	4
消毒碗櫃	4
空當	4
牙哨	4
煞神	4
仔房	4
玻璃管	4
走板	4
一日之計在於晨	4
侵權行為	4
寄住	4
長傾	4
冰廳	4
顯達	4
佛要金裝	4
行下唞下	4
巡察	4
味素	4
爭唔落	4
漸弱	4
尺有所短	4
寸有所長	4
裁判權	4
三民	4
起後腳	4
反詩	4
愛斯基摩人	4
學風	4
數碼電台	4
迄今	4
唔笑你	4
卸責	4
天搖地動	4
胸脯	4
平房區	4
勘探員	4
鳥結糖	4
熟石灰	4
九二共識	4
牛仔褸	4
通天曉	4
眼坦坦	4
國有國法	4
兀	4
咖啡漬	4
拳腳冇眼	4
南征北討	4
商品價值	4
起薪	4
火灰	4
理屈詞窮	4
流料	4
壁掛	4
撒種	4
鍋貼	4
獻技	4
孤膽英雄	4
魔鬼粘	4
埋芡	4
降格	4
祛痰	4
通天本領	4
百厭星	4
冷笑咗下	4
發花癲	4
扮瞓	4
忘機	4
軍械庫	4
哭喪棒	4
亂咁食嘢	4
香料粉	4
哲學應用	4
審察	4
官守	4
你好靚女	4
幾好用㗎	4
更次	4
進出口貿易	4
藍剔	4
明日黃花	4
完成大我	4
捏起	4
寸嘴	4
打鼾	4
環境温度	4
騎膊馬	4
金玉其外	4
晨練	4
花旗國	4
好男不與女鬥	4
浣熊	4
煞有其事	4
已滅	4
吱吱叫	4
信仰者	4
國際航空運輸協會	4
紅底褲	4
機牀	4
屋簷	4
撈仔	4
炕牀	4
許婚	4
我條仔	4
攤分	4
造神	4
角分	4
撒野	4
不怕啦	4
甘草演員	4
唔係我手腳	4
西藏自治區	4
十四行詩	4
徐晃	4
軍律	4
座底	4
訛稱	4
緊俏	4
非政府組織	4
敲腳骨	4
重稱	4
您再	4
現烤	4
小豆蔻	4
烘乾機	4
更夫	4
省營	4
盛舉	4
魯班尺	4
儲蓄卡	4
裝殮	4
轉悲為喜	4
兩睇啦	4
生仔唔知仔心肝	4
油灰水	4
翻草	4
找回我	4
圖騰崇拜	4
夜晚好靜	4
波波燈	4
地震活動帶	4
攬在	4
化學分析	4
薯菜	4
承上	4
艮	4
全港九	4
板頭	4
做臉	4
唔服燒賣	4
鴛鴦六七四	4
北燕	4
尖頭對腳	4
睇低你	4
窩河	4
朝鮮總督府	4
狗窩	4
死慳死抵	4
穿耳	4
玷	4
有粘性	4
返抵	4
羣花	4
多普勒	4
歌堂	4
爛炸	4
撈油水	4
諸將	4
查勘	4
撞針	4
警區	4
板塊運動	4
猴子稱大王	4
一個做醜	4
離氣	4
鵝蛋形	4
肉彈	4
衣夾	4
常綠	4
魁北克	4
囤積居奇	4
騫	4
塗炭	4
佢唔應我	4
渲	4
刮鬍子	4
盤尼西林	4
異性相處	4
熟到爛	4
能醫不自醫	4
眼啤啤	4
寧缺勿濫	4
西部片	4
食過世	4
應接不暇	4
保衞祖國	4
癮頭	4
老行專	4
遊街示眾	4
人旺	4
盲塞	4
望女成鳳	4
松鼠狗	4
淡靜	4
白膠漿	4
胎痣	4
嫩口	4
難友	4
出點子	4
風油精	4
中短債	4
志得意滿	4
像您	4
微分	4
蓮花杯	4
萬事得	4
青酒	4
嚇懵	4
畸形兒	4
菠蘿蓋	4
講嚟話長	4
最錫你	4
厚報	4
面褲	4
驅力	4
蚊蟲叮咬	4
鹼水粽	4
化石森林	4
怪我囉	4
酉	4
吐口	4
胡塗蟲	4
兇暴	4
天命難違	4
飛蟻	4
石頭魚	4
深圳了	4
雪融	4
原子反應	4
的士錢	4
逆我者亡	4
離神	4
鬆鬆垮垮	4
吊命	4
禮雲子	4
眾數	4
多謀善斷	4
最優化	4
月球車	4
上齒	4
保險絲	4
讚嘆	4
輕騎	4
槍炮聲	4
屎餅	4
貴利	4
三角架	4
橫心	4
廠佬	4
明確性	4
拔絲	4
餓了嗎	4
鱗片狀	4
稱譽	4
消磁	4
自食惡果	4
圍頭佬	4
抄查	4
愠	4
真唱	4
試多幾次	4
大腳板	4
鉅細無遺	4
鹹鹽	4
龍背	4
扣殺	4
榛	4
暗渠	4
承重	4
鳴鳥	4
鏟車	4
聚談	4
悵然若失	4
卸除	4
一老一幼	4
詬	4
校監	4
平均速度	4
轉駁	4
膾	4
點紅點綠	4
唔一定得	4
馬友	4
相補	4
管教無方	4
食螺螄	4
水彩顏料	4
使媽	4
還席	4
擂台賽	4
背泳	4
月是故鄉明	4
喊濕	4
人唔笑	4
偷得浮生半日閒	4
街坊裝	4
醃豬肉	4
諗諗計	4
邊有地	4
弱酸	4
升調	4
淫書	4
課程表	4
稻子	4
未見過大蛇屙屎	4
槍榴彈	4
廁所位	4
終南山	4
初夜	4
相思豆	4
食香腸	4
攬枕	4
都拉斯	4
得閒不	4
虧心	4
他表	4
擺街	4
散粉	4
有咩功能	4
乒乓球拍	4
跳台	4
又凍又濕	4
天擇	4
秋景	4
魚白	4
望乜嘢啊	4
咁啱得咁橋	4
忙時	4
河叉	4
反求諸己	4
眷愛	4
寫契	4
運命	4
老坐	4
養聲	4
雕版	4
奴性	4
索回	4
番茄蛋	4
頂你咩	4
尖椒	4
起稿	4
塞唔塞	4
叮飯	4
判頭	4
老東西	4
皇漢	4
加減法	4
膠碟	4
冰釋前嫌	4
笪落嚟	4
彈珠機	4
擦背	4
增城掛綠	4
一夜風流	4
耳根清淨	4
朝不保夕	4
粵文	4
阿爾卑斯山脈	4
石泉	4
偽命題	4
車臣	4
端然	4
毗	4
爛滾	4
油性筆	4
楞嚴	4
講數口	4
頂班	4
吐魯番盆地	4
勞資糾紛	4
泛音	4
己不勞心	4
進退為難	4
唞順條氣	4
下啖氣	4
前燈	4
潞	4
股長	4
騎田嶺	4
漸層	4
野徑	4
詞牌	4
温功課	4
客户服務部	4
消弭	4
壽數	4
回撥	4
發腳	4
投懷	4
自強自立	4
認賠	4
活頁	4
家山有眼	4
大熱倒灶	4
華田	4
多哥	4
慎密	4
郜	4
高音喇叭	4
淵深	4
逼力	4
洗剪吹	4
吸濕	4
電弧	4
飛機欖	4
咁好唱口	4
音軌	4
喊停	4
費盡唇舌	4
攜眷	4
拗手瓜	4
通假字	4
彩塑	4
金字邊	4
零丁	4
唔鬼理你	4
打漿	4
學廚	4
銷情	4
傷風咳	4
飯氣攻心	4
何君堯	4
治邪	4
靈牀	4
刀仔鋸大樹	4
爽目	4
朝鮮民主主義人民共和國	4
吊味	4
抒懷	4
巴辣	4
趁高興	4
美利堅合眾國	4
開罐頭	4
鐵嘴雞	4
美式足球	4
失焦	4
捨我其誰	4
報串	4
發瘟雞	4
熔岩流	4
湯米粉	4
視為知己	4
修行在個人	4
歷史遺產	4
回氣	4
山坡地	4
木嘴	4
見攰	4
落雨濕濕	4
衞星導航	4
乙酸	4
氣勢如虹	4
螺肉	4
收報	4
德國統一社會黨	4
覦	4
西里爾	4
別動隊	4
大勢已定	4
大朋	4
温水煮蛙	4
收鋪之後	4
蚊飯	4
拆檔	4
瞓晏咗	4
汲	4
官塘	4
基礎代謝	4
等邊三角形	4
揸奶	4
食屎食着豆	4
貼花	4
公眾集會	4
流動電話	4
使眼色	4
五羊城	4
知易行難	4
土頭土腦	4
一柴	4
三九天	4
話你唔聽	4
總體目標	4
螢幕	4
鴨脷	4
酒板	4
用屎忽諗嘢	4
天下興亡	4
千萬家	4
帰	4
僭越	4
多值	4
犯病	4
白費力氣	4
三重奏	4
武裝部	4
殘奧	4
送舊	4
冇人煮	4
真空上陣	4
煤層	4
柱侯醬	4
炊事員	4
指事	4
肅殺之氣	4
怔	4
邁阿密	4
黑貨	4
驚急	4
牙籤仔	4
技術指導	4
君子愛財取之有道	4
盆石	4
吹爆	4
姣婆守唔到寡	4
冰狗	4
大掣	4
三親六故	4
嘴啖	4
總圖	4
戲票	4
旮	4
冇人錫	4
死好過	4
水道口	4
有人暈咗	4
裁奪	4
火燒豬頭	4
一人得道	4
搣碎	4
向右拐	4
糧行	4
熄電話	4
精瘦	4
腦電圖	4
善莫大焉	4
九九重陽	4
青蘿蔔	4
啱夠	4
悠遠	4
雨布	4
嚷着	4
炊事	4
盲人按摩	4
守喪	4
縱火犯	4
全權大使	4
佛書	4
貼街招	4
吊片	4
臭青	4
儲備量	4
勁旅	4
躪	4
神奇寶貝	4
閉口不談	4
通俗化	4
手痕痕	4
包伙食	4
唔好天	4
事倍功半	4
蟲蛀	4
擠壓出	4
集貿	4
避債	4
定購	4
擺事實	4
嘆慣	4
文不對題	4
生物化學家	4
騎牆	4
不可勝數	4
編者	4
離線	4
大財唔入	4
仰卧起坐	4
縮膊	4
家鄉人	4
辭呈	4
天氣現象	4
食兩家茶禮	4
骨盆	4
止痛片	4
意興闌珊	4
淺源地震	4
碳粉	4
炸毛	4
兩開	4
心有餘而力不足	4
佢好傾得	4
軟玉	4
願聞其詳	4
龜肉	4
疊嶂	4
形單影隻	4
不結果	4
換毛	4
踏歌	4
桂味	4
咪諗咁多	4
老世	4
肯定冇啦	4
妻妾成羣	4
乜傢伙	4
思遷	4
短啲頭髮	4
空名	4
棉紡織	4
無聲狗咬死人	4
振聾發聵	4
儲藏量	4
新體制	4
低質	4
印尼話	4
公仔箱	4
嗌嘢	4
碗布	4
趨緩	4
多謝老婆	4
槁	4
雋	4
偏振	4
葡萄柚	4
薩爾瓦多	4
做生活	4
屈氣	4
通渭	4
羅紋	4
啞語	4
四維時空	4
幽居	4
喪家之狗	4
影相佬	4
愛漂亮	4
對喔	4
肌肉萎縮症	4
外匯收入	4
黑箱車	4
助人為快樂之本	4
未婚媽媽	4
從從容容	4
照像	4
羊羣心理	4
撈頭	4
有碗話碗	4
萬水千山總是情	4
首付款	4
次生災害	4
羅語	4
紅牌阿姑	4
算無遺策	4
熱到飛起	4
訓詞	4
剪布	4
薄切切	4
媒人公	4
同温層	4
隻字未提	4
風光不再	4
綜合治理	4
全盛	4
羊毛出在羊身上	4
明斷	4
華興會	4
當無數	4
小腸氣	4
臆	4
多元宇宙	4
實而不華	4
明月清風	4
額骨	4
邊兩樣	4
大頭釘	4
燒煮	4
嚇嚇你	4
四處活動	4
鬥艦	4
死因庭	4
打龍通	4
瘁	4
滅種	4
見鬼咩	4
庫藏	4
論及	4
烏冬麪	4
氣胸	4
加足馬力	4
諸生	4
唱碟	4
二進位	4
硅片	4
神仙都難救	4
戲子佬	4
冬月	4
有口皆碑	4
水板	4
水辦	4
約期	4
坐收漁人之利	4
避風塘炒	4
兜唔到	4
泰晤士河	4
東家唔打打西家	4
密西西比河	4
冇乸教	4
宗教徒	4
軒轅氏	4
種族主義者	4
前思後想	4
素面朝天	4
漫畫世界	4
單模	4
積重難返	4
毛毛公仔	4
殆	4
黐孖筋	4
花着	4
身板	4
下把位	4
復讀生	4
絞殺	4
民窮財盡	4
詞音	4
識都唔識	4
雞泡魚	4
陪都	4
藏青色	4
七擒七縱	4
月事	4
闡釋	4
股票交易所	4
谷精上腦	4
報失	4
得閒死唔得閒病	4
朋友妻不可欺	4
舅婆	4
雲貴川	4
氣勢不凡	4
雪糕佬	4
朱油	4
夾扁	4
網口	4
慢慢吞吞	4
坑渠水	4
阿爸父	4
天平座	4
鉑金	4
泥裏	4
飛釘	4
外界影響	4
隨時奉陪	4
博紅顏一笑	4
絕氣	4
阿拔斯王朝	4
陽春麪	4
酣暢	4
舊年時	4
句首	4
珠蚌	4
啱唔啱使	4
衫櫃	4
鬧事者	4
項圈	4
唔使嘞	4
海獺	4
曾寶儀	4
芝士漢堡包	4
哈瓦那	4
便宜仔	4
炒老闆魷魚	4
你驚我會	4
鐵樹開花	4
噴水壺	4
河塘	4
聯合收割機	4
風中殘燭	4
安名	4
白眼狼	4
飄書	4
善惡不分	4
到時再算	4
神農本草經	4
爆音	4
埃菲爾鐵塔	4
既視感	4
點染	4
以資	4
吊船	4
泥鬼	4
捐贈人	4
筆芯	4
痴傻	4
露醜	4
斡旋	4
郅	4
寶刀未老	4
解説員	4
口若懸河	4
下旋	4
風雨雷電	4
倒抽一口涼氣	4
坐不住	4
倒裝句	4
拖肥	4
亂咁鬱	4
下劃線	4
甜得滯	4
殘奧會	4
師事	4
食住等	4
零星落索	4
頂唔緊	4
深溝高壘	4
急如星火	4
惱人	4
國代	4
過底	4
行軍牀	4
眼光短	4
移駕	4
咖哩	4
喪門神	4
大名縣	4
收工啦你	4
帶協	4
開關掣	4
弄下	4
心急火燎	4
紡錘	4
不第	4
主歌	4
中蛇	4
揸上手	4
空心老官	4
末梢	4
人氏	4
上屋搬下屋	4
凹凸有致	4
羈留	4
冬甩	4
溏	4
踩死蟻	4
如人飲水冷暖自知	4
考師傅	4
山頭主義	4
番禺人	4
貓隻	4
鬥木佬	4
啤機	4
玩球	4
車頭相	4
偏題	4
了如指掌	4
深喉	4
崗位培訓	4
裝盤	4
謙稱	4
燒豬肉	4
塵霧	4
狽	4
慣用語	4
睇夜	4
小集團	4
人牆	4
克羅諾斯	4
藐視一切	4
跆	4
不肖子孫	4
奇離	4
水筆	4
謨	4
歌劇魅影	4
槓頭	4
近磅	4
狠過	4
走火警	4
幽門螺旋菌	4
原審	4
冇損冇爛	4
有啲澀	4
登革熱	4
話之佢	4
白花油	4
致詞	4
佝	4
僂	4
翹首以待	4
吹到啤一聲	4
機關炮	4
觀音借庫	4
十分必要	4
伏流	4
女單	4
萬箭穿身	4
策試	4
飲家	4
好笑口	4
鷯	4
婚前性行為	4
爆瘡	4
洛神花	4
火腿肉	4
反高潮	4
構造運動	4
唔係啊哇	4
請飲咖啡	4
抉	4
酒托	4
腸仔包	4
公用電話	4
冇幾可	4
有心唔怕遲	4
行將就木	4
入拍	4
梅開二度	4
温馴	4
明天啓	4
覺眼	4
上輩	4
終生伴侶	4
複本	4
爆破音	4
矇矇亮	4
經常唔係	4
羽衣甘藍	4
初級班	4
羽化	4
救車	4
茶舞	4
副刊	4
皰疹病毒	4
藍色光	4
荷槍實彈	4
外交代表	4
駐留	4
食不厭精	4
東方文明	4
濁音	4
魚翅湯	4
官費	4
投彈	4
真嘎	4
阿跛	4
冒生命危險	4
短指	4
高壓鍋	4
拍畢業照	4
女班	4
幫廚	4
冇喔	4
猶太復國主義	4
報賬	4
暹	4
呲	4
帶多啲錢	4
全活	4
受禪	4
駕步	4
排屋	4
心肌梗死	4
藝術片	4
清補涼	4
牛肉炒河	4
痔	4
地區特色	4
撞板多過食飯	4
死橋	4
孺子可教也	4
唔夠佢快	4
有粥食粥	4
有飯食飯	4
雷神之錘	4
聽頭	4
做場大龍鳳	4
謹防	4
中筋麪粉	4
聲納	4
拿鐵咖啡	4
阿司匹林	4
利馬竇	4
呢一牌	4
我樣衰	4
框死	4
吟風弄月	4
平生不做虧心事	4
全然不知	4
傾耳	4
鬥牛士	4
椿	4
鄙薄	4
交通督導員	4
作殊死戰	4
摘抄	4
賣身投靠	4
金融槓桿	4
帕金森病	4
後數	4
外冷內熱	4
票控	4
瘟咁	4
氧基	4
交惡	4
痕痕地	4
以德報德	4
魔術方塊	4
舊招牌	4
扒灰	4
太空卡	4
甜潤	4
蛇都死	4
襟章	4
撈偏門	4
公園門口	4
配價	4
狀元紅	4
砵櫃	4
死草	4
銅臭	4
口水戰	4
色慾	4
新鮮美味	4
傳呼機	4
清太祖	4
踩到上心口	4
踏正	4
篆書	4
網媒	4
阻街	4
口爆	4
末段	4
熊貓眼	4
民族自決	4
抗熱	4
拂曉	4
殺草水	4
高腳杯	4
做生不如做熟	4
打螺絲	4
欖角	4
式微	4
知慳識儉	4
空房間	4
花筒	4
威懾力量	4
熟蛋	4
義正辭嚴	4
社會大學	4
工幹	4
花生糊	4
汛	4
前綴	4
支邊	4
原語	4
橡皮糖	4
天光墟	4
仿皮	4
電話信號	4
恨死隔離	4
晗	4
電報機	4
勁痛	4
城鐵	4
阿崩叫狗	4
甥女	4
廁所水	4
則咗	4
膠擦	4
國際勞動節	4
避邪	4
眾人皆知	4
譭	4
生雪	4
説話唔可以亂講	4
吹牛拍馬	4
我好悶	4
超音波	4
破日	4
抿嘴	4
資深大律師	4
花大姐	4
驚錯	4
好都得	4
攤喺梳化	4
食波餅	4
名籤	4
裏底	4
畢業旅遊	4
沙發牀	4
唳	4
望天打卦	4
五色繽紛	4
簡帖	4
着埋一條褲	4
購物公園站	4
馬上風	4
痴長	4
淫樣	4
軟片	4
識字班	4
無從説起	4
死去邊	4
霧化器	4
白日做夢	4
四方框	4
花生肉	4
臭丸	4
巍然	4
婚變	4
女童院	4
亂抄	4
杵	4
蕃茄醬	4
揾極都揾唔到	4
生活污水	4
槍術	4
單于	4
刀嘴	4
循環論證	4
摸蝦	4
千里之堤	4
震蛋	4
鄉試	4
平等主義	4
伯友	4
泓	4
男耕女織	4
壁咚	4
打裂	4
見使	4
獨力難支	4
人若犯我	4
不咋地	4
熒光燈	4
天姿	4
亞麻布	4
足球之夜	4
中間價	4
啤啤熊	4
鬼拍後尾枕	4
一件還一件	4
知識經濟	4
橫槓	4
醉雞	4
鉛筆盒	4
周身喐	4
七里香	4
沿著	4
土風舞	4
靈醒	4
火麻仁	4
同一性	4
賀年卡	4
浸過鹹水	4
温哥華島	4
盡義務	4
茶漬	4
鬧意見	4
時有所聞	4
出口術	4
崴	4
崩沙腩	4
拓片	4
冗員	4
基波	4
粗砂	4
編印	4
考衰咗	4
暗虧	4
左手便	4
茶水錢	4
白油	4
找回你	4
肯亞	4
發到豬頭	4
政治方向	4
鴻雁	4
曲沃	4
識錯你	4
汾酒	4
街邊貨	4
矯形	4
蒲劇	4
審處	4
大人大姐	4
舊相好	4
遊吟詩人	4
妙境	4
追更	4
蹭飯	4
牧養	4
首聯	4
霸王雞	4
內街	4
営	4
治喪	4
國內生產	4
食肉獸	4
縮緊	4
厚粉	4
蚊帳頂	4
趴街	4
假性近視	4
哧	4
常染色體	4
隔油池	4
閃擊	3
奇談怪論	3
九龍寨城	3
擔茶	3
麪包機	3
回鄉卡	3
雲盤	3
黃牛飛	3
明哲保身	3
耆	3
龍翔道	3
青檸檬	3
雞地	3
相聚一堂	3
獎咗	3
彩雀	3
隨機播放	3
扒仔	3
鈷	3
佛蒙特	3
彩超	3
火燒火燎	3
隔肋底	3
拉客户	3
招認	3
煮飯飯	3
唾沫	3
聯交所	3
糖環	3
牙擦	3
委用	3
嘉許	3
約嗎	3
收皮啦你	3
手鏈	3
揭揭聲	3
炙手可熱	3
儲值卡	3
碰頭會	3
條氣唔順	3
發個輪	3
太白粉	3
出住先	3
懸崖絕壁	3
較腳	3
從右到左	3
英屬哥倫比亞	3
漏咗乜	3
水處理	3
後鑊	3
打火石	3
飛禽大咬	3
搭界	3
撾	3
遙控車	3
雞飛蛋打	3
我跌親	3
鼻竇	3
執正啲	3
戇框框	3
詐癲扮傻	3
日圓	3
二一添作五	3
天公不造美	3
坐骨神經	3
陳元光	3
樂陵	3
花園道	3
坐定粒六	3
和尚擔遮	3
點煩	3
九流十家	3
全副精力	3
正弦	3
精簡機構	3
利益輸送	3
説不出話來	3
生物大滅絕	3
孵化器	3
掩門	3
羣眾大會	3
眼冒金星	3
花蛤	3
齙牙	3
疲勞症	3
夠嗆	3
堅忍不拔	3
消耗掉	3
新民主主義革命	3
荷包友	3
打拍	3
湄公河三角洲	3
益壽延年	3
做尖	3
代償	3
摟抱	3
熱絡	3
相對而坐	3
馬齒莧	3
好人好姐	3
打機去	3
要靚唔要命	3
邊忽似	3
懼色	3
扎眼	3
健力士	3
拆東牆補西牆	3
當紅炸子雞	3
羊入虎口	3
西裙	3
鬥氣冤家	3
白紙一張	3
不得不低頭	3
上我度	3
礬	3
疊紙	3
私黨	3
電木	3
羊肉餡	3
佔線	3
美術品	3
幾鬼馬	3
任聽	3
跳樓貨	3
斷碼	3
耳屎	3
酸乳酪	3
鼠摸	3
自存	3
腋窩	3
包食住	3
國家權力機關	3
鳩話	3
子宮壁	3
初葉	3
半封建	3
絲織物	3
陸委會	3
大日如來	3
鐵打酒	3
雞日	3
華佗再世	3
越禮	3
賣招牌	3
修飾詞	3
廠景	3
血衫	3
臭口	3
英吉利海峽	3
喜糖	3
一字膊	3
雞錘	3
唔信鏡	3
剔牙	3
球票	3
不可言喻	3
宗教法庭	3
心甘命抵	3
香精油	3
互補不足	3
不可計數	3
攞手袋	3
精練	3
曲軸	3
上弦	3
場記	3
唔圓	3
下個世紀	3
防範未然	3
粗飯	3
鋸齒形	3
上呼吸道感染	3
破除迷信	3
淘洗	3
淡口	3
厭氣	3
磁浮	3
仁者無敵	3
牡丹雖好	3
輕量級	3
雙截棍	3
嗔	3
輻射強度	3
養蠶業	3
我表哥話	3
虎父無犬子	3
跟包	3
感激涕零	3
劉備借荊州	3
生產關係	3
未沖	3
出來宵夜	3
逼和	3
古縮	3
冇把炮	3
拜懺	3
遠見卓識	3
開奶茶	3
讀乜	3
餘味	3
紙包飲品	3
殘羹剩飯	3
荔枝熟	3
三天打魚	3
兩天曬網	3
蝦公	3
唐肅宗	3
白山派	3
事略	3
鹹蝦	3
地莊	3
三茶兩飯	3
沒精打采	3
人有三衰六旺	3
知微	3
寧為玉碎	3
人老精	3
猛風	3
稱身	3
賓妹	3
同庚	3
稱頌	3
套筒	3
長筒襪	3
民主主義者	3
復轉	3
有得一比	3
船期	3
菜板	3
聲旁	3
喜滋滋	3
倒海翻江	3
酒渣	3
補花	3
借尿遁	3
使用手冊	3
香港足球總會	3
對詞	3
電報費	3
招人喜歡	3
亮星	3
喝多點水	3
就職演講	3
唔敢認同	3
敗興	3
鸚鵡螺	3
追根問底	3
通坑渠	3
榕樹下	3
常來常往	3
落麪	3
全知全能	3
魔障	3
一個蘿蔔一個坑	3
作梗	3
愛勞動	3
咦咿	3
第二人稱	3
龍涎香	3
俄羅斯族	3
通途	3
心心眼	3
佈設	3
蔚為奇觀	3
養娘	3
翻譯者	3
失之毫釐	3
謬之千里	3
保加利亞人	3
圓號	3
頂板	3
利息率	3
我思故我在	3
幾唔想	3
烏龍波	3
梳化牀	3
想肥	3
仔大仔世界	3
宜君	3
食得鹹魚抵得渴	3
畝產量	3
淮上	3
手腳乾淨	3
諄	3
抵到爛啦	3
聲色俱厲	3
講咁易咩	3
水藻	3
內測	3
打呔	3
手殘	3
真可憐啊	3
堆積木	3
陽春白雪	3
強推	3
浸染	3
四化	3
絲瓜布	3
小楷	3
復耕	3
聽鬧	3
魚餌	3
車頭冚	3
很卡	3
做騷	3
交送	3
恆牙	3
小心地滑	3
金錢萬能	3
甚囂塵上	3
劣等品	3
仆街仔	3
凡塵俗世	3
輪腳	3
入票	3
知子莫若父	3
摘荔枝	3
笨雞	3
教席	3
爛茶渣	3
作育英才	3
東方國家	3
消夜	3
尾梢	3
陳詞濫調	3
投機倒把	3
儲值飛	3
畫圓	3
籌馬	3
油層	3
淵遠	3
往死裏打	3
削胃	3
美人照鏡	3
海平線	3
柏油路	3
煮一鑊	3
犯眾憎	3
互譯	3
忘年交	3
師承	3
自由散漫	3
天糊	3
扮豪	3
體徵	3
敬賀	3
生於斯	3
祛病	3
吏治	3
直搗黃龍	3
交尾	3
沙冧	3
姑夫	3
粉墨	3
社團大哥	3
花碌碌	3
可蘭經	3
忽忽哋	3
托嘢	3
交際舞	3
水天一色	3
蒻	3
打蛇打七寸	3
愁雲慘霧	3
吱吱浸	3
幾難先至	3
鏟平	3
二手飯	3
博下彩	3
眾人皆醉我獨醒	3
簸	3
牙牙仔	3
睇到嗎	3
讀成點	3
大三巴牌坊	3
技壓羣雄	3
反艇	3
忍尿	3
儲存室	3
辦報	3
弓腰	3
屙唔唔	3
智庫	3
起過個	3
印度斯坦	3
大鋼琴	3
冇眼屎乾淨盲	3
奢靡	3
貢物	3
失之千里	3
各司各法	3
鷀	3
醃尖	3
寸脈	3
賴婚	3
霸定	3
換擋	3
初來報到	3
朋友妻不可窺	3
平年	3
拼死拼活	3
還嘴	3
拖油瓶	3
鬼子佬	3
詛	3
承傳	3
冇路數	3
社聯	3
還在廣州	3
弒父	3
切菜刀	3
加里寧格勒	3
海洋性	3
一品鍋	3
肉票	3
太平鋪	3
玉冰燒	3
翻領	3
三行仔	3
恍神	3
觸摸屏	3
通風管	3
用結果	3
原子數	3
瞓過龍	3
世紀末年	3
洗杯	3
一碌杉	3
黑箱	3
無生命	3
乏善可陳	3
萬更	3
中文中學	3
幼馬	3
軋	3
襟兄	3
香港式	3
作病	3
謾	3
遺傳學家	3
出自肺腑	3
鸕	3
鏢槍	3
吊威亞	3
邊音	3
甜酸肉	3
腦滿腸肥	3
順次	3
馬騮屎忽	3
多隻香爐多隻鬼	3
拖頭	3
亞茂	3
大鹿	3
舊唐書	3
在職訓練	3
人民警察	3
外國資本	3
子衫	3
傲氣凌人	3
忙中有錯	3
雪恥	3
櫸	3
名噪一時	3
剪髮鋪	3
柳心	3
環頭	3
藜麥	3
牛羊雜湯	3
點題	3
琺	3
單眼仔	3
回駁	3
愁眉緊鎖	3
古典樂	3
灰士	3
戎馬生涯	3
新曆年	3
粼	3
十號波	3
髮網	3
退位讓賢	3
點樣收費	3
生果盤	3
試杯	3
學成歸國	3
葩	3
黨代會	3
腳趾罅	3
趕腳	3
唇齒音	3
移民局	3
崖頭	3
趨吉避凶	3
雙肩包	3
運行狀況	3
檀香樹	3
卯兔	3
標準像	3
減省	3
込	3
撻嘢	3
忍者神龜	3
劣評	3
省卻	3
跌跛腳	3
結脈	3
辛丑條約	3
病人衫	3
熊抱	3
筆談	3
伶仃洋	3
捉心理	3
革面洗心	3
生蘿蔔	3
兩點水	3
志願兵	3
大肆攻擊	3
市場監督	3
報刊雜誌	3
捉包	3
爛賬	3
芥蘭頭	3
玩偶之家	3
圍頭話	3
鹹網	3
躍然紙上	3
關窿	3
無國界醫生	3
森然	3
涇陽	3
現場感	3
維護和平	3
現場節目	3
瓜英	3
快步流星	3
紅蕩蕩	3
表語	3
返唔返去	3
指手劃腳	3
塗改液	3
中俄關系	3
打令	3
幾好喔	3
吊環	3
共敍	3
公開試	3
塞翁失馬	3
積雨雲	3
阿肯色	3
木槌	3
芮	3
長糧	3
広	3
唔該話聲	3
吊吊揈	3
幾勁下	3
綠小	3
半胱氨酸	3
魚滑	3
斯坦利	3
滷製	3
暗度陳倉	3
拖數	3
味兒	3
心眼好	3
求關注	3
漆皮	3
龍肝鳳膽	3
豬乸會上樹	3
拋灑	3
一股腦	3
唔夠佢爭	3
總譜	3
懶架勢	3
名留青史	3
頑抗到底	3
黑咪麻	3
解送	3
幾想知	3
屌你老母	3
唔傷心就假	3
買單車	3
弁	3
硬紙板	3
常用品	3
荒棄	3
自我吹噓	3
呼啦啦	3
搜尋引擎	3
十角	3
小婿	3
識鬼咩	3
鑽心	3
少年心事	3
手痹	3
豆蔻年華	3
貿易保護主義	3
續完	3
陰陰凍	3
教育質量	3
多多都有	3
殺雞焉用牛刀	3
聖歌	3
開小灶	3
不容分説	3
滋悠	3
小鷹	3
巴甫洛夫	3
禽龍	3
竹刀	3
誠聘	3
處女膜	3
五味俱全	3
向盤	3
儉樸	3
攬住個人	3
糟糠	3
拍拖未	3
有鹹有甜	3
補登	3
充分就業	3
貨物運輸	3
木皮	3
不可分離	3
拍爛手	3
塞維利亞	3
人工費	3
錄取線	3
噴桶	3
阿克拉	3
敞亮	3
鹹水草	3
白軍	3
蜂湧	3
踮腳	3
從優	3
掟死狗	3
瀬	3
嘎然	3
延攬	3
石油輸出國組織	3
咽炎	3
大河馬	3
鼻出血	3
第六感覺	3
彈弓手	3
鬆化	3
無線上網	3
水飯	3
彌留	3
整妝	3
肥仔波	3
財產税	3
一衣帶水	3
均攤	3
靚溜	3
萬頂	3
好知己	3
秦始皇帝	3
圖畫紙	3
籌組	3
多手多腳	3
唔喺啊	3
血債血償	3
混飯食	3
治未病	3
一滾就熟	3
烏低腰	3
不在其位不謀其政	3
和而不同	3
細嬸	3
人蠢冇藥醫	3
求全責備	3
土耳其軟糖	3
賓夕凡尼亞	3
噲	3
迅即	3
兩黨制	3
揀飲擇食	3
豉油碟	3
混種	3
嗌霎	3
豬雜湯	3
手疏	3
參考文獻	3
對抗疾病	3
百善孝為先	3
互通性	3
隱君子	3
四塊半	3
依書直説	3
萬房	3
到時睇下點先	3
王夫之	3
青春永駐	3
海洛英	3
嫁狗隨狗	3
右後方	3
分身不暇	3
超額利潤	3
民族大遷徙	3
重操故業	3
臭串	3
食夜粥	3
得棚牙	3
震覺	3
化灰都認得	3
費事理	3
心翳	3
策劃書	3
便士	3
逆我者	3
怒恨	3
布袋戲	3
剛愎	3
白費唇舌	3
拴	3
大安主義	3
牛馬不如	3
黃薑	3
酪氨酸	3
姉	3
鳶	3
走廊位	3
硬角角	3
逢場作興	3
抽絲	3
瘦骨伶仃	3
對頭車	3
打天才波	3
水積	3
怡然自得	3
元朗大橋	3
陳化	3
三刀六眼	3
概要	3
哩個	3
卡關	3
埋頭埋腦	3
馬鹿	3
工運	3
骼	3
無頭烏蠅	3
國際勞工組織	3
淬火	3
鹽蛇	3
跌撲	3
年年如此	3
瞓懵	3
簽名會	3
心焦	3
揸正	3
秋田犬	3
黑芝麻糊	3
收發室	3
亭閣	3
液氮	3
繞路	3
風阻	3
排列次序	3
腹膜	3
烏蘭察布	3
遺稿	3
動量詞	3
咫尺天涯	3
麻煩友	3
好快凍	3
折殺	3
散收收	3
不人道	3
我揾過	3
尾頁	3
買字花	3
一鍋泡	3
忽得	3
冇天收	3
個人傷害	3
斟出	3
亡國之音	3
巧婦難為無米之炊	3
教職工	3
繼往開來	3
圈圈點點	3
戰略核武器	3
脱羽	3
窘迫	3
吃不到的葡萄是酸的	3
西鐵線	3
撈偏	3
芝麻小事	3
事實勝於雄辯	3
講嘢樣	3
守舊派	3
挑骨	3
屠毒	3
尾站	3
我過我嘅獨木橋	3
失覺	3
未亡人	3
主宰權	3
波面	3
岩鹽	3
電蚊拍	3
啱你着	3
轉堂	3
啤水	3
倒尿咁早	3
二流子	3
萬籟俱寂	3
嘔白泡	3
母老虎	3
輿論工具	3
中立國	3
失錯	3
天地有正氣	3
夠派頭	3
重元素	3
鐲子	3
水速	3
老船長	3
寡居	3
玩新郎	3
鉛筆刨	3
幽門螺旋桿菌	3
哭窮	3
自家菜	3
神思不定	3
牛脂	3
打製石器	3
茂茂然	3
行使職權	3
水無沙	3
拍住上	3
點頭招呼	3
子音	3
遁形	3
老年痴呆症	3
吃到飽	3
發憤圖強	3
卡邦尼	3
支付得起	3
唱針	3
標會	3
電腦端	3
滿足要求	3
不安本分	3
天下一家	3
全碼	3
油紙遮	3
關關難過	3
白色情人節	3
世界運動會	3
着錄	3
眼不見心不煩	3
撐艇仔	3
吊癮	3
一人退一步	3
裸妝	3
混編	3
終而復始	3
唔乾	3
豆泥	3
小薯	3
形骸	3
露底	3
孑然一身	3
淌下	3
回沖	3
故伎	3
消極影響	3
水荒	3
總機關	3
瘀血	3
籤條	3
嘰嘰嘎嘎	3
澎湖羣島	3
知唔少	3
架不住	3
指冬瓜話葫蘆	3
蔚為大觀	3
飲衫	3
太公釣魚	3
滿盤皆落索	3
管弦	3
秀髮垂肩	3
賊眉賊眼	3
林嬸嘢	3
心瓣	3
扭實	3
落踏	3
有百害而無一利	3
夠雷	3
方糖	3
菊普	3
黨徽	3
阿托品	3
照放	3
冇呢支歌	3
嗒糖	3
抹額	3
明火白粥	3
第四台	3
識下人	3
親戚到	3
筆戰	3
蘇州話	3
辦館	3
瞪眉突眼	3
古生代	3
晃蕩	3
富士蘋果	3
着火點	3
唔夠老友	3
新燈	3
發國難財	3
骨肉團聚	3
甥	3
似到極	3
細胞培養	3
薩拉丁	3
手動波	3
復蘇	3
上訴法庭	3
圓咕轆	3
擔起頭家	3
鬥頂	3
女為悦己者容	3
並不矛盾	3
巴巴喳喳	3
想人死	3
非金屬	3
睬佢都傻	3
滾圓	3
痰罐	3
崢嶸歲月	3
鬼牌	3
身材正	3
殞	3
扭着	3
説話要算數	3
尻	3
疏淡	3
不加修飾	3
玩麻雀	3
一起抓	3
鼓浪嶼	3
岩洞	3
垃集	3
造馬	3
牽一髮而動全身	3
無咖啡因	3
積草屯糧	3
地躺拳	3
演奏級	3
丟生	3
鼠開	3
濾水	3
排洪	3
涕淚交流	3
精細度	3
載人宇宙飛船	3
姨媽巾	3
總監督	3
四眼妹	3
男中音	3
攣住	3
人面廣	3
帶眼識人	3
晞	3
順嘴	3
一本通書睇到老	3
沿襲	3
會務	3
五胡十六國	3
温故而知新	3
界尺	3
轉入地下	3
愛爾蘭語	3
奶油雞蛋	3
涮	3
蠟青	3
吸聲	3
亞聖	3
窄縫	3
墊肩	3
浩宇	3
咩款	3
衞生設備	3
互斥	3
搪瓷	3
肱二頭肌	3
風濕性關節炎	3
青藏鐵路	3
香港金融管理局	3
肥差	3
雌性動物	3
仄	3
非奸即盜	3
添增	3
晾腳	3
號令如山	3
手搭涼棚	3
順利發展	3
發行額	3
矢志不渝	3
微微雨	3
訓覺	3
扁食	3
帶菌	3
一沉百踩	3
驀然	3
膊頭骨	3
赤柱市集	3
腦殘粉	3
擾人清夢	3
對鐘	3
淡淡定	3
嚴加懲處	3
靈牙利齒	3
墟墟冚冚	3
自治領	3
乸乸哋	3
衣兜	3
電腦培訓	3
為甚麼	3
轉遞	3
掰開	3
闖開	3
傾危	3
大半截	3
切牙	3
數得着	3
衞星圖	3
傾成咗	3
中間分界	3
言者無心	3
但求就手	3
應診	3
西藏風情	3
線纜	3
度君子之腹	3
懷石料理	3
頭伏	3
逼遷	3
接骨木	3
買位	3
波西米亞	3
隕星	3
原物料	3
公務艙	3
麪醬	3
掛科	3
槌	3
忙得不可開交	3
男校	3
秸稈	3
棚子	3
搗鬼	3
圖靈	3
母音	3
流明	3
個人經營	3
行後門	3
名人錄	3
加元	3
大唔起	3
走向復興	3
後不見來者	3
打柒	3
祝君好	3
去檔口	3
吸濕性	3
巴絲	3
連翩	3
腦蓋骨	3
犢子	3
立國之本	3
工業學校	3
計劃表	3
棄世	3
玻璃絲襪	3
氣溶膠	3
蒸鍋	3
笑喪	3
嚥住	3
奉若神明	3
便意	3
皎皎	3
差唔多喇	3
梅仔	3
倒手	3
烽火四起	3
羊毛線	3
馬腰	3
辭謝	3
名寵	3
未老先衰	3
不分男女老幼	3
撐破	3
中華蘇維埃共和國	3
史臣	3
過時不候	3
喊到豬頭	3
認親認戚	3
爛手爛腳	3
天旱	3
誓願當食生菜	3
粵普	3
差誤	3
惡名昭著	3
頭大冇腦	3
不亢不卑	3
隼	3
心中一蕩	3
塔吊	3
啊好討厭	3
皰	3
為著	3
脱戲	3
卧底行動	3
嘈死人	3
插燒	3
外科口罩	3
德布勒森	3
局中局	3
地檢處	3
炒更	3
幢	3
頒行	3
摔壞	3
唇亡齒寒	3
嘴啖先	3
縝	3
貴幾多	3
三號波	3
玉蘭花	3
塞到實	3
你好有心	3
小滴	3
鞋油	3
失敗乃成功之母	3
搭住膊	3
粉角	3
揈頭	3
兩副牌	3
優等獎	3
商譽	3
皮下注射	3
鬼聲鬼氣	3
費事話	3
集合體	3
火伴	3
橫板	3
金撈	3
傻傻地嘅	3
易學難精	3
做壞規矩	3
生物製品	3
炒蝦拆蟹	3
隔行如隔山	3
上陣不離父子兵	3
條案	3
揸住支咪	3
口擘擘	3
一個鼻哥窿出氣	3
鬧神鬧鬼	3
如前所述	3
把心唔定	3
延性	3
忪	3
竿子	3
開襟	3
視藝	3
何濟公	3
老戲骨	3
黃梅調	3
唔知個死字點寫	3
蒟	3
細工	3
望咩啫	3
隱逸	3
增益	3
黏糊糊	3
行古惑	3
木鋸	3
友情價	3
冧市	3
婦孺皆知	3
力臂	3
爛數	3
琺琅	3
皎月	3
甜片	3
春化	3
伸一腳	3
腦癱	3
花呢碌	3
哀惜	3
文成武德	3
悻悻	3
添補	3
國計民生	3
勉強冇幸福	3
蔫	3
濁到	3
廣州佬	3
煮鍋	3
機製	3
良民證	3
曾偉雄	3
齊聲叫好	3
偏私	3
廢老	3
飯兜	3
學習材料	3
耐不耐	3
衣著	3
打棟	3
棉纖維	3
好人好夢	3
瘟仔	3
退火	3
三度空間	3
狐狸頭	3
換來換	3
板塊移動	3
當世無雙	3
水杉	3
昔日香港	3
隨便説説	3
大陸法	3
歷盡艱難	3
陽性反應	3
胯骨	3
四郊	3
龍虎鳳	3
渣滓	3
執二攤	3
聽其言觀其行	3
借記卡	3
劃位	3
去光水	3
枯木逢春	3
還得神落	3
正常秩序	3
畫屏	3
以身報國	3
烏嘴	3
呼入	3
乾女兒	3
倒鈎	3
識英雄重英雄	3
櫃台	3
力透紙背	3
頂檔	3
叫住先	3
朝陽產業	3
遞質	3
生麪糰	3
釋手	3
小衝突	3
盲公竹	3
土貨	3
美勞	3
富貴不能淫	3
日全食	3
鉄	3
快快趣趣	3
無線電收發機	3
咬唔入	3
娉	3
零線	3
整修	3
敬若神明	3
欣悦	3
去濕茶	3
未有得食	3
螂	3
檢舉人	3
退賠	3
學而不思	3
冇戲睇	3
四則運算	3
賊公	3
四頂	3
裸眼	3
湧流	3
飽飽滯滯	3
搞掂了	3
計唔清	3
魚泡	3
依樣畫葫蘆	3
阻難	3
一夜夫妻百二蚊	3
做準備工作	3
春華秋實	3
學徒工	3
鼻淵	3
監督人	3
坐不改名	3
入學率	3
討論決定	3
彩券	3
斷六親	3
歷久常新	3
艾滋病患者	3
克里斯蒂安	3
掃尾	3
條條揈	3
皮筏	3
掛毯	3
來鳳	3
黑豆漿	3
節骨眼	3
兩家好	3
打畀你	3
孖四	3
臆斷	3
整唔切	3
見景生情	3
衫鈕	3
民粹	3
一般規定	3
機場出口	3
白立	3
裝彈弓	3
涉世未深	3
老成持重	3
丁屎	3
武漢肺炎	3
大陸性氣候	3
插旗	3
絕滅	3
果汁機	3
黑咕隆咚	3
望診	3
道教徒	3
新騎士	3
珠海學院	3
雅俗共賞	3
彈射出	3
巨嘴鳥	3
真掂	3
開味	3
化繁為簡	3
遠小人	3
穩拿	3
農藝	3
揀下揀下	3
日暈	3
轉科	3
推究	3
山岡	3
春心動	3
不為意	3
擺街檔	3
聖嬰	3
金多寶	3
打政府工	3
隔都	3
臨產	3
啦啦林	3
引水工程	3
微血管	3
三件頭	3
去你到	3
誠然	3
拆洗	3
蟲蟲蟻蟻	3
觀察入微	3
蒜香骨	3
姿色	3
永續發展	3
長揸	3
軸向	3
公羊傳	3
耳仔喐	3
男人老九	3
黑貂	3
時不我待	3
導論	3
一覽無餘	3
十六番	3
醃汁	3
平仄	3
火水爐	3
沙漠梟雄	3
鹹乾花生	3
盤曲	3
青銅峽	3
撲閃	3
珍饈百味	3
濁親	3
第二國際	3
勉強冇	3
寫唔切	3
執私	3
真版	3
助產士	3
口腫面腫	3
歸口	3
明擺着	3
躍遷	3
咁少少嘢	3
肉騰騰	3
早更	3
衝燈	3
龜頭	3
多羅羅	3
焜	3
魯班鎖	3
你唔返去	3
飲茶錢	3
讀者羣	3
崩大碗	3
眾星拱月	3
政治界	3
一吐為快	3
漲滿	3
玩索	3
即刻射	3
牛磺酸	3
餓肚子	3
楚河漢界	3
錶帶	3
發水麪包	3
內水	3
冇掩雞籠	3
事緣	3
託手爭	3
馬鼻	3
無何	3
武經七書	3
塊面紅紅地	3
悶悶哋	3
怪之得	3
四四六六	3
小家種	3
日托	3
破折	3
車葉	3
明孝陵	3
傍友	3
壽包	3
千祈咪喐	3
婆乸數	3
南乳花生	3
真敢	3
五言律詩	3
貨不對板	3
串演	3
報警器	3
自然元素	3
碰到困難	3
書題	3
性伴	3
蝦春	3
五五波	3
璀璨奪目	3
毎	3
千金一諾	3
嘰咕	3
氣焰囂張	3
撳住頭	3
程序設計	3
台灣牌	3
哥爾夫球	3
唔使緊	3
未戒奶	3
陳露	3
滑牛	3
撐枱腳	3
禮崩樂壞	3
一把眼淚一把鼻涕	3
畀咗佢	3
蒼生塗炭	3
選舉事務處	3
美人蕉	3
倒數緊	3
無所用心	3
宣判有罪	3
水亮	3
逼唔逼	3
冤業	3
戮	3
彈弓牀	3
只要功夫深	3
葆	3
冰皮	3
炊具	3
髮釵	3
拿出手	3
反瞓	3
水磨石	3
給不到	3
笑口棗	3
舊惡	3
拒載	3
信用額	3
插爆	3
室女座	3
跑馬圈地	3
戰戰慄慄	3
夜行軍	3
以攻為守	3
好得滯	3
抽噎	3
禮義廉	3
軲轆	3
喀布爾	3
大拿拿	3
阮安	3
巧笑嫣然	3
訂合同	3
簡慢	3
退役軍官	3
上坡路	3
作俑	3
圍脖	3
火候未到	3
蛋逼	3
格式塔	3
做部長	3
金婚	3
倫理思想	3
生命在於運動	3
反基督	3
老土眼鏡	3
淝	3
清吧	3
五道口	3
大紅花轎	3
涵括	3
左手交右手	3
忐	3
春光乍泄	3
坑渠蓋	3
吸地	3
浩氣	3
上一頁	3
化學鍵	3
郵購	3
欠賬	3
清風徐來	3
博亂	3
荽	3
唔好打爛	3
低裝	3
吊鈎	3
話癆	3
帶氧	3
大樓南翼	3
升氣球	3
好好聲	3
彈雨	3
岡比亞	3
奮筆疾書	3
攔劫	3
混進	3
你屎忽	3
冷手執個熱煎堆	3
瘦瘦哋	3
汽車喇叭	3
珠江橋	3
小小説	3
補粉	3
捲動	3
淡光	3
陣間會講	3
有頭有路	3
費事眼冤	3
工礦	3
躊	3
好吃懶做	3
離天百丈遠	3
房屋中介	3
施比受更有福	3
托架	3
惴惴不安	3
鬚生	3
滴石	3
嚇到鼻哥窿都冇肉	3
有乜錯	3
廢票	3
鑑賞力	3
教科文組織	3
畀我咯	3
菜膽	3
冠天下	3
落蚊帳	3
閲讀時間	3
處變不驚	3
柳丁	3
期指	3
無可匹敵	3
透汗	3
毽子	3
故作高深	3
藍顏知己	3
魚香肉絲	3
雨層雲	3
韻調	3
鼓風機	3
粉碎機	3
本著	3
大窩口	3
荔景	3
常見問題	3
保險槓	3
製藥企業	3
中工	3
竹編	3
掛職	3
馬有失蹄	3
機靈鬼	3
順頭順路	3
坐立難安	3
做市商	3
坎兒井	3
崩落	3
馬鬃	3
藍紙	3
福建炒飯	3
勞記	3
日頭做嘢	3
愛憎	3
李舜臣	3
燒脂	3
騷客	3
達爾文主義	3
漁婦	3
韶光	3
繼後香燈	3
咬緊牙根	3
折福	3
蝦碌	3
消化器官	3
驚傳	3
垛	3
外來貨	3
學齡前	3
助養	3
灼痛	3
托福	3
專誠	3
幾隻牌	3
蓋澆飯	3
秧子	3
犬牙交錯	3
翻舊帳	3
流標	3
走鋼絲	3
通知期	3
看呆	3
報聲	3
水獺	3
舊菜	3
健行	3
難彈	3
分權制衡	3
丹砂	3
快信	3
社交技能	3
清蒸魚	3
國技	3
緊鑼密鼓	3
常務委員	3
氣墊船	3
提前批	3
三門峽	3
邊患	3
白雲岩	3
未孵	3
詢問處	3
無線新聞	3
合份	3
連著	3
睜隻眼閉隻眼	3
少年犯	3
留肚	3
豆腐卜	3
骨質疏鬆症	3
夠得着	3
折實	3
有悖於	3
生約	3
雌黃	3
正皮	3
世界地理	3
想食就食	3
真衰	3
面臨困難	3
狩獵者	3
快樂不知時日過	3
軟梯	3
銼	3
咁鬼慢	3
內兄	3
苦辣酸甜	3
到喉唔到肺	3
八號波	3
一髮千鈞	3
魑	3
天時唔好	3
烤架	3
敬啓者	3
圓光	3
十問九唔應	3
打工皇帝	3
維多利亞州	3
眾怒難犯	3
土地税	3
織金	3
淥下	3
衝量	3
天空之鏡	3
寬宏大度	3
讓坐	3
懶型	3
偏癱	3
塵灰	3
三讀	3
孔穴	3
癩蝦蟆	3
喊都無謂	3
耍盲雞	3
驚變	3
蝕到盡	3
南腔北調	3
蚵	3
暴冷	3
次選	3
重賞之下	3
冇態	3
吊扇	3
盟書	3
笏	3
紅色高棉	3
留頭髮	3
藥食同源	3
減低速度	3
三腳凳	3
捧花	3
托市	3
你笑咩嘢	3
串法	3
街道辦事處	3
敲邊鼓	3
趕稿	3
蝕水	3
安第斯山脈	3
換帖	3
摩門教	3
香爐躉	3
言字旁	3
套鞋	3
好氣色	3
史觀	3
樣機	3
俗字	3
幹架	3
淨飲	3
蝦人蝦物	3
很高分	3
少年老成	3
鴛鴦戲水	3
頂拜	3
哺乳類	3
月氏	3
跛手	3
太極圖説	3
病來如山倒	3
驊	3
摘要	3
雄心萬丈	3
頂個諸葛亮	3
酌情辦理	3
徹骨	3
膠着	3
嗱喳	3
甩難	3
樹液	3
冰菜	3
麪包果	3
互相扯皮	3
乍到	3
牙斬斬	3
拈香	3
抗壓性	3
仰泳	3
每逢佳節倍思親	3
冥頑不靈	3
得人憎	3
郵筒	3
珍惜大自然	3
奪魁	3
剩錢	3
有進取心	3
罰抄	3
粉筆字	3
過廟	3
不到黃河心不死	3
一腳踏幾船	3
套色	3
唐文宗	3
掛單和尚	3
書皮	3
入閘口	3
姐係點	3
執地	3
追仔	3
做唔慣	3
統一認識	3
狗肉煲	3
拍拍屁股	3
金屬材料	3
小正太	3
象鼻蟲	3
爛佬怕潑婦	3
難睇到死	3
有糖水	3
節油	3
勝券在握	3
探風	3
姑太	3
芳齡	3
大規模殺傷性武器	3
子機	3
少少咋	3
解釦	3
補習先生	3
搭坐	3
波迷	3
狗肚魚	3
戲單	3
炒鍋	3
好耐世紀	3
頭暈腦漲	3
撈過界	3
千禧一代	3
新香港	3
觸發器	3
三等艙	3
鬼揞眼	3
往事如風	3
雪糕批	3
拳眼	3
搭把手	3
熱廚房	3
剷車	3
石狗公	3
雞腸字	3
前意識	3
輪調	3
貧病交加	3
天收佢	3
粉芡	3
男女隊	3
兩手揈揈	3
無出其右	3
求其做下	3
蠻幹	3
紙皮石	3
五項全能	3
十年磨一劍	3
羣眾性	3
超大聲	3
旅遊客	3
折枝	3
打橫寫	3
用項	3
品質管理	3
噴氣式飛機	3
實況轉播	3
只可意會	3
坐無影凳	3
口果	3
一人行一步	3
掃羅	3
多句嘴	3
悲劇性	3
陷於絕境	3
低清	3
長襪	3
印地語	3
傳波	3
體側	3
酸乳	3
長賴賴	3
對面牀	3
播片	3
第晚	3
馬克思列寧主義	3
屎渠	3
碳酸鉀	3
陪您	3
人無完人	3
鐵東	3
法國大餐	3
花生友	3
懲惡揚善	3
發卡	3
痱子	3
擒高擒低	3
笑大人個口	3
超連結	3
同類相吸	3
釋放出獄	3
打死唔信	3
無事獻殷勤	3
茁	3
退選	3
偷雞唔到蝕揸米	3
紅古	3
古詩文	3
焉知非福	3
複製粘貼	3
最怕改壞名	3
科學探索	3
韓燒	3
丹紅	3
剛柔相濟	3
偽善者	3
食谷種	3
東便	3
襯色	3
多少有些	3
抽射	3
字算	3
公院	3
熱情果	3
我為魚肉	3
反射鏡	3
噴飯	3
紙水	3
冤臭	3
鋪軌	3
打餐懵	3
唔覺眼	3
幔子	3
點揾佢	3
葱翠	3
釣友	3
戴安娜王妃	3
照播	3
我要返工	3
世界氣象組織	3
三衰六旺	3
邊夠你	3
口授	3
拼裝	3
口水歌	3
爽又甜	3
俗品	3
小資產階級	3
前途渺茫	3
歡場	3
多面手	3
擺樣子	3
做倉	3
品脱	3
把屎	3
不繼	3
追認	3
如詩如畫	3
等離子體	3
公方	3
幫眼	3
整鬼你	3
多舊魚	3
學術觀點	3
應該點整	3
應機	3
富貴病	3
氣候異常	3
照映	3
收嗲	3
靠打工	3
聯合王國	3
埋齋	3
花骨朵	3
冰雪皇后	3
初不初	3
處事原則	3
弄混	3
巨峯	3
甘香酥脆	3
渣嘢	3
揸住雞毛當令箭	3
焚風	3
家醜不可外傳	3
氣閥	3
傘兵	3
漣	3
闋	3
自己工	3
封后	3
沒日沒夜	3
賜與	3
攬攬錫錫	3
假希望	3
泄底	3
裏脊	3
豬肝色	3
冠狀病毒病	3
蝶豆花	3
病向淺中醫	3
籌算	3
勒殺	3
梁書	3
我返嚟咯	3
耍功夫	3
係唔係玩	3
財務軟件	3
褪後啲	3
大而化之	3
笨鳥先飛	3
我返去先	3
清炒	3
收割者	3
面無四兩肉	3
認罰	3
頭痛散	3
得瑟	3
省議員	3
從善如流	3
悶聲悶氣	3
唰	3
透明體	3
整鬼整馬	3
懶懶哋	3
沒得説	3
大料	3
種牙	3
浮石	3
酣	3
沙岩	3
蟹醬	3
面貌一新	3
深更半夜	3
馬爾馬拉海	3
閃擊戰	3
除邪	3
獅子狗	3
佛口蛇心	3
農業現代化	3
丘陵	3
間選	3
亮閃閃	3
豆袋	3
割席	3
終久	3
中階	3
毛澤東思想	3
麗實	3
瓜子口面	3
街場	3
恃強欺弱	3
多水分	3
有得掹	3
雞關	3
重查	3
性小眾	3
禁漁	3
敬神	3
跑馬仔	3
前世撈亂骨頭	3
擘大喉嚨嗌	3
搭便車	3
倆錢	3
第一調	3
送檢	3
正三角形	3
差強人意	3
低能兒	3
兒孫自有兒孫福	3
護蔭	3
佢好硬頸	3
關咪	3
佢明明有	3
春宮畫	3
酒石酸	3
巴士飛	3
八珍湯	3
壞種	3
歡顏	3
喪失殆盡	3
北大嶼山公路	3
見多不怪	3
乞嚏	3
點心車	3
齊奏	3
恨死隔籬	3
半邊山	3
不成方圓	3
不盡然	3
落種	3
重要事件	3
講就易	3
慳儉	3
噤	3
戲劇大賽	3
鄉頭	3
飯菜香	3
冗	3
傾唔落去	3
榜尾	3
行橋多過你行路	3
例行工作	3
坑渠老鼠	3
血崩	3
蓑	3
大前年	3
砝	3
封官許願	3
照依	3
改詞	3
得物無所用	3
臨河	3
牙屎	3
冒險主義	3
泉源	3
期數	3
年老力衰	3
封箱膠紙	3
電子奶嘴	3
緊身褲	3
新疆維吾爾自治區	3
錢可通神	3
慶過火屎	3
屏風樓	3
食懵你	3
熬出頭	3
情報蒐集	3
爆山	3
鯰魚效應	3
有碟話碟	3
認投	3
廚衞	3
電源開關	3
年廿八洗邋遢	3
柔情脈脈	3
肥底	3
凍凍哋	3
派息	3
小靚仔	3
半腰	3
自覺自願	3
賺得個	3
猷	3
妊娠	3
聲大夾惡	3
肇事逃逸	3
貪自在	3
四川大地震	3
槽頭	3
阿克蘇地區	3
奉贈	3
開籠雀	3
小數民族	3
趁人之危	3
英女皇	3
人怕出名豬怕肥	3
雎	3
西梅	3
日內瓦公約	3
地中海貧血	3
閻錫山	3
恭候大駕	3
腰鼓	3
物輕情意重	3
心馳神往	3
挨擦	3
形勢逼人	3
喜娘	3
近聞	3
好眉好貌生沙蝨	3
不足為慮	3
水雞	3
獻舞	3
名諱	3
比較級	3
扣雞	3
吃牛雜	3
摜	3
搖撼	3
刑堂	3
可知論	3
過雲雨	3
黑水雞	3
片石	3
捨掉	3
一齊時	3
均等化	3
聽執笠	3
防特	3
采聲	3
巢掹掹	3
迎風飄舞	3
冇艇搭	3
笑爆嘴	3
監聽器	3
神聖化	3
戰略轉移	3
靈恩	3
臨崖勒馬	3
放大炮	3
擒賊擒王	3
大眼金魚	3
春景	3
脱序	3
國家航天局	3
官俸	3
地球大氣	3
恬不知恥	3
婚期	3
顎骨	3
貿發局	3
紅棍	3
健美運動	3
當令箭	3
賀客	3
税基	3
曾紀澤	3
拄	3
刻苦鑽研	3
車線	3
人行橫道	3
敕	3
撩鼻	3
咁瞓啦	3
歡樂卡	3
使橫手	3
洗樓	3
中樞神經系統	3
橢	3
彈藥箱	3
錦上路	3
展露頭角	3
回單	3
幾時放假	3
鬥拳	3
帘	3
後人乘涼	3
天氣潮濕	3
代幣	3
有奶便是娘	3
波茨坦公告	3
妙筆生花	3
畀你睇	3
莊稼地	3
唔好再來	3
搽藥	3
窄窄哋	3
筆帽	3
自取其咎	3
七個一皮	3
篪	3
歲末年初	3
蒸魚豉油	3
算你狠	3
失豬	3
狗奴	3
慕士	3
紅番	3
頑固派	3
印尼文	3
迷誤	3
羽絨被	3
資用	3
獨在異鄉為異客	3
生物量	3
徵文	3
贈興	3
半生瓜	3
俄羅斯輪盤	3
包治百病	3
匿去邊度	3
慳電膽	3
究極	3
加油工	3
哥特式	3
統一分配	3
待續	3
累街坊	3
親中	3
武無第二	3
痰盂	3
狗刨	3
篷車	3
眼淚橫流	3
增色	3
一望無垠	3
板塊構造	3
怕你呀	3
統計表	3
澠	3
紙皮盒	3
剪子	3
法蘭西多士	3
搶客	3
填鴨式教育	3
窮民	3
短炒	3
順平	3
戒行	3
行一步睇一步	3
窺看	3
抵銷	3
不同點	3
投稿人	3
仲冇咁嬲	3
氣密	3
滿天繁星	3
催吐	3
穿一條褲子	3
穿羊水	3
面議	3
基因庫	3
詐詐帝	3
蕉林	3
三句不離本行	3
缺德事	3
衝浪板	3
盞嘥時間	3
看押	3
外交豁免權	3
小生活	3
香港十八區	3
打衝鋒	3
下不來	3
談價	3
歷史觀點	3
蒲扇	3
攤直	3
摸酒杯底	3
熱烈地彈琴熱烈地唱	3
求才若渴	3
小數怕長計	3
局住	3
含冤莫白	3
四胡	3
執齊啲嘢	3
一半天	3
牙縫	3
通感	3
百無一失	3
槓刀	3
要臉	3
勢兇	3
政府新聞處	3
人有失手	3
頑疾	3
絕緣體	3
專名	3
慎言	3
糯米屎忽	3
飯鏟頭	3
變濕	3
隱射	3
秋祭	3
揮發油	3
臭貨	3
一個頭兩個大	3
攬住死	3
等米落鑊	3
士啤	3
見牙唔見眼	3
替工	3
可以忽視	3
撈唔埋	3
遭瘟	3
治氣	3
吸音	3
豬籠餅	3
呼吸器官	3
發好人卡	3
中耳炎	3
蝦虎魚	3
呵氣	3
守業	3
睇勢頭	3
重九	3
值日官	3
卉	3
風標	3
走學	3
茶水房	3
養兵千日	3
贏到開巷	3
二愣子	3
匠心獨運	3
平鍋	3
中途轉機	3
權利要求	3
排炮	3
異乎尋常	3
蝴蝶酥	3
法醫學	3
零嘴	3
八字鬍鬚	3
疏理	3
普度	3
封建主	3
念口黃	3
執靚啲	3
守車	3
抓著	3
激靈	3
球季	3
飛機仔	3
乖豬	3
野生生物	3
激光中	3
純素食	3
喳咋	3
瀕海	3
表面文章	3
各花入各眼	3
一腔熱誠	3
繁文縟節	3
才分	3
燒鍋	3
頂風作案	3
打橫睇	3
飪	3
反射光	3
划艇	3
唔得乜	3
快一秒	3
沙琪瑪	3
告枕頭狀	3
畫葫蘆	3
導播	3
益胃生津	3
現鈔	3
忌恨	3
今鑊	3
山葵	3
鎔	3
靠山吃山	3
軟坐	3
譜子	3
棄邪歸正	3
裝袋	3
憂懼	3
絕詩	3
鎖匙金	3
咬舌自盡	3
喐親就	3
聽香	3
蠕	3
產業界	3
四境	3
利利是是	3
塵拂	3
包賠	3
幽徑	3
橫軸	3
電路板	3
關公細佬	3
黐筋	3
退行	3
亞克力	3
斷窮根	3
三煞位	3
市場劃分	3
預賽	3
攝太歲	3
你敬我一尺	3
罐頭刀	3
各執己見	3
抌印	3
修音	3
中性粒細胞	3
振一下	3
應分	3
啄住佢	3
停刊	3
賣字畫	3
輪距	3
鋼鐵工業	3
脱繮野馬	3
吹佢唔脹	3
占星家	3
輻射能	3
刮削	3
釣魚杆	3
屎忽花	3
打氣筒	3
摸杯底	3
陰錯陽差	3
算式	3
吊威也	3
授與	3
遑論	3
幾條女	3
鹹蛋滾湯	3
搏上位	3
報户口	3
掛擋	3
交嘢	3
無可無不可	3
峽江	3
病軍	3
吽逗	3
蠡	3
爆聲	3
英歌	3
遺傳信息	3
對案	3
錯角	3
撈女	3
整古做怪	3
黒	3
北大西洋公約組織	3
近點	3
搖控	3
肥淋淋	3
結構體	3
殘敗	3
專唱	3
稍安勿躁	3
包尾大翻	3
稱孤道寡	3
濕貨	3
歇業	3
跣落去	3
地痞	3
燼	3
宿緣	3
毛冷	3
屎坑計	3
兩梳蕉	3
評斷	3
龍鬚糖	3
憂勞成疾	3
一白遮三醜	3
嗌破喉嚨	3
悲啼	3
局氣	3
扎孖辮	3
彈叉	3
法蘭西共和國	3
梔子	3
風癱	3
死車	3
牌品	3
齊膝	3
做場好戲	3
竹洞	3
童子雞	3
稽考	3
腳踏車	3
鄉議局	3
爬山虎	3
泛濫	3
巡城馬	3
五言絕句	3
花架子	3
鼻青眼腫	3
掃埋嚟	3
鐫刻	3
正歌	3
學師仔	3
國際主義	3
尊重事實	3
踏襲	3
識行識走	3
蜂蜜酒	3
周身唔妥	3
百果	3
我去攞車	3
牧者	3
相差不多	3
薅	3
包茅	3
老奉	3
受軟唔受硬	3
泛光燈	3
無紡布	3
抵岸	3
人靚聲甜	3
輕武器	3
賠湯藥	3
老繭	3
白駒過隙	3
兜巴星	3
賣甩我	3
禁藥	3
社區設施	3
筆套	3
打石膏	3
補色	3
還太歲	3
私酒	3
鬆氣	3
暖風機	3
不做虧心事	3
欲蓋彌彰	3
國璽	3
滯納金	3
到岸價	3
都應當	3
蜜罐	3
撣	3
馬耳他	3
萬年油	3
口風琴	3
交波	3
一星半點	3
外甥女婿	3
激到死死下	3
文明病	3
神權統治	3
嶂	3
起市	3
大便乾燥	3
多子多福	3
鬃	3
遞畀	3
老而不	3
天理昭彰	3
心材	3
無線咪	3
吊高嚟賣	3
王婆賣瓜	3
鹽梟	3
唔好揾佢	3
敗興而歸	3
打勾勾	3
甚小	3
來佬貨	3
國台辦	3
還政於民	3
斐然	3
乜菜	3
係咪本人	3
祛濕茶	3
抵押物	3
台基	3
藉詞	3
好辯駁	3
乍看之下	3
逐筆	3
伊斯蘭曆	3
不正當關係	3
工作委員會	3
雜活	3
帽檐	3
番薯幹	3
忙中出錯	3
裝配線	3
統籌兼顧	3
坐骨神經痛	3
有乜好做	3
什麼名堂	3
火數	3
梨窩	3
佳人有約	3
劫囚	3
化學能	3
嶺南畫派	3
教員室	3
因住凍親	3
鉛錘	3
政治派別	3
板燒雞腿	3
有險可守	3
勾芡	3
長生津	3
冬菇亭	3
中國東方航空	3
捕魚船	3
有無上	3
目鏡	3
主句	3
嚴責	3
睇梗	3
推搡	3
逼到埋身	3
十賭九輸	3
總開關	3
迤	3
尾指	3
老番	3
影印本	3
海軍總司令	3
馬自達	3
互通有無	3
突擊測驗	3
好佬怕爛佬	3
有效日期	3
骨骼系統	3
未便	3
馬騮衣	3
貽	3
糾錯	3
青茶	3
全情投入	3
臭美	3
意大利雲吞	3
三點式	3
自然語言處理	3
考查	3
食四方飯	3
別睡	3
內塔尼亞胡	3
亂逛	3
耐受性	3
賜姓	3
愛知	3
白鴿轉	3
開足馬力	3
信令	3
出卷	3
大菌食細菌	3
蒲瓜	3
蛋茶	3
粵語白話文	3
統攬	3
斜膊	3
睇個勢	3
睇上眼	3
上半葉	3
土魷	3
親善大使	3
低昂	3
有乜好傾	3
清蒸鯇魚	3
派帖	3
拉片	3
米林	3
良禽擇木	3
尾款	3
量測	3
合宜	3
異體	3
加農	3
瞅見	3
外購	3
檸七	3
兜客	3
敞篷車	3
菩提達摩	3
燒透	3
驚現	3
好頸	3
雞蛋餅	3
功大於過	3
小傳	3
賬房先生	3
月虧	3
報刊亭	3
反斗星	3
積欠	3
不惜工本	3
老人精	3
淫照	3
成眠	3
雨粉	3
敲入	3
昭陽	3
中譯	3
以水為財	3
疊起佢	3
嗜睡症	3
大體相當	3
五百年前是一家	3
伊戈爾	3
政治綱領	3
平機會	3
無聲狗	3
蘋果核	3
多香果	3
唔好咁曳	3
焦距	3
關漢卿	3
貪威識食	3
夾口供	3
就快就快	3
硬筆	3
贊比亞	3
羔	3
喜惡	3
礦水	3
點著	3
接枝	3
針嘴	3
勞動生產力	3
改圖	3
南風窗	3
喘不過氣來	3
驚怪	3
自由黨	3
九九歸一	3
證人席	3
猜波	3
新葡	3
馬豆	3
納蘭性德	3
死忌	3
工蜂	3
都快啦	3
一時口快	3
鼓膜	3
浴帽	3
黃褐斑	3
打諢	3
不能平靜	3
老一套	3
錐子	3
鋼琴師	3
強幹	3
多咩謝	3
毛血旺	3
滾水蛋	3
印第安納州	3
小麪包	3
奇能	3
烏下烏下	3
企業社會責任	3
搭半	3
梅雨天	3
冧檔	3
食無求飽	3
有輛	3
覆診	3
游山玩水	3
鬧彆扭	3
歇歇腳	3
亂撞一通	3
戛納	3
咬耳朵	3
慢食	3
木顏色	3
配水庫	3
銀髮族	3
供股	3
阿福阿壽	3
猛獁象	3
碾磨	3
王益	3
引火自焚	3
蚊燈	3
八隻牌	3
磣	3
年逾古稀	3
光棍佬教仔	3
連掃	3
湯河	3
官校	3
稹	3
勤苦	3
萬人之敵	3
妙句	3
麪塑	3
明後年	3
壽頭	3
閃光彈	3
支配權	3
辛苦工	3
週時	3
臉皮厚	3
以失敗而告終	3
墨丸	3
羅密歐與朱麗葉	3
加簽	3
可一而不可再	3
聲喉沙	3
騎縫印	3
座標系	3
舊橙	3
有功人員	3
明爐	3
鏡腳	3
剪枝	3
包書	3
虛位以待	3
內外有別	3
沙坦	3
直諫	3
地方戲	3
家賊難防	3
笪死	3
弱視	3
悔之已晚	3
崇奉	3
樹仁大學	3
光口	3
杏仁露	3
天人永隔	3
旺丁唔旺財	3
高力豆沙	3
張家長	3
令尊令堂	3
告到你甩褲	3
你就知錯	3
柩	3
知就好	3
替身演員	3
口水仗	3
水蟹	3
貼膜	3
磁懸浮列車	3
海綿體	3
芸豆	3
李雪健	3
雞寮	3
起身未啊	3
字紙	3
大田螺	3
真心話大冒險	3
掃雷	3
去邊攞	3
倪匡	3
雨毛	3
出將入相	3
滿帆	3
醉翁之意不在酒	3
即席	3
廕	3
迥異	3
吹波波	3
淋淋聲	3
第三張圖	3
博傻	3
鈍器	3
荒漠化	3
太白星	3
扎針	3
芋絲	3
眼挑針	3
開油鑊	3
唔好老皮	3
縱貫	3
冧莊	3
行政區劃	3
腿疼	3
膽略過人	3
監門	3
你慢慢啦	3
梅德韋傑夫	3
運氣王	3
你冇事嘛	3
西冷牛扒	3
小圈子選舉	3
我必犯人	3
頌詞	3
新症	3
婀娜	3
中央全會	3
完形	3
咬鈎	3
玉米粉	3
居民消費價格指數	3
芝麻餅	3
務使	3
阿米巴原蟲	3
門户開放	3
蛔蟲病	3
度量衡	3
藕絲	3
電信號	3
削波	3
圍門	3
売	3
撥電話	3
食用鹽	3
天塹	3
番鬼荔枝	3
根絕	3
臨帖	3
二人三足	3
除臭劑	3
得啖笑啫	3
貧賤不能移	3
詠鵝	3
饑	3
郵袋	3
康生	3
眼闊肚窄	3
懶係嘢	3
屎塔蓋	3
五十步笑百步	3
旋即	3
聽信謠言	3
浮動匯率	3
掙個	3
從此被困	3
釣金龜	3
外交系	3
射龍門	3
球杆	3
攞嚟賤	3
關公災難	3
徑向	3
搽潤唇膏	3
喉腩	3
微生物學家	3
升天	3
酒餅	3
紙鈔	3
大紅柿	3
桐油	3
從有到無	3
甕棺	3
打鐵工	3
芬蘭浴	3
網咖	3
荒旱	3
怎算好	3
古老十八代	3
爛爛哋	3
電解	3
地誌	3
腸肚	3
鹹臭	3
識錯咗你	3
弗嘅	3
肌肉男	3
三書六禮	3
鬼佬涼茶	3
轉瞬間	3
滁州	3
休眠火山	3
座火	3
剽竊	3
流離朗蕩	3
貼中	3
運吉	3
事後孔明	3
捉雞腳	3
一條道走到黑	3
匯集	3
有乜着數	3
越南文	3
衣紙	3
笨豬跳	3
叮走	3
難聽到死	3
南昌起義	3
有金執	3
大埠	3
面朝黃土背朝天	3
來了廣州	3
壁球	3
有理説不清	3
呢牌	3
滑石	3
滋事	3
均速	3
審判席	3
油麻地小輪	3
磨時間	3
櫃桶仔	3
食狗屎	3
天然災害	3
竹戰	3
膈	3
耍滑	3
惆	3
煎封	3
平行宇宙	3
打屁	3
故紙堆	3
從何下手	3
外電	3
單軌	3
拔河比賽	3
才識過人	3
雞仔媒人	3
見過鬼都怕黑	3
茶袋	3
救傷	3
工筆畫	3
美麗新世界	3
你檔口	3
酸鹼度	3
開壺	3
彈指一揮間	3
瘩	3
薑汁撞奶	3
丸子頭	3
黑加侖子	3
回族人	3
濂	3
樂滋滋	3
緹	3
墓誌	3
爛食	3
手掙	3
這下子	3
滴管	3
喜怒不形於色	3
攞咗去用	3
街閘	3
天仙局	3
馬路口	3
不經濟	3
大天二	3
利慾薰心	3
收錄機	3
開底	3
雜集	3
操肌	3
順溜	3
伺服器	3
方位詞	3
浴簾	3
分句	3
推心	3
賓夕凡尼亞州	3
街段	3
海鏡	3
剝削者	3
倒鎖	3
畫龜	3
酒腳	3
屎開	3
你等唔等	3
盎司	3
周打魚湯	3
唱名	3
勾留	3
豬踭	3
李家短	3
有屁快放	3
唔使啩	3
陀累	3
好醜命生成	3
用在一時	3
退關	3
長氣到死	3
碳酸氫鈉	3
拿得起放得下	3
冇心裝載	3
鐳射影碟	3
焦即	3
大想頭	3
直尺	3
冇理由啩	3
催谷	3
廢物箱	3
孤身隻影	3
瞓來瞓去	3
磨磨蹭蹭	3
堵到	3
台胞證	3
鮁	3
起朵	3
德航	3
獅頭鵝	3
旗牌	3
死人燈籠	3
衞星圖像	3
依靠羣眾	3
羣聚	3
夠腳	3
鮎魚效應	3
約束條件	3
尋根問底	3
八角茴香	3
青囊	3
體臭	3
作雨	3
引河	3
話實話	3
扼制	3
衰十一	3
別傳	3
督親	3
晾衫架	3
專屬經濟區	3
筆袋	3
回形針	3
撩咗出嚟	3
減數	3
齊頭數	3
激起公憤	3
塞拉利昂	3
收掂	3
睇住佢頭	3
攪混	3
秒錶	3
漣水	3
豎寫	3
夏長	3
土雞瓦狗	3
老邊	3
苦艾酒	3
菴	3
走糖	3
結膜炎	3
違章者	3
吋	3
水路運輸	3
望山跑死馬	3
羣眾外包	3
拼板	3
巴西龜	3
斬波	2
雞髀菇	2
語音合成	2
發昏	2
零缺點	2
踝	2
霸定位	2
博識	2
嘥聲壞氣	2
濕星嘢	2
衰款	2
校務	2
同工不同酬	2
侍童	2
細佬細個	2
肥蟹	2
歐洲共同體	2
咁複習	2
一陣問	2
倫教糕	2
拘押	2
龜蜜	2
攝位	2
父父	2
候補名單	2
潮州粥	2
枷	2
下欄嘢	2
請諒解	2
下世投胎	2
江陵縣	2
論政	2
控制面	2
標賣	2
臘起	2
耐佢唔何	2
洗潔劑	2
躺卧	2
都假啦	2
學如逆水行舟	2
吱喳	2
花僆	2
卡介苗	2
山埃	2
孭唔喐	2
乍暖還寒	2
酣睡	2
駕御	2
路試	2
貴人多忘事	2
科學主義	2
耍脾氣	2
蝕章	2
失物招領處	2
始終不渝	2
電熱水壺	2
交通運輸部	2
墨魚骨	2
駝鹿	2
鈎住	2
驗關	2
跌風	2
不迭	2
隔咗排	2
算盤子	2
日本共產黨	2
餘氏	2
生命之光	2
長筒靴	2
海蠣	2
棄保潛逃	2
鏚	2
暈血	2
茶仔	2
發睏	2
蚊都瞓	2
大地洞	2
豆瓣網	2
滿員	2
裝香拜神	2
粗通	2
不可數	2
地櫃	2
省稱	2
喘粗氣	2
易建聯	2
鎹	2
雅威	2
本澳	2
深情款款	2
扭結	2
篆刻	2
以利亞	2
牛仔衫	2
捎信	2
富於想像	2
鏡架	2
閉門謝客	2
公數	2
揸數	2
又話喺度	2
文儀	2
卷土重來	2
花鐵	2
力保不失	2
腿軟	2
人多手腳亂	2
懶有嘢	2
龍穿鳳	2
戰國末年	2
隱惡揚善	2
戰鬥艦	2
坐像	2
徐緩	2
酸木瓜	2
提籃	2
價值標準	2
明十三陵	2
牽紅線	2
識埋啲人	2
大度包容	2
唇槍舌戰	2
有容乃大	2
安提瓜和巴布達	2
坎頭埋牆	2
牙擦擦	2
歸底	2
異國風光	2
風台	2
巖穴	2
層板	2
佢好慳	2
漠南	2
擰過身嚟	2
掃盲	2
秋千	2
失道寡助	2
嗽	2
戳力	2
點撳得牛頭低	2
出境證	2
劣食	2
我宿友	2
斐濟	2
物傷其類	2
城鎮化水平	2
使頸	2
襟食	2
泄洪	2
出橫手	2
颯颯聲	2
天下烏鴉一樣黑	2
密西根州	2
艾片	2
有所得必有所失	2
隱疾	2
相切	2
調準	2
鞋抽面	2
糖脂	2
文史哲	2
馬尿水	2
統一規劃	2
祈望	2
篩下篩下	2
域名	2
及膝	2
急於星火	2
數尾	2
物鏡	2
將將就就	2
民意測驗	2
白表	2
脹大	2
前園	2
批轉	2
背轉	2
鬧賊	2
騎牛揾馬	2
精神療法	2
公主車	2
鼎盛期	2
大紅大綠	2
劃等號	2
系統研究	2
胃酸過多	2
去職	2
地板油	2
熱呼呼	2
急救箱	2
痢疾	2
抽象畫	2
事在必行	2
該隱	2
能知天下事	2
四仔乸	2
立立雜雜	2
抗洪	2
文藝演出	2
昆仲	2
請人飲茶	2
鍘	2
空中飄浮	2
係又點唔係又點啫	2
嘢仔	2
多多事	2
絞索	2
識錯人	2
胸大冇腦	2
熙攘	2
早知燈係火	2
打蛇隨棍上	2
荒淫無度	2
鬼老靈	2
你最紅	2
粗粗哋	2
請客送禮	2
呃得就呃	2
梟首	2
卓爾不羣	2
法治建設	2
洗底褲	2
媞	2
洗盆	2
體温過低	2
唔熟性	2
廁板	2
敵眾我寡	2
鋒芒畢露	2
展播	2
神仙肚	2
電蒸爐	2
杜撰	2
冇門口入	2
鐘樓怪人	2
煞費苦心	2
可唔可愛	2
充任	2
又乜事	2
聖女果	2
繞流	2
野遊	2
胰島	2
真攞命	2
發個豬頭	2
屘一	2
修改意見	2
電子檔案	2
續娶	2
血流如注	2
佢幾鍾意	2
客觀情況	2
唔知米價	2
保持原貌	2
乾電池	2
耕仔	2
明槍暗箭	2
勒逼	2
尋香	2
欲經	2
防潮箱	2
希伯來人	2
伊利諾伊州	2
同卵雙生	2
惡恨	2
世界自然基金會	2
維吾爾語	2
口癖	2
姬妾	2
宿營地	2
內顧之憂	2
防堵	2
問杯	2
芳名	2
紅杉樹	2
蔡甸	2
評判員	2
改選	2
旁枝末節	2
雞食放光蟲	2
收枱	2
冊數	2
輝格黨人	2
巧舌如簧	2
拍磚	2
英雄樹	2
準保	2
捷報頻傳	2
奇風異俗	2
獨市	2
魚絲袋	2
圓錐狀	2
卧薪嚐膽	2
我先受	2
蟹貨	2
國際標準化組織	2
擠過	2
老積	2
馬克杯	2
舉業	2
冇釐正經	2
喳嘢	2
義憤填胸	2
葯	2
錦繡前程	2
促聲	2
家持	2
化干戈為玉帛	2
病魔纏身	2
必有一傷	2
飯後果	2
信息靈通	2
興盡	2
婦道人家	2
轉眼即逝	2
面對逆境	2
鴨仔團	2
賓周	2
氣喘病	2
煮我飯	2
紅提	2
做收錢	2
韌力	2
手中有權	2
肉墊	2
感愧	2
招風耳	2
間格	2
客家美食	2
硬糖	2
搏下彩	2
屌乸聲	2
計仔多多	2
社區建設	2
山寨王	2
水頭充足	2
鞭撻	2
一樓一鳳	2
貪近	2
休漁期	2
劃輪	2
牙齒打卦	2
氣窗	2
怨偶	2
啃咬	2
冇咗男	2
假令	2
無心之過	2
一切就緒	2
獨角鯨	2
陲	2
用不著	2
報紙攤	2
驕傲感	2
揀手	2
食物銀行	2
一腳牛屎	2
皺皮	2
牌費	2
考試院	2
勇於認錯	2
護士鞋	2
冇數為	2
木材業	2
篷頂	2
差不離	2
學期尾	2
巴斯德消毒法	2
自鳴鐘	2
撻定	2
衫裏	2
囊中取物	2
稱許	2
疾步	2
救援工作	2
經一事長一智	2
動魄驚心	2
期金	2
筆挺	2
總控	2
政權建設	2
害人蟲	2
佢咁刁蠻	2
進步主義	2
報更	2
無言老師	2
曼城隊	2
金蘭譜	2
越窮越見鬼	2
栩栩	2
栩	2
暢達	2
倔頭	2
好大懵	2
訓戒	2
禮拜儀式	2
縮皮	2
飛單	2
迥然不同	2
抑制劑	2
打赤膊	2
辛酸淚	2
葵興	2
大東亞共榮圈	2
麻唔麻煩	2
最低水準	2
牛殼	2
暖融融	2
撻車	2
調弄	2
部隊鍋	2
半熟練	2
借借	2
純文字	2
歐幾里德	2
有人想你	2
唐中宗	2
心多多	2
佼佼	2
時也命也	2
轉趨	2
呼嚕嚕	2
紅辣椒粉	2
陰性反應	2
預讀	2
蓓蕾	2
非常好客	2
操縱桿	2
購物習慣	2
約會對象	2
弄巧反拙	2
濾水池	2
地球科學	2
政務官	2
食霸王飯	2
捧著	2
呢駁	2
黃臉婆	2
核凸	2
頂酒	2
抽頭	2
故地重遊	2
雞姦	2
瀧	2
分歧點	2
衰到冇人有	2
般樂	2
標燈	2
文不加點	2
偏轉	2
坐移民監	2
翻頭嫁	2
香港兒童合唱團	2
跳扎	2
吹得天花亂墜	2
層層加碼	2
涸	2
撥正	2
輪轂	2
碎錢	2
時好時差	2
囹圄	2
堅如磐石	2
拋窒	2
撈汁	2
銅棒	2
觀乎	2
備辦	2
黑腳	2
鬼計多端	2
齷	2
豬咁蠢	2
台徽	2
沽盤	2
劍麻	2
只怕萬一	2
相碰撞	2
嚴絲合縫	2
多幾錢重	2
雲字	2
搗鼓	2
拉活	2
打啩	2
玩到興高采烈	2
干支	2
承租	2
霜降	2
民權主義	2
專職醫療	2
創議	2
文學巨匠	2
任佢估	2
鐵漢柔情	2
娶妻求淑女	2
蒲點	2
誇啦啦	2
盤倒	2
都會大學	2
頂包	2
農桑	2
番瓜	2
過咗海就係神仙	2
極盛時期	2
黏糊	2
爽利	2
以怨報德	2
廠妹	2
蛤蟆鏡	2
子問題	2
商賈	2
姑息養奸	2
讀寫能力	2
國際婦女節	2
密密層層	2
酯	2
贈券	2
概略	2
陳米	2
貓機	2
漂零	2
文膽	2
活板	2
俐落	2
耍笑	2
紅毛丹	2
合成法	2
萬眾歡騰	2
溶溶爛爛	2
拿獲	2
喪魂失魄	2
暖氈	2
囔囔	2
屢禁不絕	2
襪頭	2
德雷斯頓	2
節慾	2
二隻牌	2
粉領	2
應棍	2
倒屎咁早	2
下星期啦	2
朱義盛	2
耳套	2
河蚌	2
洪水滔滔	2
被侵害	2
逆耳之言	2
鐵杉	2
有籮	2
食好西	2
膘肥體壯	2
落筆打三更	2
青靚白淨	2
講粗口鬧人	2
糖瓜	2
福壽膏	2
震機	2
有差價	2
易話為嘅	2
憋着	2
巴旦木	2
待查	2
瘓	2
大眾媒介	2
茶師	2
三字詞	2
貴族社會	2
橢圓形辦公室	2
我係請佢	2
換港幣	2
飽嗝	2
招領	2
圍兜	2
講古咁講	2
兩害相權取其輕	2
蓄電池	2
蔗渣	2
赦令	2
油瓶女	2
不如下次先啦	2
韓信點兵	2
不能自已	2
懶幽默	2
旻	2
肌肉注射	2
鳥雀	2
幹手淨腳	2
莫不聞	2
造謠惑眾	2
攜手共進	2
隔行	2
黏膠	2
擔梯	2
星鐵	2
闌尾	2
嘔電	2
錨鏈	2
宿願	2
善用資源	2
普度眾生	2
番鴨	2
講話有骨	2
祠廟	2
附屬物	2
典型化	2
分文不值	2
冬病夏治	2
問仙	2
食返餐勁嘅	2
篡權	2
呢世仔	2
妙手空空	2
萬死一生	2
食住上	2
揩花	2
花花公主	2
隱避	2
太陽曆	2
方腳	2
刀子嘴	2
搖了搖	2
環太平洋地震帶	2
骯	2
刀葉	2
護長	2
信任票	2
死人尋舊路	2
囤地	2
發錢寒	2
雙音節	2
碟頭	2
控制棒	2
持家有道	2
單味藥	2
船窩	2
煮米	2
溜光	2
鋼門	2
食得唔好嘥	2
罩門	2
雜多	2
重算	2
成數高	2
財相	2
踏腳板	2
半拱	2
草木鳥獸	2
紙杯蛋糕	2
架仔	2
苦難深重	2
羅口	2
大喇喇	2
貴妃牀	2
歡欣雀躍	2
視如己出	2
長週	2
濫用權力	2
再教育	2
大技	2
擋拆	2
無無無	2
何至於此	2
攝入嚟	2
睡鼠	2
斷掌	2
焗熱	2
鋸條	2
酶類	2
飛躍道	2
山雞變鳳凰	2
喱埋	2
專線電話	2
蚊瞓	2
八卦拳	2
魁首	2
消防喉	2
菓	2
做廳長	2
鼓點	2
黑財	2
小淘氣	2
浮光掠影	2
關公亦有對頭人	2
慳飲慳食	2
敷料	2
胡胡混混	2
購物單	2
頭碰頭	2
千島醬	2
積陰德	2
赤腳醫生	2
萬事亨通	2
睡椅	2
迥	2
關税壁壘	2
壽板	2
打爛齋缽	2
書到用時方恨少	2
宮觀	2
唔好呃人	2
東西半球	2
答唔切	2
游弋	2
出盡八寶	2
出版人	2
狗上瓦坑	2
命水唔好	2
鳴謝	2
有甜品送	2
人生舞台	2
新加坡共和國	2
防火膠	2
警備隊	2
切近	2
腦閉塞	2
刷牙先	2
假冒偽劣	2
眨巴	2
睥	2
啞仔食雲吞	2
今古文	2
拆招牌	2
瞭望哨	2
及時性	2
十畫都未有一撇	2
黃鸝	2
例規	2
賓賓	2
東北平原	2
百香果汁	2
有寶咩	2
骨董	2
伉	2
密實姑娘假正經	2
嚟唔得切	2
水曱甴	2
稼	2
搏炒	2
心肺復甦法	2
檳榔嶼	2
顧左右而言他	2
一公一乸	2
點鬼樣	2
烏拉爾山脈	2
虛損	2
冇得找	2
乳貼	2
牛仔片	2
密詔	2
樹上開花	2
笑靨	2
平方反比定律	2
黑啡	2
垓下	2
肥肚腩	2
立食	2
老強	2
髦	2
傾動	2
爽健	2
卡債	2
可逆性	2
茶磚	2
爛賭鬼	2
監督者	2
畫評家	2
路邊社	2
骨場	2
希伯萊文	2
濕水炮仗	2
承前啓後	2
遼史	2
耳力	2
青蛙公主	2
獵捕	2
抹咗一額汗	2
侵越	2
暗盤	2
特種警察	2
真好味	2
泛珠三角	2
悠着	2
嘉會	2
熱乎乎	2
食蟻獸	2
墓誌銘	2
刑辱	2
翩然而至	2
無心裝載	2
環面	2
讎	2
問題少年	2
飛沙走奶	2
軍法審判	2
年均增長率	2
新姑爺	2
大笪哋	2
清隊	2
參閲	2
少陣	2
青靚	2
檢索	2
專門知識	2
出生缺陷	2
側側膊	2
回鑊	2
掉換	2
工程圖	2
中庸思想	2
地方法院	2
我鬆開手	2
素質差	2
級聯	2
膠泥	2
駕鶴西去	2
台灣小食	2
遺老	2
鋪首	2
非洲人國民大會	2
看守者	2
地盤佬	2
你唔係㗎	2
牛角麪包	2
零起點	2
飆高音	2
木乃伊化	2
強鹼	2
感知力	2
盲公餅	2
政理	2
養魚池	2
羊毛出自羊身上	2
鼠肚雞腸	2
得個嬲字	2
火山帶	2
喋喋	2
怯生生	2
涂	2
做極都唔掂	2
非洲和尚	2
滿得滯	2
大甕缸	2
填平啲	2
課表	2
整體效益	2
走咗寶	2
關關過	2
逖	2
英國廣播電台	2
踢拖	2
十劃都未有一撇	2
咩嚟架	2
八婆仔	2
民族社會主義	2
開葷	2
輕省	2
稟神	2
起早摸黑	2
獅子魚	2
拳拳到肉	2
金無足赤	2
炎性	2
勤勞致富	2
年度股東大會	2
考起佢	2
索羅門	2
煎佢皮	2
撳釘	2
捷克共和國	2
茶杯碟	2
管中窺豹	2
年度之歌	2
廣西佬	2
四季花開	2
蛋治	2
嬰兒車	2
錢學森	2
雜燴	2
搬嫁妝	2
食七咁食	2
聲部	2
音位	2
買官賣官	2
死線	2
太識食	2
落漠	2
阿爾蓋達	2
上校軍官	2
氹氹圈	2
窗欞	2
防衞過當	2
套中人	2
奧林匹克精神	2
肉刺	2
家家有求	2
急驚	2
税務師	2
清官難斷家務事	2
攞嚟混	2
無障礙設施	2
南非語	2
學聯	2
冒冒失失	2
偷柴	2
尾車	2
定啲啲	2
外分泌	2
守行為	2
餅乾盒	2
尋回犬	2
餛飩	2
食粥水	2
大浪漫	2
頭腦發脹	2
比量	2
花紅柳綠	2
強力彈簧	2
老老豆豆	2
六月飛霜	2
大老山隧道	2
武指	2
洗過衫	2
營謀	2
證婚	2
扭波	2
刮沙	2
拍攝者	2
有數為	2
統一體	2
投資區	2
聊勝於無	2
杳無音訊	2
荷蘭話	2
游泳衣	2
腺病	2
對拆	2
繞來繞去	2
有機食物	2
審判員	2
觀察人士	2
基準試	2
娶媳婦	2
攜手前進	2
屏棄	2
傳道人	2
返到未	2
涙	2
權鬥	2
錫一錫佢	2
跟車太貼	2
補衫	2
可接受性	2
慨然	2
童子口	2
簽字筆	2
寡頭政治	2
食牛肉乾	2
錯號	2
字粒	2
夠來	2
一代英豪	2
食飽飯冇屎屙	2
幾時考	2
房艙	2
外孫女兒	2
熔煉	2
組女	2
百鳥朝鳳	2
三分顏色上大紅	2
算度	2
鼾聲	2
盜賣	2
銖	2
海水化淡	2
口誅筆伐	2
舊民主主義革命	2
幹事長	2
播放列表	2
半島電視台	2
豆腐心	2
吹糖	2
不成文規定	2
乳脂	2
狼忙	2
神神地	2
姑勿論	2
三軍用命	2
普羅旺斯語	2
食品衞生	2
搖櫓	2
橫截	2
撒潑	2
雖敗猶榮	2
阿斯利康	2
西施骨	2
爆數	2
耐水	2
垂暮之年	2
引爆裝置	2
橫脷	2
炒鑊	2
失打	2
怕丟面子	2
漏口佬	2
雪藏肉	2
老年期	2
噴火器	2
紅醋	2
禍不及妻兒	2
動植物公園	2
人口地理	2
縟	2
產科	2
回目	2
整整埋埋	2
測量船	2
公仔佬	2
幕門	2
日本娃娃	2
積錢	2
沉香當爛柴	2
告示板	2
改良品種	2
華盛頓特區	2
霍比特人	2
揼石仔	2
打個白鴿轉	2
帶薪	2
離愁別緒	2
起牀號	2
一眼看穿	2
折半	2
包裝物	2
任其自然	2
菜瓜	2
滾三滾四	2
夠運氣	2
拍拍籮柚	2
伏冰	2
齋缽	2
雌性激素	2
幾回味	2
跟腳	2
眼不見為乾淨	2
哭臉	2
嗒真啲	2
乞憐	2
野蘭	2
紡織工業	2
駁電	2
引言	2
黑輪	2
撲熱息痛	2
蘇維埃俄國	2
啃書	2
頂補	2
財色兼收	2
內耳	2
不遑多讓	2
標語牌	2
電視框	2
皇帝的新衣	2
自讓	2
潤滑油	2
尖筆甩	2
令尊翁	2
獨樂樂不如眾樂樂	2
悔棋	2
七橫八豎	2
天地父母	2
賽船	2
全部女	2
你咁百厭	2
多咀	2
考綱	2
骨罈	2
前不見古人	2
不周山	2
牆縫	2
製鞋工人	2
彈道飛彈	2
組織力	2
掃帚	2
廟下	2
唐狗	2
顧此失彼	2
曬友	2
奪門而入	2
呀爸	2
畀咗我	2
螺絲粉	2
游玩	2
支整	2
有乜食乜	2
載入史冊	2
憊	2
離家別井	2
喇咩	2
聯針	2
驚聞	2
黐腳	2
差之毫釐失之千里	2
古玩鋪	2
碩大無比	2
大發仔	2
學護	2
齊上齊落	2
打貓	2
女大不中留	2
一股子	2
走私品	2
同佢散咗	2
牛荔枝	2
側風	2
管理功能	2
跪地餵豬乸	2
遊必有方	2
掛屏	2
摺子戲	2
食得就食	2
墨西哥薄餅	2
石棉	2
鐵峯	2
想罵	2
熏天	2
牛蒡子	2
針氈	2
掟手榴彈	2
閉口不言	2
聖代	2
三角帆	2
百日咳	2
剔手邊	2
喜形於色	2
原着	2
借水遁	2
沈約	2
屎氹關刀	2
飽餐戰飯	2
手性	2
魚夫	2
妾侍	2
焦土政策	2
你都知架	2
灑手	2
大杜鵑	2
湖南人家	2
員工仔	2
堅冰	2
費力不討好	2
沙漠之狐	2
切肉不離皮	2
肥皂泡	2
美乃滋	2
爆林	2
砵酒	2
潮濕天氣	2
平角	2
勤勞者	2
替罪人	2
包數	2
後背底	2
充溢	2
高年級生	2
司馬兩	2
諡	2
佻	2
差遲	2
時候唔夠	2
指涉	2
義會	2
小貓三四隻	2
老爺機	2
過磅	2
結繩	2
深澤	2
反知識	2
洛杉磯時報	2
飛柴	2
黏牙	2
搭把嘴	2
總教官	2
乜冇用	2
人模狗樣	2
牽着鼻子走	2
大夫第	2
裹足不前	2
濕電	2
托運行李	2
送舊迎新	2
抽後腳	2
屙屎唔出	2
賴地硬	2
嘈到死	2
踴	2
歷經滄桑	2
粒子流	2
擦親	2
不夠人手	2
語病	2
擺街邊	2
撐門面	2
格網	2
氲	2
人民起義	2
亂章	2
故云	2
腕子	2
訪員	2
西峽	2
有枝有葉	2
縱座標	2
乒鈴	2
殺人遊戲	2
癮嚟	2
雙計	2
人工受精	2
整親人	2
非盈利	2
增磅	2
人民英雄紀念碑	2
木瓦	2
敗德	2
收發短信	2
翼翼	2
忤逆	2
班輩	2
公主頭	2
萬國旗	2
搞得有聲有色	2
扭扭樂	2
釣魚執法	2
喇叭形	2
我都有啦	2
異像	2
食咗蒜頭	2
極速版	2
見周公	2
養法	2
予取予求	2
大耳牛	2
亙古不變	2
冇咁似	2
打通關係	2
概貌	2
螳螂捕蟬	2
叻過頭	2
眼見功夫	2
聽晚會	2
煉丹術	2
著眼	2
慌怕	2
晾起	2
崩沙	2
對抗者	2
特殊任務	2
溪仔	2
暗鎖	2
身嬌肉貴	2
鮮竹卷	2
大男子主義	2
交換器	2
搜尋器	2
齊輯輯	2
逐步完善	2
麥霸	2
一字不落	2
薄落	2
豆腐泡	2
生態循環	2
色情片	2
酸梅醬	2
針狀	2
燒槍	2
主體思想	2
問天問地攞唔到	2
榴彈發射器	2
大花筒	2
牛房	2
成身筋	2
賒數	2
裂隙	2
山打根	2
吉普賽人	2
煤田	2
致幻劑	2
週遭	2
下水管	2
聯袂	2
學而不思則罔	2
遊珠江	2
擔架牀	2
摔打	2
舀	2
副線	2
喐來喐去	2
鍬	2
寫到手軟	2
乜哇	2
白木耳	2
佢語文	2
雄黃酒	2
阻手阻腳	2
放誕	2
嗌到拆	2
扁圓形	2
掄刀	2
列印	2
武又唔得	2
消防器材	2
綠箭	2
湊啱	2
真有心	2
傳頌千古	2
背黑鍋	2
行開邊	2
登龍門	2
筍乾	2
低緩	2
陰陰天	2
爾虞我詐	2
燒烤會	2
起雙飛	2
吊雞車	2
上格牀	2
跌打損傷	2
魚肝油	2
生忌	2
切要	2
鄧小平理論	2
雜貨商	2
埠頭	2
鳩佬	2
洪水期	2
香港管弦樂團	2
燒包	2
聊賴	2
正楷	2
白瓜子	2
區徽	2
坐支	2
航空港	2
湖水藍	2
還賬	2
知悉	2
綁架犯	2
見飯	2
葡人	2
平平滑滑	2
過日辰	2
我設咗	2
加幾點	2
多重性	2
検	2
幾微	2
癲埋	2
打邊鼓	2
乒乒嘭嘭	2
松柴	2
藏書室	2
回文	2
眺	2
背心袋	2
斜對	2
扭眼瞓	2
買菜煮飯	2
層巒疊嶂	2
巴士佬	2
丟面子	2
市井小民	2
破鞋	2
土木工程系	2
多方位	2
下館子	2
滑啞	2
纏綿悱惻	2
開筵	2
冇氣冇力	2
経	2
狼毒	2
棕黑	2
睨	2
組織原則	2
內衣專賣	2
有符號	2
幫教	2
啜泣	2
中華台北	2
電熱器	2
嫌惡	2
不去理	2
殺肉	2
倒瀉籮蟹	2
共同基金	2
火牆	2
亂唔亂	2
蘇佔區	2
氹氹框	2
小人書	2
板刷	2
這麼着	2
佢出來	2
平等競爭	2
賤物鬥窮人	2
刻錄	2
拒保	2
艇户	2
船塢	2
輸入系統	2
火尾	2
女書	2
昇職	2
鄰水	2
皇天不負苦心人	2
系統控制	2
圏	2
撃	2
壊	2
生產秩序	2
一撇水	2
自動擋	2
騾馬	2
燒腸	2
雜配	2
一物治一物	2
傳報	2
李鄭屋	2
嗌嘢飲	2
於焉	2
拉個手	2
提幹	2
半工讀	2
叻豬	2
下額	2
不得其法	2
啞色	2
廣分	2
愛得死去活來	2
中上等	2
悍然	2
頭款	2
拒人千里之外	2
雅稱	2
橡筋褲	2
擡高	2
負有責任	2
噹啷	2
甘甘地	2
武裝警察	2
海蝕	2
超順	2
水錶	2
驪	2
鸛	2
金蘭之交	2
大紅辣椒	2
職分	2
弧線球	2
幾何級數增長	2
方通	2
差枚	2
鐘鼎文	2
自梳女	2
率師	2
皮板	2
史傳	2
標升	2
環境保護署	2
練仙	2
一萬銀	2
倉皇出逃	2
拿主意	2
旱情	2
明尼蘇達州	2
老鼠尾生瘡	2
密瓜	2
兩頭騰	2
广	2
大聲喊叫	2
區處	2
狼命	2
辦公地址	2
老婆擔遮	2
籃板球	2
蟲災	2
炸糕	2
緝查	2
一眼關七	2
疑冰	2
閃存	2
茶末	2
色丁	2
保温壺	2
收順啲	2
流覽	2
山人自有妙計	2
長火	2
上鏈	2
兜頭截住	2
掰掰	2
結構式	2
切啫	2
食完返	2
未識死	2
牛頭褲	2
乖順	2
篤口篤鼻	2
突出表現	2
償付	2
毛都未生齊	2
紅褲子出身	2
開臉	2
內布拉斯加	2
熄爐	2
儂	2
泥漿摔角	2
守土有責	2
葚	2
鎩羽而歸	2
險詐	2
朱鎔基	2
膠輪	2
放飛劍	2
放蚊	2
四物湯	2
散體	2
好型仔啊	2
姣好	2
中子彈	2
四靈	2
分系統	2
黏黏哋	2
耶加達	2
可以喇	2
渡海泳	2
社運	2
容止	2
體勢	2
旋繞	2
覓取	2
船方	2
谷奶	2
猶太復國主義者	2
點先咯	2
泳棚	2
唔嗲唔吊	2
單思	2
茶青	2
蒙古地區	2
相嗌唔好口	2
崴腳	2
復蓋	2
包層	2
稿酬	2
佢個度	2
魚花	2
香港獨立	2
人字拖鞋	2
白飲白食	2
即棄	2
眼反反	2
乾煎	2
造工	2
失慎	2
搞機	2
揾世界	2
黃格	2
惟有	2
種麥	2
犬女	2
略知皮毛	2
女功	2
幾棟嘢	2
我喺番禺	2
上半世	2
收益分配	2
廠家直銷	2
訓導	2
愚不可及	2
天光光	2
黃梨	2
機友	2
曬哋	2
爛爛地	2
砭	2
豬婆龍	2
我探佢	2
獨睡	2
摔跌	2
半鹹淡	2
忽閃	2
蝕硬	2
閡	2
弱鹼	2
懋	2
阻擾	2
骨灰罈	2
大閨女	2
生而平等	2
地利人和	2
我着緊	2
旋轉運動	2
家山有福	2
白澤	2
連接詞	2
他日好相見	2
背約	2
台西	2
土牛	2
一地眼鏡碎	2
久病牀前無孝子	2
窮愁	2
君主政體	2
排氣孔	2
精蟲上腦	2
炸髀	2
八重奏	2
通渠水	2
人工河	2
酸微微	2
馬拉維	2
座廁	2
聞相	2
面口黑黑	2
社壇	2
康樂及文化事務署	2
中英數	2
脂粉氣	2
級差	2
五窮六絕七翻身	2
洛可可	2
有拖冇欠	2
黃六醫生	2
龔小姐	2
刨子	2
萬事通	2
我睇錯你	2
銀腳帶	2
食腐動物	2
齶	2
瞠目	2
音名	2
胡攪蠻纏	2
兜肚	2
拖工	2
黐飯食	2
為食鬼	2
老爺鐘	2
男公關	2
地痞流氓	2
遞解	2
曳到死	2
柴扉	2
幹渠	2
後壁	2
苞米	2
原始熱帶雨林	2
能者為師	2
尿毒症	2
多任務	2
報話機	2
銀鱈魚	2
頒贈	2
租借地	2
扮純情	2
派台歌	2
交保釋放	2
金波囉	2
阿芝阿佐	2
爸打	2
柳綠花紅	2
相對主義	2
大舌頭	2
殺人鯨	2
僻地	2
快又爽	2
潑婦罵街	2
地錢	2
新戰士	2
皮殼	2
租車點	2
肉毒桿菌毒素	2
銀包仔	2
君主權	2
飯鍋	2
塔克拉馬干	2
雞扎	2
榮膺	2
坦克部隊	2
交叉火力	2
舉殯	2
新古典主義	2
恍若隔世	2
過頭説話	2
雙槓	2
改天換地	2
烏糟貓	2
試運營	2
優勝獎	2
重量單位	2
白粉仔	2
人窮志不窮	2
許嫁	2
賽況	2
座地	2
酥麻	2
時代不同	2
問候你老豆	2
國際共產主義運動	2
過而能改	2
犯法嘢	2
不言自明	2
粗啞	2
整除	2
魚肚白	2
滅失	2
科教片	2
煲機	2
哈喇	2
滑膩	2
胸罩	2
羊毛被	2
糧農	2
銭	2
踎一陣	2
守制	2
試用品	2
圍擊	2
修訂本	2
盞辛苦	2
唔死一身潺	2
水旱災害	2
數量分析	2
膈膜	2
分甘同味	2
掛線	2
反衝	2
雞忘記	2
殲滅戰	2
冥思苦想	2
抑鬱寡歡	2
旋轉力	2
太陽輪	2
你講咩嘢話	2
中脊	2
瘢	2
護國戰爭	2
馬無夜草不肥	2
資料量	2
打窒	2
接觸不良	2
咭片	2
漸慢	2
墨脱	2
畫地自限	2
上臂骨	2
傷春悲秋	2
相機行事	2
察合台	2
天體物理	2
偏科	2
膠體	2
番鬼佬	2
主幹線	2
胱	2
不謀私利	2
唔係喇	2
形影相隨	2
不知幾爽	2
微博見	2
同卵雙胞胎	2
老虎都打死幾隻	2
報帳	2
教導所	2
馬拉盞	2
發簪	2
加監	2
叛逃	2
何仔	2
佛龕	2
爆管	2
徒勞無益	2
懶得睬你	2
拼刺刀	2
訊號彈	2
兩日遊	2
寬暢	2
鰾	2
使牛	2
醜陋的中國人	2
一號波	2
四喜臨門	2
関	2
抽痛	2
屁眼	2
冇膽匪類	2
疏財仗義	2
屏息靜氣	2
棗泥	2
歳	2
填空題	2
下而上	2
行地方	2
頂讓	2
回帶	2
音頻文件	2
批踭	2
陪襯嘅	2
革命衞隊	2
嘴軟	2
麻鷹捉雞仔	2
纖弱	2
拼爭	2
苻	2
卜卜跳	2
橘黃色	2
風水佬呃你十年八年	2
間壁	2
開天索價	2
黏結	2
屌你個	2
唔肯死心	2
細蝦大	2
花腰	2
綃	2
遙觀	2
十三時	2
雪糕蛋糕	2
三司會審	2
咁多科	2
母線	2
無了期	2
操控杆	2
遺傳物質	2
煲中藥	2
活活潑潑	2
跪榴蓮	2
播撒	2
誇張失實	2
乸形	2
喜不自禁	2
稿本	2
備取	2
阿塞拜疆	2
滴水穿石	2
叫起手	2
泥炭蘚	2
對簿	2
工商管理碩士	2
減震器	2
一飽口福	2
一期一會	2
反圍剿	2
預防為主	2
蛋包飯	2
國民經濟計劃	2
又要馬兒好	2
大陸仔	2
我認定你	2
鯇	2
嚴把	2
立亂拉人	2
汁都撈埋	2
高山族	2
語素	2
特雷莎	2
沸點	2
把屁	2
牙齦炎	2
下面賣涼粉	2
茶漏	2
魚皮餃	2
高梁	2
鬼口水	2
同甘苦	2
執到本書	2
油艇仔	2
牀下底破柴	2
劫奪	2
棋迷	2
遮柄	2
耶穌光	2
死亡證書	2
魔怔	2
一啲都唔弱	2
散叫	2
荷蘭水	2
銅獎	2
路肩	2
有賊心冇賊膽	2
蹶	2
鬥蟋蟀	2
豺狼當道	2
籮底橙	2
侵入體	2
鴛鴦蝴蝶派	2
獸醫系	2
學徒制	2
壽眉	2
婉言	2
賣傻	2
長命斜	2
油麥	2
大天鵝	2
驅病	2
天光戲	2
困乏	2
忑	2
只怕貨比貨	2
搭上搭	2
領過嘢	2
歐洲委員會	2
下克上	2
醬油雞	2
無情雞	2
腦卒中	2
超任	2
博友	2
叔祖母	2
打波子	2
小肥妹	2
攪妥	2
綏芬河	2
絨線	2
識唔到佢	2
爭埋單	2
尊公	2
秋菜	2
溺斃	2
死咗都唔知咩事	2
庖丁解牛	2
綠陰	2
污糟貓	2
世界錦標賽	2
一雞死	2
滾紅滾綠	2
專業分工	2
我未驚過	2
個人防護裝備	2
豈但	2
汗跡	2
初嚟暴到	2
雙日	2
加細碼	2
一技傍身	2
長班	2
台柱子	2
落地燈	2
放飛機了	2
魚狗	2
不落痕跡	2
圓錐體	2
卸膊	2
牡丹樓	2
香芒	2
查理大帝	2
叫數	2
碧咸	2
差失	2
老叔父	2
恩客	2
塵氣	2
登徒子	2
濟急	2
撒賴	2
唔惹小	2
莫逆之交	2
催化作用	2
世界新聞	2
鬧醒佢	2
掹雞豆皮	2
半通不通	2
抗精神病	2
懵仔丸	2
挨更抵夜	2
美人肩	2
不同形態	2
刀筆	2
中挺	2
不吐氣	2
歷法	2
放空炮	2
不確實	2
擺平佢	2
撩陰腿	2
線軸	2
牽牛星	2
矯視	2
契家	2
瞧得起	2
見高拜見低踩	2
額爾古納	2
周圍貢	2
佢咁好人	2
塔剎	2
愛靚唔愛命	2
貪新忘舊	2
勞動能力	2
國會制	2
大炮友	2
盤根錯節	2
澳門立法會	2
沒種	2
家境清寒	2
慘勝	2
定驚	2
當代史	2
蘭花指	2
白鴿籠	2
擺線	2
串線	2
焦糖布甸	2
娠	2
實境	2
貨如輪轉	2
圓圓哋	2
正評	2
耗用	2
熏	2
唔開氣	2
起五更	2
重新長大	2
等到頸都長	2
變產	2
制片	2
馬介休	2
管窺	2
深圳河	2
全盒	2
木粉	2
腰酸背痛	2
去賣鹹鴨蛋	2
貼足	2
篤實	2
架子大	2
急噪	2
開咗兩圍	2
富而不驕	2
倒汗水	2
生物質	2
氫酶	2
粉仔	2
察訪	2
封閉性	2
守禮拜	2
判讀	2
偏旁	2
煩雜	2
茶飯無心	2
移動設備	2
旗津	2
廢渣	2
禁受	2
客務中心	2
打工夫	2
警察署	2
靠背椅	2
喉住	2
雪糕月餅	2
芡粉	2
央財	2
淨水器	2
綬	2
印泥	2
蛺	2
二重奏	2
造福萬民	2
講嘢有骨	2
寧夏回族自治區	2
要頸唔要命	2
青瓦台	2
科學幻想	2
自由支配	2
數臭	2
蟻族	2
生物學系	2
老牛食嫩草	2
大概幾時	2
早起早睡	2
踩台	2
呋	2
膠層	2
獻縣	2
填氹	2
正合我意	2
谷住氣	2
國際原子能機構	2
偶數	2
烏欖	2
灶火	2
璽書	2
姑爹	2
尖嘴雞	2
你辭工	2
三個女人一個墟	2
伺服	2
買到未啊	2
凸點	2
鬥黃	2
施展才能	2
上好沉香當爛柴	2
運輸及房屋局	2
煩到抽筋	2
血腥瑪麗	2
青春頌	2
埂	2
監平監賤	2
收斂鋒芒	2
蟻竇	2
防風固沙	2
見習醫生	2
娘家	2
波狀	2
撇人	2
繩索套	2
扭耳仔	2
家貧如洗	2
抱男孫	2
嘟嚕	2
行得起	2
寓意深遠	2
向左拐	2
可憐巴巴	2
資優生	2
經濟師	2
可用性	2
抽手	2
雜説	2
中國四大發明	2
字字珠璣	2
阿們	2
霧茫茫	2
通用性	2
某縣	2
病邪	2
冰片糖	2
開明君主	2
插腰	2
打啞謎	2
左耳入	2
描圖紙	2
歆	2
揸波	2
左揾右揾	2
抽紗	2
內陸國家	2
差使	2
少少忙	2
膘肥	2
血證	2
文學遺產	2
禕	2
長跑運動員	2
行有餘力	2
三天兩頭	2
無風三尺浪	2
輕重倒置	2
渣都冇得剩	2
藏奸	2
妊	2
周時無日	2
地畝	2
開路神	2
劍閣	2
無職無權	2
風聲緊	2
唉唉聲	2
默算	2
純然	2
親歷其境	2
萬頃碧波	2
量杯	2
新南威爾士	2
邊兒	2
馬票	2
中意麪包	2
破漏	2
概覽	2
詩聖	2
車衣機	2
生化危機	2
不體面	2
飛塵	2
最大公因數	2
少校	2
嘈亂巴閉	2
工賊	2
可念	2
小財唔出	2
電聯	2
咬唇妝	2
氧化作用	2
咁口爽	2
半紅不黑	2
時價	2
金曜日	2
日曜日	2
告求	2
廚師腸	2
髁	2
唱口	2
賣爛嘢	2
鋁窗	2
假分數	2
三劃王	2
赤鐵礦	2
賬號我	2
自由競爭	2
色長	2
碑亭	2
指甲剪	2
可掬	2
好廚師	2
撇水	2
志在千里	2
出嚟趁	2
未生埋腦筍	2
痴心情長劍	2
泥質	2
橫下心來	2
觀賞魚	2
拔取	2
田埂	2
死翹翹	2
擅離職守	2
下等貨	2
守禦	2
原居地	2
苦大仇深	2
入你數	2
一借冇回頭	2
香江歲月	2
孖叉	2
魚鰭	2
刻薄寡恩	2
睡覺覺	2
發暗話	2
混噩	2
待產	2
假一賠十	2
褂子	2
盤龍卧虎	2
攻打四方城	2
就有你份	2
屠户	2
崇文門	2
在職貧窮	2
沏	2
有肝膽	2
精警	2
沙暴	2
不辭工	2
偏壓	2
螺帽	2
熱痱	2
袋裝書	2
理性認識	2
主力牆	2
側漏	2
默片	2
冇交帶	2
火燒後欄	2
風土病	2
開胃消滯	2
萬位	2
三幅被	2
菜包子	2
訂造	2
虧佬	2
清正廉明	2
壓伏	2
今歲	2
行山杖	2
酊	2
我唔老	2
入冊	2
猜包剪揼	2
習慣用法	2
函授	2
短少	2
哀告	2
得啵	2
數線	2
圍插	2
山巒重疊	2
街線	2
萬分痛苦	2
茶托	2
逐水	2
電話畀我	2
執多劑	2
脱離羣眾	2
衝浪者	2
引着	2
南海十三郎	2
包膠	2
席夢思	2
過咗骨	2
正藍旗	2
扮酷	2
賣布唔帶尺	2
來到深圳	2
均碼	2
震央	2
播音台	2
壞心眼	2
燒腩	2
真係吹脹	2
圓願	2
械繫	2
寓意深長	2
象拔	2
氯胺酮	2
蹙	2
元配	2
賒住先	2
刺癢	2
緩釋	2
清真牛肉	2
唔夠皮	2
乾陵	2
火星文	2
氣候特徵	2
騾仔	2
爛玩	2
眼鏡房	2
沁入	2
跛腳鴨	2
胯部	2
香液	2
叛亂罪	2
量體裁衣	2
校服裙	2
踢唔喐	2
頂目	2
雖死猶生	2
石灰水	2
刨根	2
翻糖	2
條路自己揀	2
小小嘢	2
跌親下	2
打冷顫	2
葉莖	2
眼炎	2
子宮頸	2
拖延戰術	2
缽酒	2
閲卷	2
排粉	2
譭譽參半	2
圓蹄	2
工人話你	2
酌酒	2
香辣椒	2
項上人頭	2
防狼噴霧	2
史丹佛	2
創優	2
坐霸王車	2
拍跳	2
兩個款	2
隱藏處	2
戥你難過	2
烏豆	2
箔	2
模式標本	2
八大工業國組織	2
巴勒斯坦解放組織	2
生膠	2
奉系軍閥	2
返璞歸真	2
大眼瞪小眼	2
中央人民政府駐香港特別行政區聯絡辦公室	2
漁人得利	2
裹腳	2
鬢毛	2
山稔	2
半球形	2
識破機關	2
簽唱會	2
維多利亞城	2
我愛我家	2
周刊	2
菏	2
不勞無獲	2
皮幾嘢	2
無法替代	2
佢哋好精	2
脱色	2
字墨	2
穿州過省	2
佢咁精	2
山河在	2
虛擬環境	2
彷似	2
長散	2
瘸子	2
麥精	2
打昂瞓	2
人地生疏	2
頸梗	2
保真度	2
温居	2
棒槌	2
功耗	2
許字	2
言責	2
図	2
作業系統	2
露馬腳	2
時款	2
丹霞地貌	2
防暴隊	2
回條	2
后冠	2
能弱能強	2
瞓個靚覺	2
等個頭	2
天子犯法與庶民同罪	2
敲山震虎	2
跑酷	2
秒差距	2
撐艇	2
乾塘	2
醃尖聲悶	2
金縷衣	2
支蕭	2
優悠	2
七隻牌	2
抵錢	2
大客車	2
一言一動	2
陳屍	2
缺心眼	2
食飽無憂米	2
大談特談	2
陡崖	2
摩西五經	2
有意栽花花不發	2
哄騙	2
交迫	2
感佩	2
空想社會主義	2
頂住檔先	2
最高音	2
陪月	2
有牌受	2
告士打道	2
隨帶	2
賣魚佬洗身	2
定期儲蓄	2
惡耗	2
穹廬	2
博古通今	2
恍然醒悟	2
燒烤醬	2
怪咖	2
硝酸銀	2
面惡心善	2
諄諄	2
淦	2
大喉	2
靜局	2
啱啱線	2
七巧板	2
出軌行為	2
校色	2
刨熟	2
兒童院	2
獅子山精神	2
駅	2
琉球王國	2
五大名山	2
温度表	2
潺菜	2
事必有因	2
生產指標	2
去都唔去	2
藏頭露尾	2
釋教	2
杯墊	2
牙克石	2
驟忌	2
裝門面	2
詞譜	2
矮矮哋	2
食厭咗	2
掃牙	2
臓	2
慢工出細貨	2
預試	2
尾註	2
庭警	2
嘴子	2
唔使送啊	2
學業猛進	2
頭簪	2
儲幣	2
痾	2
罄	2
乜嘢事幹	2
骨病	2
冒失鬼	2
盤結	2
快放假	2
學摸	2
歌詠	2
文化整合	2
散更	2
蝶式	2
盲年	2
黐力	2
失察	2
陳訴	2
揾餐飯食	2
字款	2
纖維狀	2
開曼羣島	2
安第斯山	2
鄙俗	2
爆鑊	2
月女神	2
千金難買心頭好	2
上文下理	2
飲咗未	2
秦腔	2
長期打算	2
內窺鏡	2
焦耳	2
絞盤	2
客家佔地主	2
撈一把	2
嚇你一驚	2
瓤	2
彬彬君子	2
響朵	2
洗澡間	2
次級房屋信貸危機	2
神神哋	2
瓦仔	2
邊防部隊	2
人員構成	2
賭啤	2
不識高低	2
唔係我搞	2
純利益	2
締約	2
輪種	2
鶚	2
逼嚟逼去	2
得鋪牛力	2
並行不悖	2
素聞	2
懊悔不已	2
中央宣傳部	2
壯大聲勢	2
請等陣	2
鞋碼	2
冬泳	2
淺露	2
腮幫	2
協商一致	2
廢村	2
齊章	2
搶火	2
一盤水	2
飛機位	2
內向型	2
春假	2
磁碟	2
急性腸炎	2
心安神定	2
別具匠心	2
跳灰	2
悠然神往	2
劫餘	2
氧化鋅	2
初歸心抱	2
發愣	2
皮膚粗糙	2
踎塔	2
聯校	2
逆向行駛	2
頑石點頭	2
吃軟飯	2
抌低啲嘢	2
食完咯	2
低頭認罪	2
學咩專業	2
加深印象	2
鋪橋搭路	2
工字型	2
哽哽聲	2
應用科學	2
臘鴨髀	2
分頁	2
娘炮	2
克萊頓	2
顯着	2
唔好亂掉	2
踩低人	2
威重	2
髮包	2
喪氣話	2
柳鶯	2
首創精神	2
黏稠度	2
洋蔘	2
爬蟲類	2
瞻望	2
星相家	2
耘	2
現世報	2
研考	2
張量	2
借位	2
楂	2
蘿蔔地	2
養兵千日用在一朝	2
客觀真理	2
健康教育	2
擺門	2
拿林	2
居港權	2
犯得着	2
繭子	2
鋪擺	2
暝	2
堅離地	2
絲帽	2
杏林	2
敏感位	2
座標軸	2
走雪	2
捉墨魚	2
自動售貨機	2
踩錯腳	2
西邊頭	2
勞心苦思	2
嘴喵喵	2
糯米紙	2
啱音	2
有案可查	2
時勢造英雄	2
擔張凳嚟	2
伏屍	2
開戲師爺	2
龍眼乾	2
內澇	2
威尼斯商人	2
久病成醫	2
善忘	2
交淺言深	2
揸頸就命	2
寵妾	2
加大油門	2
鏟青	2
凌霄花	2
肉麻當有趣	2
刷存在感	2
踩腳	2
生菜魚肉	2
租單	2
食完先講	2
正根	2
我煲緊	2
大小通殺	2
陰私	2
蚊滋	2
椰汁糕	2
腸梗阻	2
玄學書	2
恣意	2
百潔布	2
生物燃料	2
毛細管	2
雞寶	2
聲音傳播	2
嘴甜舌滑	2
食品工業	2
大張聲勢	2
稚氣未脱	2
脱卸	2
夜過頭	2
衰到透	2
感光度	2
清真教	2
利市	2
士沙	2
都柏林	2
昀	2
宿怨	2
鴛鴦蝴蝶	2
成擔心機	2
人造皮	2
鹹得滯	2
骨肉相殘	2
海陸豐	2
國富民安	2
蠟油	2
胯下之辱	2
酒逢知己千杯少	2
甘蔗田	2
北杏	2
合同法	2
食咗屎	2
崩口人忌崩口碗	2
水蛭	2
抓獲	2
阿頂	2
聚合體	2
琍	2
旱廁	2
菜頭菜尾	2
犯不上	2
鈎針	2
寄生物	2
不一會	2
藍帽子	2
五權憲法	2
波經	2
太妹	2
好時年	2
天絲	2
毛遂	2
擔唔喐	2
查鋪	2
擻	2
集部	2
痧	2
財多身子弱	2
冇定性	2
妹妹頭	2
短粗	2
勞逸結合	2
內八	2
著手	2
脛	2
奇數	2
頂冒	2
假使間	2
七張幾	2
驢子	2
走着瞧	2
舞照跳	2
雪仗	2
魚蛋妹	2
引爆點	2
餐叉	2
隨你揀	2
小磚	2
禁行	2
避實就虛	2
三角琴	2
同我熟	2
文治武功	2
百般刁難	2
沒緊要	2
龍鳳鐲	2
貢生	2
靠水吃水	2
詞選	2
襟聽	2
老年痴呆	2
虎鉗	2
直布羅陀	2
秧田	2
池中物	2
魚扣	2
國家資本主義	2
蚌精	2
薄板	2
翕	2
妤	2
烏衝	2
插贓嫁禍	2
多多事實	2
稟承	2
切爾諾貝利	2
三催四請	2
溴	2
頁碼	2
國際兒童節	2
紅魔鬼	2
惹火燒身	2
專職人員	2
走通	2
戰略伙伴	2
豆腐婆	2
茼蒿	2
皇后大道西	2
刨絲器	2
咩唔錯	2
你張枱	2
劈叉	2
一部份	2
下眼瞼	2
睬佢都	2
摒除	2
怕羞	2
抹枱布	2
傾數	2
昇空	2
近似解	2
陽文	2
懶瞓豬	2
虎皮鸚鵡	2
鬼拍後枕	2
政治常識	2
表定	2
弱智嘢	2
啤一啤	2
未學行先學走	2
令人咋舌	2
襟度	2
國家外匯管理局	2
手寸	2
萬目睽睽	2
刷白	2
骨肉相連	2
你台機	2
廣式燒臘	2
滴灌	2
夠不着	2
餓貓	2
假腿	2
草創	2
棉棒	2
傳燈	2
蒜心	2
福州話	2
斯當東	2
套廁	2
扣籃	2
內丘	2
金飾	2
呃呃騙騙	2
開線	2
啫喱糖	2
含氣	2
候船	2
共謀罪	2
成活率	2
暗經	2
愣説	2
調停者	2
農業集體化	2
面凹	2
瘦到得棚骨	2
特需	2
好眼界	2
人滿之患	2
髕	2
本土派	2
東亞運動會	2
諗埋一面	2
泥岩	2
阿茂阿壽	2
老成都	2
覬覦	2
洞孔	2
長青藤	2
諗得絕	2
培修	2
跳蹦蹦	2
重施故技	2
硼	2
儲水管	2
矯治	2
生殖力	2
陀仔	2
咪使指意	2
良種	2
獲獎人	2
扇葉	2
打卡機	2
雞蛋果	2
二創	2
守龍	2
兩岸四地	2
複葉	2
初嚟步到	2
震聾	2
秋風送爽	2
屈頭	2
田雞過河	2
卡卡聲	2
陽江話	2
有相睇	2
企得正	2
精米步合	2
自由王國	2
不怕沒柴燒	2
你好悶	2
活性劑	2
睇流年	2
咀角	2
巨大成就	2
量地	2
車尾燈	2
拼音字母	2
白洞	2
明戀	2
粥粉面	2
擠對	2
揄	2
假面舞會	2
藏身處	2
立方公尺	2
名賢	2
二把刀	2
您得	2
疏不見親	2
中英聯合聲明	2
後天下之樂而樂	2
澳門市	2
壓破	2
疼惜	2
粗齋	2
拉頭馬	2
討飯	2
搭公車	2
獨家報導	2
朱古力雪糕	2
德藝雙馨	2
歪打正着	2
陶笛	2
扯埋落水	2
兩撇雞	2
特殊化	2
你個頭像	2
外國投資者	2
驥	2
補寫	2
倒尿	2
勁料	2
積弊	2
丰姿	2
疾惡如仇	2
保皇會	2
響音	2
慢慢搣	2
英雄輩出	2
舊疾	2
頭牙	2
線框	2
後期聖徒	2
甘涼	2
力不勝任	2
健力士世界紀錄	2
雞扒飯	2
託利斯	2
骨肉之情	2
雙唇音	2
聰明過頭	2
與此相反	2
伊波拉病毒	2
伊波拉	2
反正一樣	2
打暗號	2
舌尖音	2
整並	2
鉗工	2
久經考驗	2
溜邊	2
炸雞翅	2
大角嘴	2
講笑㗎嘛	2
塞巴斯蒂安	2
腐女	2
冇咁大個頭就唔好戴咁大頂帽	2
日市	2
用典	2
城軌	2
一千兆	2
離異之心	2
喉禽	2
不加掩飾	2
前頭婆	2
喳喳淋	2
特刊	2
魚腩部隊	2
末流	2
懶人包	2
拼桌	2
絲苗	2
白求恩	2
壞嘞	2
通不通	2
同情者	2
鵝公喉	2
打佢老母	2
澳牛	2
書紙	2
二等車	2
聯合國環境規劃署	2
有前冇後	2
鳳尾魚	2
散嗌	2
纖美	2
好似狗竇	2
玩硬	2
定返啲	2
高竇	2
矮凳仔	2
飛行記錄	2
遒	2
歡蹦亂跳	2
惹人厭	2
執白	2
中下等	2
豬仔餅	2
收付	2
柏油馬路	2
四世同堂	2
否定一切	2
彩帶	2
抄化	2
忙乎	2
合家歡	2
梯型	2
窩籃	2
用完即棄	2
恒生大學	2
淮海戰役	2
展轉	2
多看多聽	2
怪唔得之	2
殄	2
褲襠	2
異文	2
花塔餅	2
通訊衞星	2
唔使盲摸摸	2
對事不對人	2
加按	2
疑問式	2
睇八字	2
南燕	2
陳跡	2
蠟封	2
搖尾乞憐	2
紅毛泥	2
簡編	2
洗濕個頭	2
行牀	2
伝	2
威斯敏斯特教堂	2
採食	2
狗圈	2
澳督	2
飲恨而終	2
室內樂	2
低等生物	2
減租減息	2
摩肩接踵	2
申冤	2
屹然	2
一家便宜兩家着數	2
眼超超	2
熨燙	2
設計程序	2
哲學著作	2
當斷則斷	2
請別見怪	2
暈車浪	2
特許狀	2
啱啱遇着剛剛	2
莠	2
星火燎原	2
背脊骨落	2
荷蘭豬	2
校大	2
高鬼	2
撤資	2
掂過碌蔗	2
窩藏罪犯	2
帳幔	2
鴛鴦腳	2
撥接	2
四方竹	2
爛泥扶唔上壁	2
磨嘴	2
疏窿	2
婦女能頂半邊天	2
意在沛公	2
提婚	2
去淡水	2
搬用	2
膩味	2
傻裏傻氣	2
防滑鏈	2
奸賴	2
離苦得樂	2
幻幻	2
行為主義	2
蒜薹	2
死諫	2
旗標	2
呢次弊	2
令壽堂	2
爭一步腳	2
食物油	2
解饞	2
燒杯	2
太妃糖	2
好賤格	2
競答	2
神農氏	2
音韻學	2
煮鬼	2
寄存處	2
拖渡	2
貓樹	2
愛嘅係你	2
魏書	2
惡性通貨膨脹	2
進度表	2
得把牙	2
三農問題	2
坐而論道	2
彌散	2
生理鹽水	2
可望而不可即	2
誡命	2
揸大膽車	2
粗用	2
有其父必有其子	2
手掌又係肉	2
替槍	2
腰封	2
薬	2
蕖	2
查哨	2
文字介紹	2
揾嚟衰	2
做禱告	2
鏘鏘	2
覆你	2
觸鬚	2
外甥仔	2
名目繁多	2
馬隻	2
空落落	2
頸鏈	2
副食	2
創記錄	2
棉籤	2
蜂窩煤	2
瓜皮帽	2
熬藥	2
湯力水	2
濕水雞	2
眼瞳	2
諗唔過	2
盤根問底	2
斷水斷糧	2
冥府	2
電鍍	2
炸粟米	2
食唔安瞓唔落	2
血祭	2
叛國賊	2
開卷有益	2
牌戲	2
盛飯	2
牛頭不對馬嘴	2
風濕熱	2
食玻璃大	2
要脅	2
復牌	2
枯萎病	2
拜神唔見雞	2
風穴	2
謀略家	2
隱意	2
韻腳	2
順你意	2
晚婚晚育	2
寫賬	2
拉皮條	2
弗蘭西斯	2
偷工	2
巖石	2
公之於世	2
燒腩仔	2
眉尖	2
墨條	2
奶白菜	2
手板堂	2
呂望	2
春滿人間	2
有爺生	2
貪色	2
八音盒	2
穿帶	2
凍到死	2
拿西	2
勢孤力弱	2
侵食	2
明眸皓齒	2
音樂卡	2
遊星	2
雜技演員	2
操逼	2
亂講無為	2
吊雞	2
趾骨	2
累人累物	2
蜜糖豆	2
麥迪遜廣場花園	2
扭虧為盈	2
怯生	2
愛隊	2
晏晝飯	2
地熱能	2
快少少啦	2
三下五落二	2
條命生得正	2
食懵咗你	2
公議	2
賃	2
三體問題	2
立願	2
頌讚	2
處暑	2
台胞	2
無言無語	2
合江縣	2
紙包不住火	2
定量分析	2
渾噩	2
賑濟	2
炎性反應	2
中飽私囊	2
索鼻	2
鮑羅廷	2
玉田縣	2
不祥預感	2
碴	2
鼬	2
代堂	2
植物人狀態	2
性趣	2
編者案	2
發窮惡	2
侃侃	2
甜豆	2
蓮霧	2
哭鼻子	2
捉捕	2
老馬識途	2
佔有權	2
戮力同心	2
造型藝術	2
正骨	2
一孔之見	2
談吐之間	2
國際英語	2
枇杷膏	2
鬆骨	2
年少老成	2
莘莘學子	2
爭風吃醋	2
遊人如織	2
餾	2
擔戴	2
咁乖女	2
執到都喊三聲	2
慘遭橫禍	2
幾時得嚟	2
道德家	2
成身蟻	2
閒工	2
摸着石頭過河	2
踩到盡	2
蘿蔔刨	2
閒晃	2
起鐘	2
絲打	2
粗生粗養	2
互不侵犯條約	2
傳流	2
手工啤	2
馬蹄蓮	2
應用物理	2
有乜事幹	2
禮泉	2
甩甩咳咳	2
隠	2
調理農務	2
唔好扭計	2
公司會議	2
力所不及	2
揀樓	2
悪	2
孤寒鐸	2
概而言之	2
爭兩個人	2
牛皮癬	2
檸蜜	2
瘦骨仙	2
證券經紀人	2
一介不取	2
香信	2
特等獎	2
均勢	2
應邀赴宴	2
基圍	2
初歸新抱	2
庭外和解	2
喇叭仔	2
轉口風	2
河狸	2
拉稀	2
穩實	2
長袖善舞	2
唔講人話	2
十隻手指有長短	2
峯巒	2
高嶺土	2
過氧化物	2
依鬱	2
時也運也	2
好閒㗎啫	2
買藥食	2
瓔珞	2
十進位	2
中間名	2
皮圈	2
俯瞰圖	2
厭恨	2
工兵營	2
求賢若渴	2
倒放	2
坐不垂堂	2
送養	2
搏傻	2
春菇	2
正犯	2
光復上水	2
篤背脊	2
進京赴考	2
人間佛教	2
精神返	2
口賤	2
煞氣騰騰	2
熊人	2
開溜	2
大食積	2
加百列	2
符水	2
潮州音樂	2
有理走遍天下	2
借財仔	2
荒亂	2
恢恢	2
夜視儀	2
布帛	2
蘋果餡餅	2
合作企業	2
猩紅色	2
粘着	2
當神咁拜	2
殉死	2
世界旅遊組織	2
諄諄教誨	2
刮親	2
冤屈死人	2
練精學懶	2
馬德拉羣島	2
粉彩	2
漆雕	2
齊柏林飛船	2
分縫	2
謀食	2
一頭家務	2
脆皮腸	2
自由企業	2
淫行	2
偷雞不成	2
一時好一時壞	2
氣逆	2
參差錯落	2
不二法門	2
以卵擊石	2
放射性衰變	2
喪叫	2
吊梯	2
冷遇	2
一觸即潰	2
腳坳	2
冒進	2
押獄	2
縫住	2
中衰	2
回覆下	2
週期表	2
賣斷市	2
一嚿石頭	2
摸排	2
圓腳	2
拆肉	2
有凸	2
耳鼻喉科	2
五筆輸入法	2
另作別論	2
獨贏	2
沁人心脾	2
痴膠花	2
大鋪癮	2
攢錢	2
天下為家	2
切結書	2
大陸漂移	2
石炭紀	2
總集	2
順水推船	2
化學式	2
改簿	2
五毒俱全	2
珍寶海鮮舫	2
配屬	2
菖蒲	2
可以點整	2
硯池	2
鶘	2
緘默	2
罪疚感	2
卜問	2
呼哧	2
找零	2
揭幕典禮	2
切糕	2
借方	2
阿馬遜	2
鮮乳	2
翻悔	2
寄艙	2
重身子	2
逃家	2
殺手級應用	2
詐型	2
軟飲料	2
捉刀	2
曲周	2
空波	2
快槍手	2
漩	2
微醺	2
頹飯	2
相圖	2
此仇不報非君子	2
傳道書	2
中立區	2
申述	2
文船	2
雞蛋清	2
悶聲不響	2
杯盤狼藉	2
揾周公	2
軼	2
先至識驚	2
點名冊	2
我怕醜	2
資工	2
募兵制	2
撈妹	2
多謝光臨	2
旋梯	2
摩蠍	2
做價	2
除垢劑	2
禍福無常	2
嘟嘟響	2
藏羚羊	2
散餐	2
膘	2
兔唇	2
翻跟頭	2
敲背	2
唔話得埋	2
標咗出去	2
宣漢	2
窮奢極欲	2
救急扶危	2
聞雞起舞	2
老少皆宜	2
往事只能回味	2
國民警衞隊	2
豆綠	2
紫羅蘭色	2
借開	2
淅瀝	2
棘實	2
佼	2
法網難逃	2
庸人自擾之	2
質樸無華	2
平卧	2
嘟囔	2
半途出家	2
燒壞腦	2
燒瓦	2
重新開機	2
窄幅	2
天下本無事	2
豬頭丙	2
宜不得	2
花披	2
惲	2
製熱	2
裝設	2
焗汗	2
敦煌石窟	2
獨係	2
磅秤	2
喜結連理	2
忍俊不禁	2
遮陽板	2
成語典故	2
殘品	2
第日傾過	2
陰司	2
一見高低	2
雙子葉	2
粉圓	2
大學時光	2
螺紋	2
顯像管	2
有表哥	2
甲溝炎	2
孭上身	2
聖聽	2
丟三拉四	2
議論文	2
磁條	2
氣頭上	2
婉稱	2
姣氣	2
走自己的路	2
押運員	2
闖將	2
二等艙	2
孤寒種	2
忻	2
茶壺嘴	2
居宅	2
叫驢	2
埃斯庫羅斯	2
謝票	2
詩史	2
一元化	2
殺出個程咬金	2
元素符號	2
小蘿蔔頭	2
存心不良	2
超拔	2
榫卯	2
皸	2
赤豆	2
耷尾	2
掹住掹住	2
口胃	2
生氣蓬勃	2
標牌	2
喉輪	2
電機工程	2
電源鍵	2
無大無小	2
暴露狂	2
視同己出	2
牙病	2
匂	2
凍硬	2
姨表	2
六分儀	2
慌神	2
上釣	2
土共	2
湯口	2
越描越黑	2
烏拉山脈	2
好抵死啊	2
人講你又講	2
隔夜仇	2
棍底	2
璽印	2
懸浮列車	2
波速	2
柳條箱	2
滋油	2
攝像槍	2
大碌木	2
七上八下	2
心口翳	2
罩衣	2
混淆黑白	2
恢復名譽	2
弄到手	2
土裏土氣	2
挑腳	2
必考	2
國會山	2
杏桃	2
出生證明書	2
乙型肝炎	2
雕零	2
挖湖	2
拆白黨	2
得個估	2
腹語	2
守衞者	2
晾衫繩	2
多舛	2
訛言	2
睇爬	2
簾布	2
勤有功	2
一字不識	2
照顧動物	2
訪朝	2
演説者	2
半夜雞啼	2
新嫁娘	2
拐杖	2
胳	2
殉節	2
切齒痛恨	2
鯉魚跳龍門	2
封阻	2
有檔口	2
好唔抵得	2
喊生喊死	2
俗例	2
崍	2
開錯口	2
懵口懵面	2
榭	2
密西西比州	2
總務	2
九龍城寨公園	2
惟恐	2
亞撒	2
多明尼加	2
公傷	2
磕磕	2
外來物種	2
銀婚	2
輕取	2
家鄉米	2
契闊	2
教學相長	2
威化餅乾	2
粗口橫飛	2
清假	2
無論何人	2
邰	2
麻吉	2
瞓覺衫	2
星期八	2
唔好了	2
睇下又點	2
計時收費	2
發射機	2
鬧中取靜	2
爆拆	2
剃毛	2
抱成一團	2
好啲啩	2
一搭一檔	2
蒹	2
難於登天	2
紅番茄	2
比捕	2
崇拜偶像	2
蓬勃生機	2
風季	2
免税品	2
石屎樓	2
變奏曲	2
屎款	2
童子尿	2
高考班	2
腦內啡	2
牛仔裙	2
蟑	2
親吻過	2
着男仔衫	2
美如畫	2
手淫	2
戀母情結	2
冇呢支歌仔唱	2
楊侯	2
鄢	2
紫袍	2
煞車	2
追贓	2
瘤子	2
筆順	2
冇乜個	2
移花接木	2
知識密集	2
豬糧	2
指定值	2
跳珠江	2
宣傳冊	2
正化	2
金瓶梅詞話	2
交易者	2
掛鎖	2
済	2
血姑	2
急風暴雨	2
咁啱嘅嘢	2
燜焗	2
民主集中制	2
零和遊戲	2
辣更	2
茶褐色	2
講到實牙實齒	2
土鼠	2
大體老師	2
睇唔睇戲	2
落入法網	2
投硬幣	2
纜線	2
國無二主	2
烷	2
野菌	2
首尾相接	2
約翰尼斯堡	2
整唔掂	2
暗啞抵	2
拍長拖	2
象徵主義	2
精神學家	2
蜚	2
蔚然成風	2
做唔得主	2
伸前	2
不聽電話	2
泥水匠	2
吉普賽	2
打尿震	2
自由民主黨	2
冷敷	2
調味肉汁	2
死埋邊	2
開稀	2
葭	2
高錳酸鉀	2
兼容並包	2
先容	2
蘿蔔潤	2
泥煤	2
三角褲	2
市長盃	2
起踭	2
報審	2
出選	2
通徹	2
享國	2
受獎	2
馬鮫魚	2
沙蝨	2
好鬼痛	2
鐵板牛肉	2
雙行線	2
乜嚟㗎	2
半個多鐘	2
禾稈草	2
東半球	2
秋後扇	2
很快過	2
唔盞	2
兜得到	2
天候	2
空竹	2
雷州府	2
普利策獎	2
城闕	2
老用户	2
賺做	2
滑浪風帆	2
水滾茶靚	2
呈文	2
氯酸鉀	2
氯化鉀	2
仲未死過	2
認捐	2
斟茶認錯	2
爭返啖氣	2
人託人	2
斛	2
埃爾多安	2
一二便	2
黑美人	2
醃泡	2
渾然不覺	2
幕後主腦	2
龍血樹	2
冇你收	2
大路貨	2
爐端燒	2
餘毒	2
定定哋	2
一炮打響	2
酒後失態	2
溝唔埋	2
人民富足	2
鋼絲繩	2
博野	2
提線木偶	2
聯合國安全理事會	2
緘	2
灰岩	2
碳減排	2
皮糙肉厚	2
龍生龍鳳生鳳	2
蛋糕盒	2
驚西	2
引用句	2
到期收益率	2
一字之師	2
庸醫	2
袖箍	2
領銜主演	2
大理岩	2
承應	2
韻母表	2
託行大腳	2
高空作業	2
振頻	2
龜爪	2
動蕩	2
感質	2
力征	2
求帶上	2
割包	2
陳卓賢	2
打雀咁眼	2
公網	2
行埋邊	2
大頭貼	2
第一象限	2
化合	2
科水	2
蕭灑	2
課税	2
拔身	2
失拖	2
五隻牌	2
執雜	2
招股	2
燒街衣	2
食長糧	2
天后廟前	2
高祖母	2
月經杯	2
驗孕	2
矯捷	2
隔牆有耳	2
榦	2
發蹄騰	2
壹	2
中國人民解放軍海軍	2
芝麻包	2
風頭躉	2
麥穗	2
皮件	2
好快返	2
全盤西化	2
牛耳仔	2
奧斯陸	2
原子時代	2
船梯	2
發鈔銀行	2
擊鼓鳴金	2
生命樹	2
李萬山	2
咁鬼凍	2
食定唔食	2
媽姐	2
列侯	2
瞎眼	2
我條腰啊	2
立於不敗	2
認咗第二冇人敢認第一	2
埃米爾	2
骨佬	2
進行性交	2
正球	2
大中華地區	2
哥士的	2
攬硬	2
早泄	2
四診	2
手語翻譯	2
東一忽西一忽	2
煮到嚟就食	2
委過	2
肉金	2
古老當時興	2
秤盤	2
借故	2
呵欠	2
豔舞	2
貓沙	2
南冰洋	2
上諭	2
骷顱頭	2
台上三分鐘	2
撞騙	2
火太猛	2
漂洗	2
風化作用	2
透視畫	2
乾糧袋	2
倒落海	2
鼓起泡腮	2
民田	2
波波頭	2
陪太子讀書	2
臣僕	2
獨市生意	2
蛙鞋	2
極晝	2
洽商	2
數唔切	2
金山阿伯	2
冇咁旺	2
賭棍	2
泄怒	2
禮義	2
鬆垮	2
睇緊波	2
兼容並蓄	2
攣曲	2
唔結冰	2
灌錄	2
拭去	2
扒龍舟	2
調鬧鐘	2
羅冠聰	2
肥黃	2
升斗市民	2
脱線	2
優化組合	2
碩果僅存	2
折角	2
鳥叫聲	2
爆標	2
電線膠布	2
形旁	2
母機	2
登高望遠	2
借作	2
撐持	2
搏大膽	2
佈告	2
佛蘭德	2
要替換	2
口碼	2
攞架生	2
酒糟鼻	2
起貨	2
走丟	2
臨潼區	2
艾滋病病毒	2
斯巴魯	2
毛絨玩具	2
變文	2
白揀	2
拖卡	2
新字體	2
韓朝	2
當造	2
扶疏	2
簡縮	2
農業人口	2
錦繡河山	2
皋	2
苦心孤詣	2
搶婚	2
普遍意義	2
拗氣	2
乾衣機	2
減俸	2
挖肉	2
不怕一萬	2
膽石	2
煲蠟	2
烏藍	2
燒茶	2
眼鏡片	2
航空航天局	2
空間局	2
沖着	2
逃票	2
鬼打咁	2
陳村碼頭	2
出爐鐵	2
候教	2
鑠金	2
擒佬	2
密切相連	2
補習天王	2
打撲克	2
面帶病容	2
工子	2
灰雁	2
新聞發言人	2
細鹽	2
延保	2
悱	2
白名單	2
牛丸粉	2
不沾鍋	2
迷迷懵	2
卡窿	2
盡地一煲	2
灸法	2
水運會	2
諸色	2
書亭	2
跨越式	2
下腹部	2
開機費	2
我檔口	2
文字學家	2
愛爾蘭共和國	2
咖啡仔	2
資質平庸	2
班務會	2
紹興酒	2
喝杯東西	2
鎂光燈	2
氣泵	2
廢物處理	2
分辯	2
沙蟬	2
審斷	2
西域風情	2
直笛	2
老行尊	2
事奉	2
搖搖板	2
滯口	2
跳頻	2
重慶風味	2
行李員	2
冥思	2
代任	2
選育	2
阿豬阿狗	2
枇杷果	2
腕部	2
人工瀑布	2
夾盤	2
懷疑者	2
冇預我	2
膝蓋骨	2
色目人	2
送上太空	2
美朝	2
搭當	2
杜鵑啼血	2
紀律檢查委員會	2
勇敢善戰	2
先哲	2
春江花月夜	2
孭書包	2
璀	2
私憤	2
美景良辰	2
里弄	2
散曲	2
浮滑	2
巴馬瑤族自治縣	2
堂細妹	2
不知其可	2
入數紙	2
主婦手	2
出輯	2
鋁箔	2
孺子可教	2
胭脂馬	2
李鄭屋古墓	2
麪線	2
生物醫學工程	2
啦啦球	2
留別	2
補種	2
張國燾	2
跟機	2
需求層次理論	2
工字鐵	2
檢疫局	2
茹毛飲血	2
馴鹿	2
代罪	2
喉結	2
滑脱脱	2
古典藝術	2
回光返照	2
智力競賽	2
天誅	2
鳴冤叫屈	2
李章洙	2
壓縮比	2
撕逼	2
篁	2
愛憎分明	2
外賣單	2
形聲	2
掛號費	2
夢魔	2
平等待人	2
屌你啦	2
夕陽產業	2
唱家班	2
牛頭唔搭馬嘴	2
銅銀	2
月全食	2
蒲精	2
過街天橋	2
擦槍走火	2
街談巷議	2
暱	2
不可名狀	2
贏者	2
高維空間	2
故作深沉	2
人口構成	2
冷氣被	2
兜截	2
款被	2
坑蒙拐騙	2
人各有所好	2
少先隊	2
中間界	2
太有空	2
甩手掌櫃	2
疝氣	2
當然關啦	2
蜂鳴器	2
里程錶	2
文具用品	2
反證	2
模塊化	2
漁鼓	2
愛屋及烏	2
嬰兒期	2
咬痕	2
經濟客位	2
阿非利加	2
住房和城鄉建設部	2
識別碼	2
槍打出頭鳥	2
大快朵頤	2
新簇簇	2
榫	2
危危乎	2
嫵	2
閒雅	2
羅宋	2
抄唔抄	2
傾框	2
七星伴月	2
淘一淘	2
社公	2
金腳帶	2
鋪話法	2
攤屍	2
神油	2
對稱軸	2
男界	2
省委員會	2
初潮	2
金剛座	2
打機㗎	2
標貼	2
索子	2
謬以千里	2
打飛碟	2
柔媚	2
琅琊榜	2
滄海一聲笑	2
懵懂一時	2
一根筋	2
茂利	2
莫卡	2
迫於形勢	2
陶樂	2
唯物辯證法	2
不輕視	2
旱金蓮	2
非請勿進	2
左上右落	2
欺世盜名	2
苦差事	2
一字咁錢	2
靈犀一點通	2
殘香	2
修規	2
燕窩湯	2
拉丁文字	2
沙板	2
矮小精悍	2
月經週期	2
兩造	2
訥	2
失迷	2
奸官	2
芥蒂	2
賢相	2
祿豐	2
薑越老越辣	2
實口	2
一代新人換舊人	2
煲冇米粥	2
副廠	2
水刮	2
母船	2
暗串	2
新婦	2
有嘴無心	2
叉雞	2
麻蓉包	2
筆底下	2
漲錢	2
刷下存在感	2
鄰里	2
攞佢狗命	2
日日遲到	2
硫酸鐵	2
亡秦	2
讀唇	2
企人邊	2
超綱	2
梨渦淺笑	2
孤拔	2
掃把佬	2
落地喊三聲	2
禽勞	2
癲雞乸	2
臨牀特徵	2
盟弟	2
文件箱	2
氣閘	2
域多利	2
罷課	2
大腹便便	2
孤獨症	2
多平台	2
佢份人點	2
有機玻璃	2
過滯	2
發花痴	2
敗則為寇	2
白鶴拳	2
開敞	2
灩	2
爆炸品	2
超前意識	2
山竹牛肉	2
勃朗峯	2
鑽營	2
顧客羣	2
架車死咗火	2
團結互助	2
傻仔水	2
傳送帶	2
諧和	2
外來妹	2
專題研習	2
打死無怨	2
淋病	2
冇得慳	2
圖層	2
二奶命	2
工作日誌	2
好頭好尾	2
安培	2
國家考試	2
攞實	2
大陸架	2
咪去住	2
犬隻	2
唔怕面懵	2
亞嫲	2
偏角	2
宋武帝	2
補電	2
胖乎乎	2
粗語	2
樹高千丈	2
傳輸距離	2
徵糧	2
甲由	2
縮編	2
加俸	2
整古作怪	2
自治省	2
獷	2
奧塞羅	2
符碌	2
大豆芽	2
門墊	2
花哩花碌	2
重量訓練	2
量天尺	2
中西合併	2
三副牌	2
倉底貨	2
戲耍	2
最大公約數	2
靚佬	2
爛機	2
應用文	2
警衞室	2
發胖	2
退休軍官	2
膠紙袋	2
公佈欄	2
電唱機	2
博一博	2
人文學科	2
姜太公釣魚	2
外層空間	2
黑眼珠	2
祛寒	2
平郵	2
從冇到有	2
冷字	2
雞頭米	2
爛瞓豬	2
真傢伙	2
眼瓊瓊	2
透爐	2
書板	2
又給我	2
背底	2
撤訴	2
大嚿	2
攔河	2
打工廠工	2
馬騮架	2
滲色	2
貪字得個貧	2
三層肉	2
焗餅	2
槃	2
轉插	2
仔肩	2
両	2
口唇膏	2
支使	2
求助於人	2
香骨	2
小杜鵑	2
酒盅	2
走冰	2
勞動模範	2
光耀門楣	2
技人	2
識啲唔識啲	2
孖葉	2
傻的嗎	2
馬料水	2
四方木	2
陳蕾	2
起筷	2
土壩	2
斬而不奏	2
食菌	2
複合弓	2
按照字面	2
裝不了	2
截癱	2
搬位	2
鬆弛法	2
普教中	2
豊	2
吃裏扒外	2
收經	1
識條毛	1
瞓未	1
明屈	1
亞差	1
別有韻味	1
論着	1
彎折	1
驚恐萬狀	1
着稱	1
福壽螺	1
雲紗	1
組織液	1
騎士風格	1
蟬衣	1
捷足先登	1
喉鏡	1
終成泡影	1
屎艇	1
寄落嚟	1
因勢利導	1
逢高賣出	1
散賣	1
海盜行為	1
因噎廢食	1
堆壘	1
打爛沙盆	1
打住家工	1
流韻	1
牽引力	1
雙花紅棍	1
壇香	1
環保建築物	1
不值一顧	1
水火無情	1
正方體	1
夏枯草	1
網絡管理員	1
查飛	1
八更	1
堅貞不渝	1
踩蕉皮	1
夠有突	1
丑人	1
政治避難	1
保呈	1
尖鋭批評	1
答問會	1
殺富濟貧	1
通譯	1
外交團	1
潮州花燈	1
黐仔	1
待復	1
凡例	1
怕咩醜啊	1
石筆	1
爛酒	1
塘廈	1
雙燈	1
彌滿	1
大陸話	1
寬屏	1
谷埋去	1
佢開㗎	1
任課	1
平等機會委員會	1
小引	1
餘輝	1
李超人	1
雞尾歌	1
女兒牆	1
海兔	1
蜂后	1
炎帝陵	1
兒女英雄傳	1
作賤自己	1
悩	1
舉中指	1
冚佢一巴掌	1
摑佢一巴	1
帶野	1
跟兜	1
相惡	1
腳枕	1
板樁	1
意料到	1
慘綠少年	1
多發性硬化症	1
放大倍數	1
拳頭會	1
外貿經濟	1
劌	1
返生	1
訓導處	1
一帶而過	1
香港語言學學會粵語拼音方案	1
邙	1
菜豆	1
幾多頂	1
拭除	1
惜身	1
饞嘴	1
揀卒	1
偷雞不成蝕把米	1
長生果	1
牀沿	1
丁圖	1
渺無音信	1
湯加羣島	1
順應天時	1
可見度	1
撻頭	1
撻錢	1
毫釐不爽	1
急不可待	1
五桶櫃	1
賭資	1
掬	1
同業拆息	1
飄流	1
縮數	1
魚生粥	1
腸病毒	1
敍説	1
智識	1
優柔	1
攞景定贈興	1
唔複	1
著想	1
可以燎原	1
秤桿	1
白電油	1
灌渠	1
不連續	1
液態奶	1
學甲	1
畀你睇下	1
乖戾	1
軟刀子	1
左耳入右耳出	1
第一個包	1
釋經	1
世界衞生大會	1
陽光女孩	1
例遲	1
湘西部落	1
爆震	1
辭讓	1
航班表	1
誓不反悔	1
猛咁呻	1
托拉斯	1
希律王	1
客觀唯心主義	1
踢入會	1
集管	1
鳴琴	1
爆線	1
打睡	1
篤灰	1
價格標籤	1
紜	1
高架道路	1
硬灌	1
使脾氣	1
渋	1
一句起兩句止	1
牙軟	1
手板係肉	1
褫奪公權	1
公開鑰匙	1
緣於	1
陽離子	1
幾生修到	1
吊杆	1
發稿時	1
思覺	1
密歇根湖	1
笑左	1
慢班	1
轉守為攻	1
禾花雀	1
沙膠	1
門額	1
門限	1
賞析	1
定標	1
連奔帶跑	1
綠色殯葬	1
亞硝酸	1
外孫子	1
曹不興	1
訂雜誌	1
黑煤	1
乜嘢唔識	1
領口位	1
沒大沒小	1
唔想吃	1
神仙腳	1
新中華	1
禿筆	1
巧立名目	1
輸油管線	1
賞鑑	1
固定檔	1
裸機	1
葛菜	1
多得唔少	1
擷	1
走親訪友	1
紮入	1
閻君	1
亂揈	1
國音	1
湊夠一個好字	1
物象	1
敞篷汽車	1
無為意	1
多多事幹	1
玦	1
喜慶用品	1
有蹊蹺	1
百川歸海	1
篤佢背脊	1
孵小雞	1
位值	1
簡短介紹	1
飛機艙門	1
傳遞者	1
科學書	1
革命先烈	1
芙蓉出水	1
頓號	1
卜卜脹	1
八苦	1
沖破	1
諗下度下	1
廣體	1
安平區	1
鬥雞走馬	1
循分	1
酉時	1
麪包屑	1
禁演	1
大虎頭蜂	1
應該未瞓	1
提上議事日程	1
二項式定理	1
折射率	1
失面子	1
駁艇	1
轡頭	1
搬牀	1
主權移交	1
太奶奶	1
一往直前	1
無機可乘	1
紮過	1
子母牀	1
居禮	1
直上雲霄	1
化學戰	1
冇揸拿	1
最佳配角	1
長角羊	1
轉插頭	1
鬥獸棋	1
對症發藥	1
阮崇武	1
塊壘	1
後燈	1
空暇	1
印本	1
查數	1
排雷	1
交響樂隊	1
體操隊	1
縫起	1
乳交	1
一殼眼淚	1
眈	1
總噸位	1
徵聘	1
封咪	1
有鬼所謂	1
方毅	1
夜晚唔好講鬼	1
水律	1
打折頭	1
奄尖	1
串女	1
放佢飛機	1
聖安德列斯斷層	1
腳制	1
內存卡	1
貴皮	1
桜	1
怕醜草	1
策勒	1
農業合作化	1
人民公社化	1
車房仔	1
哩啡	1
砂糖吉	1
銀行假	1
八綱	1
新嚟新豬肉	1
偏護	1
玟	1
嘈得滯	1
石咀山	1
噶	1
好天收埋落雨柴	1
好天曬落雨淋	1
派出機構	1
初戀感覺	1
微波天線	1
攞攞手	1
上訴人	1
開拓性	1
自溺	1
錢嘉樂	1
從此往後	1
李富春	1
曾經美麗	1
做忌	1
百冇	1
製造業者	1
睇頭睇尾	1
北極之旅	1
絲絲聲	1
自縊	1
中換	1
皓首	1
拳頭交	1
腦細	1
敵台	1
商計	1
社工人	1
農業用地	1
瞓囉	1
知情達理	1
恰死	1
食飽未	1
靖難之役	1
刑事警察	1
懷璧其罪	1
趴伏	1
積口德	1
銓	1
陸沉	1
陳規陋習	1
黑線鱈	1
豢	1
管手管腳	1
戸	1
転	1
環化	1
綺夢	1
軋鋼	1
搏亂	1
雪鞋	1
黐家	1
劈頭蓋臉	1
雙翼飛機	1
婦女事務委員會	1
東風螺	1
審音	1
探口風	1
盟兄弟	1
搗騰	1
不可言傳	1
飯枱	1
違心之言	1
鑿大	1
寧做雞頭	1
特調	1
嗷嗷待哺	1
無本生利	1
激鬼死	1
牽線人	1
觸處	1
曲阜孔廟	1
麪疙瘩	1
凱子	1
四四聲	1
樂捐	1
敲骨吸髓	1
蓖麻毒素	1
卑躬屈節	1
易潔鑊	1
網孔	1
西紙	1
有嘢話你知	1
井蛙之見	1
倒抽一口氣	1
釋俗	1
梧桐木	1
複視	1
獅子撲兔	1
打友誼波	1
返廣西	1
真象	1
迂緩	1
流動人員	1
臨戰狀態	1
機動車輛	1
派對房間	1
反氣旋	1
實幹家	1
妨害公務	1
簡要介紹	1
以華制華	1
充作	1
把穩	1
委任證	1
細圍	1
一次定生死	1
冷外套	1
獐	1
寬口	1
甌	1
歸併	1
發聲器官	1
米尺	1
生悶氣	1
詞匯	1
市尺	1
制得過	1
一家便宜兩家著	1
上情下達	1
勞動條件	1
七支隊	1
曳光彈	1
方策	1
頂謝	1
哏	1
嬲霸霸	1
真人騷	1
蠔仔粥	1
聯集	1
曲棍球	1
枉做	1
艙位	1
乳溝	1
學術界人士	1
烴	1
千島羣島	1
盲打	1
都勻	1
税階	1
北妹	1
升斗	1
大明曆	1
單車少女	1
機場安檢	1
電磁炮	1
淳化	1
看着辦	1
正鋒	1
戳樣	1
黃芽白	1
管道運輸	1
彈指之間	1
同住難	1
棉織品	1
灰漿	1
細舅	1
筋絡	1
喝叱	1
增進友誼	1
儒士	1
絎	1
數九寒天	1
餘料	1
打緊字	1
百物騰貴	1
燕雀	1
忘記密碼	1
心膽俱裂	1
冒著	1
發甩	1
電匯	1
行路上廣州	1
有兩下子	1
全神灌注	1
凝固汽油彈	1
我可以啦	1
月字邊	1
辯證唯物主義	1
口吐人言	1
桀王	1
嗌唔喐	1
很好彩	1
棹	1
纖巧	1
會章	1
站樁	1
一葉障目	1
一雞兩味	1
大捕頭	1
接活	1
牛軋糖	1
寫咗成晚	1
投影圖	1
無就無	1
世界宣明會	1
朝行晚拆	1
板擦	1
清嗓	1
家鄉小炒	1
綠頭鴨	1
地通拿	1
拜廟	1
收支平衡點	1
得個睇字	1
叻過龍	1
貶謫	1
抬轎子	1
可頌	1
韓國仔	1
賽車選手	1
散架	1
臣屬	1
保温材料	1
德國馬克	1
樹大根深	1
竹裏	1
試場	1
活靶子	1
另存為	1
殘體字	1
受把	1
火鑽	1
秦惠文王	1
棉花田	1
通輸	1
鮫魚	1
順燈	1
慢性疼痛	1
隱語	1
侯景之亂	1
昧心	1
標圖	1
着手成春	1
賠不是	1
豹拳	1
愧悔	1
幡然悔悟	1
勞逸	1
甜糕點	1
突出位置	1
星曆	1
微伏	1
無名烈士墓	1
充值卡	1
倡言	1
二按	1
乾酪	1
根深葉茂	1
划槳	1
懵炳	1
失宜	1
腦門子	1
獨頭	1
木契	1
驗樓	1
擬聲詞	1
肉沫	1
好難整理	1
稍早時	1
不日放映	1
攛掇	1
篤底	1
儲妃	1
彈匣	1
怕苦怕累	1
廣州火車	1
老襯亭	1
大貨櫃	1
你揀個樣	1
總攬大權	1
手鑽	1
陽光浴	1
洋鬼	1
立體交叉	1
後驗	1
瞓唔著	1
回旋餘地	1
斑馬魚	1
象刑	1
買帳	1
冰帽	1
樹欲靜而風不息	1
子欲養而親不在	1
琴調	1
語失	1
丁香油	1
獨喺	1
喉嘴	1
甩車	1
造輿論	1
返唔切	1
躁鬱	1
倒奶	1
漂染	1
嫌貧愛富	1
托塔都應承	1
操縱自如	1
公死有肉食	1
松節油	1
奇台	1
點極唔明	1
公買公賣	1
聊以自慰	1
票式	1
殺波	1
人頭熟	1
單元格	1
倒敍	1
硫黃	1
日據時代	1
各人自掃門前雪	1
殉難者	1
封艇	1
綜合指標	1
發板	1
監粗嚟	1
涇渭分明	1
荷蘭芹	1
禍福無門	1
東施效顰	1
呷鋪	1
梘水	1
撇雨	1
借女	1
工作過度	1
勝杯	1
續篇	1
樣版	1
粉槍	1
夾娃娃	1
茶餘酒後	1
衞星定位系統	1
吃重	1
長短句	1
防火布	1
熱昏	1
逆轉勝	1
普魯東	1
包活	1
嚟緊頭	1
由右至左	1
凸輪軸	1
熟片	1
內角	1
外角	1
甩灰	1
好竅	1
割取	1
源代碼	1
全國人大會議	1
放負	1
鹽基	1
做同志	1
褲襪	1
搔首	1
賓主雙方	1
騰上騰落	1
櫈	1
天地堂	1
白鋼	1
眼觀鼻鼻觀心	1
全盛期	1
各別	1
發財巴	1
巴巴多斯	1
忍俊	1
戰術核武器	1
九號風球	1
缺心眼兒	1
口服心不服	1
被胎	1
邊庭	1
馬頭圍	1
偷漏	1
説話算數	1
平方公分	1
衞護	1
落雨絲濕	1
蚪	1
修撰	1
無齒翼龍	1
不可數名詞	1
十二時辰	1
亂噏	1
順我者昌	1
體裁	1
四一二反革命政變	1
騎釘	1
合於時宜	1
使用説明	1
校鬧鐘	1
鵝羣	1
永貞革新	1
掛靴	1
譯語	1
氣隙	1
膩煩	1
翹翹板	1
以死明志	1
芥蘭菜	1
黑市夫人	1
休止符	1
唐餐	1
鹿皮靴	1
伯特蘭	1
機密性	1
瑟縮	1
叛教者	1
塗污	1
逗利是	1
窿窿啦啦	1
甕缸	1
台妹	1
消聲器	1
蝴蝶粉	1
喜瑪拉雅山	1
邊夠時間	1
起佢底	1
齋教	1
夾襖	1
阻定	1
睫狀體	1
冇死咯	1
人口資料	1
文人多大話	1
總線	1
直述	1
你冇路走	1
全片幅	1
放低幾兩	1
狗口長不出象牙	1
翻渣	1
端線	1
貪利	1
軽	1
外交使節	1
叮翻熱	1
睇陣先	1
死軍佬	1
臆測	1
呼朋引伴	1
亞洲運動會	1
辣胡椒	1
不送氣音	1
肝部	1
贅婿	1
籠鳥	1
滾滾哋	1
懵仔針	1
太空穿梭機	1
書記處	1
依靠人民	1
頂夾	1
豪飲豪食	1
人贓俱獲	1
長魚	1
特製品	1
郵戳	1
國家發展改革委	1
安如磐石	1
剽悍	1
拋撒	1
童貞	1
邊旗	1
徒塞	1
援助機構	1
不變化	1
母質	1
時事知識	1
淺身	1
脱換	1
蓮子蓉	1
豬小肚	1
監測器	1
眼甘甘	1
應該點搞	1
煞筆	1
譜線	1
日防夜防	1
下關市	1
瘡痕	1
濁世	1
莊稼人	1
打機發燒友	1
隔離營	1
公路施工	1
蚤	1
珈	1
女衫	1
問波哥	1
冠病	1
奧斯特洛夫斯基	1
摩梭族	1
控制論	1
臨界温度	1
熱膨脹	1
水合物	1
黃嘌呤	1
褫	1
鑽牛角	1
濘	1
左右兩難	1
八段錦	1
私幫	1
纖維肌痛	1
外交特權	1
披閲	1
阻遲	1
人機工程	1
亦喜亦憂	1
親水性	1
依挹	1
一年多次	1
重午	1
豪雨	1
自衞權	1
懶威	1
半截衫	1
綢子	1
耐蝕	1
調整返	1
鼴	1
黑過墨斗	1
失敗是成功之母	1
逃債	1
劵	1
校服褲	1
和稀泥	1
非份	1
睡火山	1
表表者	1
歎氣	1
巴唧	1
豆芽夢	1
訓練任務	1
近日點	1
不爽你	1
外商直接投資	1
峇里島	1
嗯好囉	1
國際足球聯合會	1
指導課	1
好欠打	1
瞓喇	1
奎寧	1
放射性材料	1
秋收起義	1
拾金不昧	1
扮豬吃老虎	1
邊個咁衰	1
龍鳳配	1
孟晚舟	1
託辭	1
叫座力	1
雞皮紙	1
雜項	1
槍林箭雨	1
捉依因	1
好好維護	1
千紅萬紫	1
鐵椎	1
三維電影	1
大寫數字	1
壽松	1
乜乜物物	1
同案犯	1
兩邊倒	1
佗衰	1
鑒定	1
卵泡	1
雙獨	1
多種經營	1
死都拗返生	1
行多轉	1
勤務員	1
混吉咁混	1
腦液	1
縫衣針	1
看得中	1
預收費	1
出口商	1
兩性花	1
宇宙線	1
鑒	1
弱能	1
詞頻	1
圭亞那	1
魚具	1
起模範	1
菠蘿油王子	1
煞科	1
名過其實	1
訥訥	1
格食格	1
我打畀你	1
看圖作文	1
多個香爐多隻鬼	1
成個餅印咁	1
愛玉子	1
稀稀拉拉	1
貪財害命	1
被問起	1
嗓子眼	1
餘泥	1
土鯪魚	1
亟	1
深分	1
南卡羅來納州	1
小泡	1
眼好澀	1
生搬硬套	1
怏	1
數還數	1
路還路	1
語言產生	1
專用名詞	1
火海刀山	1
馬克筆	1
傻得交關	1
竊笑	1
粗膽	1
沃頓	1
瘮	1
半晝	1
揾緊資料	1
陳村種	1
浮想聯翩	1
幾乖仔	1
嫋嫋瘦瘦	1
艾滋病毒	1
血友病	1
固體物質	1
技術科	1
披索	1
隨得	1
閃轉騰挪	1
養蜂業	1
以夷制夷	1
撈生意	1
竺	1
術業有專攻	1
乾燥機	1
集市貿易	1
單褲	1
除霜	1
雞靚	1
新九龍	1
瓊崖	1
補償費	1
偽劣	1
好命婆	1
老鼠貨	1
有心玩嘢	1
睇錢緊	1
光量	1
模塊式	1
累積劑量	1
輻射劑量	1
健筆	1
日月年	1
茶鹼	1
層壓式推銷	1
豬殼	1
嘜上	1
靜脈點滴	1
屋漏兼逢連夜雨	1
刮蹭	1
唷	1
好立克	1
大騎樓	1
陳腎	1
血沉	1
口腔炎	1
脅持	1
花月佳期	1
冇腳蟹	1
牀下底吹喇叭	1
雞屎果	1
灰甲	1
省縣	1
一鑊泡	1
跣水	1
唔做保	1
死火燈	1
三角錐	1
雨刷	1
戰爭賠償	1
九年級	1
不特已	1
深藏若虛	1
有人漏夜趕科場	1
內存大	1
燻蒸	1
插腳	1
零雞蛋	1
聯合國糧農組織	1
好傾好講	1
縈迴	1
黑板仔	1
宗派主義	1
形聲字	1
贏多點	1
哄回我	1
教書佬	1
白堊	1
懿行	1
錫啖先	1
豆科植物	1
名門世家	1
巡回法庭	1
土耳其語	1
飛象過河	1
海關官員	1
齋果	1
蛇齋	1
好又一餐	1
孖埋	1
派利事	1
愧恨	1
測板	1
院壩	1
灌雲	1
求包養	1
徵士	1
攀龍附鳳	1
九如堂	1
太平鳥	1
作賤	1
老細車	1
臨安縣	1
縁	1
沢	1
人大會堂	1
揼落地	1
瘦底	1
吃閒飯	1
搏命玩	1
唔好去死	1
食慾不佳	1
佢廣西	1
棺槨	1
麻叻	1
濺落	1
正中要害	1
畀佢睇	1
躋	1
詐家衣	1
宰客	1
但説無妨	1
遞加	1
甩須	1
重播節目	1
地動儀	1
怪裏怪氣	1
鹹水妹	1
高層雲	1
燒餅油條	1
康巴藏區	1
截攔	1
潮童	1
細價	1
良渚文化	1
嘆惜	1
別樹一格	1
好耐都唔該	1
獨竹	1
賁	1
缺課	1
保外就醫	1
唔該你喇	1
雞兜	1
魚與熊掌	1
肚赤	1
頂死佢	1
鞏留	1
尋釁滋事	1
巴揸	1
海關部門	1
詭辯術	1
洲際彈道導彈	1
識嘟	1
趾頭	1
來鴻	1
家計會	1
異質	1
殺人不見血	1
頭髮腳	1
國事犯	1
珍惜羽毛	1
食貓面	1
講嘢呀	1
單線程	1
日本問題	1
仲秋	1
傳唔傳	1
癲癲廢廢	1
插贓	1
硅石	1
胸膜炎	1
醜甩耳仔	1
脷刮	1
假難民	1
萬聖節前夕	1
土匪雞翼	1
晝短夜長	1
澗溪	1
智慧產權	1
大腳八	1
編纂	1
藥師經	1
職別	1
從句	1
瀾滄江	1
乘興	1
阿爾茨海默病	1
蟋	1
塔台	1
勤密	1
荔枝汁	1
打自己工	1
惜食	1
累己累人	1
普及讀物	1
閃避球	1
肥奶奶	1
海員之家	1
留言本	1
獾	1
黑雁	1
鬆泡泡	1
劑子	1
敍事詩	1
車鈴	1
財技	1
咁似你	1
合尺	1
加過價	1
山地自行車	1
天方夜談	1
弔客	1
刮刮卡	1
搭橋鋪路	1
篤手指	1
公援	1
都未夠班	1
斷莊	1
處女下海	1
邪祟	1
間接證據	1
圓鼓鼓	1
騷話	1
紮馬	1
唔打得都睇得	1
死死氣氣	1
上班未	1
磕碰	1
紮腳布	1
叫牀聲	1
盞嘢	1
急著	1
低陷	1
汽酒	1
四輪馬車	1
厝	1
評選員	1
北愛	1
蒲開	1
眉端	1
盲端	1
磷光	1
疊層	1
掉轉嚟	1
枕套	1
敏於事而慎於言	1
中氣咁足	1
南北美	1
裝甲車輛	1
魯鈍	1
軟柿子	1
顛來倒去	1
飽受打擊	1
恐同	1
皖南事變	1
坦桑尼亞聯合共和國	1
執拾乾淨	1
龍游淺水	1
櫟樹	1
寬免	1
羅經	1
南京大屠殺	1
知恥近乎勇	1
全國人民代表大會常務委員會	1
動畫故事	1
去壞	1
屏風效應	1
海軍藍	1
譎	1
雪姑七友	1
追和	1
冷卻器	1
觀測員	1
步話機	1
香草精	1
生酮飲食	1
唔黐家	1
住邊㗎	1
眼矇	1
表姊	1
勃興	1
實掘掘	1
名稱權	1
桶孔	1
特奧會	1
封盤	1
遠程監控	1
不合穿	1
拔頂	1
找續	1
芳香烴	1
姊妹裙	1
膽顫心驚	1
簷	1
支質	1
和衷共濟	1
砌辭	1
中上級	1
紙魚	1
一味靠黐	1
登報聲明	1
愛人如己	1
三重唱	1
只許州官放火	1
拆白	1
大訂	1
香辣風	1
囊中羞澀	1
収	1
分析型	1
貼題	1
黑盤	1
揾刀切	1
齒孔	1
果然好味	1
魍	1
幾球嘢	1
深圳租車	1
變温動物	1
去粗取精	1
食電	1
主謂賓	1
英式橄欖球	1
蠶種	1
聖哲	1
輕擎	1
芙蓉蛋	1
男童院	1
耶青	1
爭逐	1
湯河粉	1
秋蟬	1
老公豬	1
水洗唔清	1
酷刑折磨	1
鑊鑊新鮮鑊鑊金	1
紙角	1
吊胃口	1
戴返個	1
羅世昌	1
兩重性	1
捜	1
好夢難成	1
不拉幾	1
出陽台	1
轉文	1
百花怒放	1
半壁河山	1
固定詞組	1
象樣	1
糾合	1
食鹹水	1
商標專利	1
有頭威冇尾陣	1
舔嘴	1
巴渣	1
揸水煲	1
仙方	1
從嚴辦理	1
又睡不着	1
光鮮企理	1
慢線	1
毒感	1
蜞	1
夫妻臉	1
閒家	1
唔係去邊	1
扣布	1
大有名堂	1
翠青蛇	1
二十面體	1
柳條湖事件	1
小器	1
鋼花	1
出其不備	1
存底	1
手仙	1
遠略	1
跳大海	1
蕃茄仔	1
唔夠秤	1
倀	1
祖國各地	1
白撈	1
技術所限	1
免去職務	1
里約熱內盧	1
垂楊柳	1
視唱	1
百忙當中	1
禁制令	1
平方成反比	1
差冇幾多	1
第個月	1
吉布提	1
天地人和	1
霸個位	1
七孔生煙	1
拱度	1
致敏原	1
故跡	1
立立靚	1
禿山	1
不速而至	1
吉木乃	1
孬種	1
近柱	1
淋巴腺	1
咁惡啃	1
酸宿	1
搞烏龍	1
凼凼轉	1
拾級而上	1
委任書	1
禁得起	1
企一齊	1
偏寵	1
技驚四座	1
大剪刀	1
孀	1
食完嘞	1
撈底	1
蠣	1
溝槽	1
膠合	1
號曰	1
快啲走呀	1
養志	1
飯缽	1
玉米糖漿	1
佐治亞	1
勝瓜	1
種塊	1
盲目服從	1
立雜	1
球蟲	1
獨出心裁	1
伉儷情深	1
飽食終日	1
有頭髮邊個想做瘌痢	1
自裁	1
沙灘老鼠	1
天桃	1
指桑罵槐	1
放蟹	1
幸運女孩	1
賒欠	1
三及第	1
賤內	1
橙色劑	1
纏綿緋惻	1
粳米	1
貓梯	1
叫苦不迭	1
夾生飯	1
賣告白	1
有聲讀物	1
癬	1
更深人靜	1
我櫃枱	1
數據流	1
牙線棒	1
貓瘟	1
放光蟲	1
破產者	1
快速記憶法	1
弗得	1
一國三公	1
愛崗敬業	1
優衣褲	1
襟撈	1
街貨	1
菜遠	1
黐飲黐食	1
賴聲川	1
媒妁	1
溜鬚拍馬	1
穿小鞋	1
電焊工	1
疍家話	1
摘牌	1
借記	1
東洋鬼	1
寫意畫	1
直脾氣	1
逶	1
種禾	1
瘡口	1
火頸	1
罷教	1
承轉	1
水舞間	1
三色堇	1
寄賣	1
穀穗	1
生苔	1
掘礦	1
地頭龍	1
手足親情	1
右派份子	1
早着先機	1
傳動裝置	1
觸目皆是	1
萬試萬靈	1
縱覽	1
相偕	1
沖決	1
免疫注射	1
仙人掌果	1
冇王管	1
船户	1
口寡	1
凶信	1
止得咳	1
冒稱	1
無米之炊	1
橫檔	1
史努比	1
冬粉	1
威威食雞	1
正仆街	1
光電池	1
校飛	1
矮仔多計	1
合憲	1
必有重謝	1
親娘	1
顯示卡	1
七步詩	1
銀箔	1
丹貝	1
蕎菜	1
視屏	1
寮國	1
代替父母	1
著數	1
鼓皮	1
九九乘法	1
行政監察	1
嗒糖咁甜	1
高櫃	1
打躉	1
實施制裁	1
企歪	1
早霜	1
尚書郎	1
想想就好	1
四四二四	1
碩果累累	1
好緊火	1
簡章	1
耍手兼擰頭	1
對角線	1
法線	1
知識份子	1
討人嫌	1
督口督鼻	1
五斗櫃	1
磷酸鈣	1
香菜葉	1
翻版碟	1
聲能	1
乾鮑	1
食字邊	1
裙甩褲甩	1
瑞郎	1
正常關係	1
未可厚非	1
您找	1
咋咋聲	1
談朋友	1
冇手尾跟	1
邊境衝突	1
平壤之戰	1
亞爺	1
考唔合格	1
做出面	1
青釉	1
贖買	1
刑事化	1
麪豉	1
櫻桃蘿蔔	1
二偈	1
射出界	1
空疏	1
獨語	1
英勇鬥爭	1
如出一口	1
游説	1
選編	1
倚傍	1
和平利用	1
永安百貨	1
才藝技能	1
暖瓶	1
用個屁	1
牙粉	1
喐身喐勢	1
花瓣雨	1
陪訓	1
復活兔	1
明仁宗	1
返工咯	1
鋥	1
左騰右騰	1
馬拉開波	1
竹器	1
任揀唔嬲	1
組合音響	1
易拉罐	1
滾滾地	1
自訴	1
摺疊凳	1
飯腳	1
假膠	1
鮮露	1
好茅	1
雑	1
媽叉	1
白白痴痴	1
深圳市內	1
吃軟不吃硬	1
泛大陸	1
真係矛盾	1
尿盆	1
配銷	1
節支	1
氣温計	1
引語	1
我食咗嘞	1
沐浴油	1
炸手	1
保不齊	1
相映成趣	1
位次	1
獨食難肥	1
剪草機	1
呼救信號	1
東方主義	1
逼姦	1
百廢待舉	1
硅酸鹽	1
現代形式	1
再過下	1
槽孔	1
推派	1
中央軍事委員會	1
每次來到	1
寢具	1
嚇唔到我嘅	1
猊	1
立定跳遠	1
真亮	1
可可樹	1
捐山窿	1
壓逼感	1
矯揉做作	1
垂涎欲滴	1
獅前	1
不説不知	1
冇聲冇色	1
陶瓷器	1
高脂血症	1
投井自盡	1
補助金	1
正到痹	1
波膽	1
激爆	1
詞幹	1
兔仔牙	1
有嘎	1
男性主義	1
閒靜	1
有排用	1
加速跑	1
禮儀服	1
宏圖大展	1
心爽	1
助成	1
親和性	1
待慢	1
新出生	1
叫糊	1
鋪家	1
皇族內閣	1
蠢蠢鈍鈍	1
不足月	1
洋琴	1
大舅子	1
泥肉	1
司法院長	1
監察院長	1
巴山夜雨	1
毐	1
順風旗	1
泥垢	1
髒污	1
窗飾	1
紅墨水	1
不同以往	1
奇禍	1
落吧	1
青年公寓	1
昆水	1
小段子	1
身量	1
斷市	1
掹除	1
榮譽獎章	1
咁齊人啊	1
跌渣	1
賀朝	1
公判	1
冰塞	1
波曲	1
最緊要受	1
彈墨	1
雪頓	1
昏亂	1
油桃	1
廢寢食	1
邯鄲縣	1
細摩	1
二級士官	1
風光十足	1
俯角	1
光譜分析	1
處世原則	1
打仗仔	1
注定	1
醐	1
湯勺	1
奸茅	1
撥用	1
競爭模式	1
舊雨	1
進行編程	1
社教	1
變磚	1
一蟹不如一蟹	1
步調一致	1
晏駕	1
褲腿	1
墨西哥辣椒	1
有身己	1
菲薄	1
不遑	1
全麻	1
回軟	1
省到一面屁	1
戀童癖	1
也文也武	1
炮仗花	1
馬照跑舞照跳	1
口水多過嗲	1
亮屏	1
使不得	1
十日談	1
遞眼色	1
省起	1
言字邊	1
冷颼颼	1
安定化	1
巨集	1
詐諦	1
良莠不齊	1
山水相連	1
菩提酒	1
娃娃生	1
超頻	1
腎石	1
崖岸	1
蒸鬆糕	1
上面蒸鬆糕	1
社會事業	1
不得其門而入	1
剃面	1
血史	1
斗牛	1
石澗	1
欺師滅祖	1
嘎仔	1
居家兵	1
槍版	1
多選題	1
大體而言	1
炳着	1
手動擋	1
陰陽曆	1
抽插	1
行將結束	1
召妓	1
木顏色筆	1
銼刀	1
肥妹妹	1
土鱉	1
夾糖	1
自甘墮落	1
榷	1
複韻母	1
跨國化	1
商業系統	1
失運一條蟲	1
拍青瓜	1
支支坐坐	1
性樂	1
廣泛影響	1
短傳	1
袋錢入你袋	1
兜巴升	1
星座運勢	1
燈蕊	1
磕磕巴巴	1
鬆緩	1
里港	1
感戴	1
廚師長	1
郵車	1
義項	1
中程飛彈	1
虎咬豬	1
刷入	1
你講嘢呀	1
咪架	1
米字旗	1
阮咸	1
偶一為之	1
避避風頭	1
灶具	1
下臂	1
被和諧	1
絲髮	1
露蟹	1
強龍不壓地頭蛇	1
擺返低	1
透視鏡	1
混名	1
突破難關	1
船營	1
學斗	1
今晚記得	1
公證處	1
伊塞克湖	1
旗海	1
諗極唔明	1
水泥佬	1
江瑤柱	1
蟈	1
虎頭蜂	1
食物類別	1
造福社羣	1
足底筋膜炎	1
打牙祭	1
老虎借豬	1
雷粒	1
窩輪	1
食塵	1
光輻射	1
頂唔蒲	1
波蘭語	1
下齒	1
白喉桿菌	1
號筒	1
乾煸	1
萬古流芳	1
量具	1
重皮	1
畸變	1
釘牢	1
企領	1
條命咁慘	1
冥錢	1
口盅	1
瘡痍	1
七葷八素	1
野禽	1
不加理睬	1
靈水	1
田間管理	1
燈心絨	1
波波腸	1
平地起風波	1
常青藤	1
葫蘆巴	1
蛇行鼠步	1
謀人寺	1
命途多舛	1
俗骨	1
所見即所得	1
純鹼	1
殺真菌	1
印支	1
博士班	1
碩士班	1
連哄帶騙	1
皮包骨頭	1
貽害	1
跳票	1
氨氣	1
醋精	1
粗着	1
燈心草	1
喧嚷	1
才兼文武	1
數據挖掘	1
唔知喔	1
秉燭	1
發晦氣	1
餑	1
以暴易暴	1
暈得一陣陣	1
死慳爛慳	1
獨體	1
快訊	1
腹誹	1
共埋	1
水緊	1
疑病症	1
眨動	1
爆陰毒	1
桃花水母	1
網絡環境	1
技術官員	1
客似雲來	1
前胃	1
混世魔王	1
手板眼見功夫	1
有兩道散手	1
封測	1
前震	1
娛樂報	1
肝膽俱裂	1
有錢樓上樓	1
冇錢地下踎	1
就寢時間	1
娛記	1
爬海	1
九九乘法表	1
曉喻	1
荔枝乾	1
真際	1
方臘	1
稍遜一籌	1
追錢	1
末日審判	1
有得你睇	1
開公數	1
邪釘	1
買假	1
漫天遍地	1
正當權利	1
見票即付	1
破缺	1
熱風槍	1
神經刀	1
臭名昭着	1
作業環境	1
關公都有對頭人	1
唔得解	1
電子磅	1
對衝基金	1
織補	1
正線	1
梅花間竹	1
申申	1
爆疫	1
肥胎	1
亞太經合組織	1
監守自盜	1
寧靜致遠	1
金袍	1
九重霄	1
趕喉趕命	1
兩相情願	1
新曆新年	1
薑黃色	1
帑	1
藥補不如食補	1
條渠塞咗	1
舷	1
一語成讖	1
點錯相	1
雞心形	1
用慣用熟	1
流啡	1
備而不用	1
過枱	1
活套	1
德慶縣	1
回祿之災	1
推人落井	1
玲瓏浮突	1
悟入	1
諗縮數	1
艶	1
輻射狀	1
吟嚟吟去	1
繳費處	1
千更	1
瓢潑	1
懣	1
豉油王	1
八分之一	1
腸鏡	1
盡釋前嫌	1
飛仔飛女	1
一缽湯	1
雍重	1
搭拉	1
鴛鴦襪	1
喂食	1
進犯邊境	1
添磚加瓦	1
殺人不過頭點地	1
整色水	1
中圈套	1
我冇帶遮	1
煮到埋嚟就食	1
雙休日	1
周記	1
熟化	1
上意識	1
万	1
異裝癖	1
擇洗	1
人物描寫	1
照單執藥	1
老調重彈	1
名義價值	1
衰開頭	1
司琴	1
菲律賓話	1
出拿渣	1
國土安全部	1
粉鳥	1
扮嘢呀	1
桑科	1
對麼	1
傷害力	1
候駕	1
卻病	1
飽私囊	1
價格表	1
淋紅油	1
織針	1
斷語	1
狗膽包天	1
直線加速器	1
無機物	1
離遠遠	1
後兩首	1
血統論	1
兩家茶禮	1
椰衣	1
傳家	1
心砰砰跳	1
馳名中外	1
西子湖畔	1
温温燉燉	1
乘機搏懵	1
予以考慮	1
燮	1
揩埋	1
春秋左氏傳	1
鬼怕惡人	1
鉻	1
首倡	1
開則	1
骨骸	1
不湊巧	1
並行計算	1
神仙眷侶	1
移動式	1
糯米餈荔枝	1
草龍	1
自修課	1
黃庭經	1
切脈	1
身著	1
雷達天線	1
囊袋	1
斷滅	1
畸胎瘤	1
吃不上	1
暈機	1
西瓜刨	1
空無所有	1
居英權	1
朱庇特	1
引體上升	1
冇根底	1
酒筵	1
百鳥居	1
文筆流暢	1
績點	1
鋪敍	1
密碼電報	1
鹹濕電影	1
化油器	1
吊帶背心	1
黃喉	1
損耗量	1
碳足印	1
愛慕虛榮	1
大鄉里出城	1
根本法	1
牙釉質	1
少食多滋味	1
全託	1
調較	1
自我解嘲	1
雰	1
漂流者	1
羅馬公教	1
治具	1
新年頭	1
享樂主義者	1
忽隱忽現	1
君主國	1
吹水王	1
澳門朋友	1
飛深圳	1
工業港	1
少陽經	1
馴獸	1
吹唔脹	1
對杯	1
一命歸天	1
挫骨揚灰	1
貓鼠遊戲	1
吸附劑	1
未壞	1
兩錢重	1
箍帶	1
食住勢	1
蠟染	1
指關節	1
航空線	1
打對頭	1
蕃薯	1
不足為憑	1
木曜日	1
惡德	1
窒頭窒勢	1
西撒哈拉	1
逆料	1
相斥	1
本地蛋	1
痰上頸	1
內有隱情	1
錐面	1
軸心國	1
鑑賞能力	1
奶嘴糖	1
做咩咁慢	1
魏巍	1
寒飛	1
軟釘子	1
馬累	1
心口掛個勇字	1
負碌	1
簡裝	1
蟬聲	1
趕不了	1
食住個勢	1
雙蒸酒	1
畀佢入嚟	1
一草嘢	1
斡	1
薪津	1
儀典	1
翻然悔悟	1
爭取和平	1
化石羣	1
白蝕	1
比登天還難	1
促膝談心	1
蜇	1
菜腳	1
講緊價	1
柴可夫	1
豆沙餅	1
曠闊	1
落雨收柴	1
持不同政見者	1
一言以蔽之	1
阻慢	1
磁體	1
碳鏈	1
遛彎	1
見山就拜	1
逆線	1
證婚人	1
黃嘴白鷺	1
內容農場	1
雅痞	1
攻鼻	1
話冇咁快	1
複聽	1
服用藥物	1
黃蜂尾後針	1
有什麼玩	1
嘆返下	1
來碰碰	1
衞星國	1
有咁好死咩	1
搞搞震冇幫襯	1
脂酸	1
抓包	1
背角	1
扣女	1
殯儀館大減價	1
驅逐令	1
開放系統	1
宋體字	1
温女	1
模式種	1
頭座	1
杷	1
斯威士蘭	1
革除	1
常哦	1
打到豬頭咁	1
吟遊	1
澂	1
温切斯特	1
熱敏	1
姨甥女	1
咁零丁	1
侵侵	1
墟冚	1
拋波	1
舊識	1
驟落	1
長幼有序	1
脱機	1
顫聲	1
橡皮圖章	1
鉸鏈	1
任賢使能	1
祭白虎	1
啲打佬	1
拝	1
釋尊	1
例題	1
艾絨	1
人為刀俎	1
白骨頂	1
西裝革履	1
白吃白喝	1
合眾為一	1
外圓內方	1
姣味	1
毓	1
唔登錄	1
感性認識	1
國家安全部	1
大氣環流	1
人心肉做	1
辛酉	1
寅時	1
傳授法	1
拍攝製作	1
與全世界為敵	1
面肥	1
亞美尼亞	1
花費無幾	1
長期共存	1
能量代謝	1
冇得揮	1
吊裝	1
任隨	1
真金不怕火煉	1
璟	1
飛發佬	1
產婆	1
有異性冇人性	1
貔	1
逃罪	1
隨機變量	1
行行企企食飯幾味	1
去還去	1
馬賽族	1
修甲	1
胃下垂	1
發水樓	1
北姑	1
甩甩離	1
淺短	1
牢記在心	1
金針菜	1
最高等	1
預配	1
打濕佢	1
創傷後壓力	1
執葉	1
變速器	1
孺人	1
搞到我雞毛鴨血	1
叻沙	1
倒蛋	1
誆騙	1
積犯	1
橫斷面	1
揞到實	1
帯	1
收款單	1
支窒	1
榮歸故里	1
手拿包	1
月岩	1
婢僕	1
嬌態	1
放置位置	1
勞動改造	1
人造絲	1
麻痺	1
黃綠醫生	1
始亂終棄	1
污跡	1
接駁巴	1
禁使	1
雜糅	1
晚頭夜	1
刑事偵察	1
嬲好定笑好	1
油棕	1
好嘢呀	1
餞別	1
大模屍樣	1
划拳	1
陰囊	1
趕住去投胎	1
掃埋掃埋	1
飄拂	1
邯山	1
同聲傳譯	1
剃眼眉	1
敗家精	1
三七開	1
咬長糧	1
人材	1
失敗主義	1
守更	1
涅槃經	1
閒口	1
連不了	1
專制君主制	1
援助交際	1
終場	1
從嚴懲處	1
萬里長征	1
機關車	1
弭	1
脛骨	1
逆心	1
丟到家	1
拍手無塵	1
免費搭車	1
法蘭西皇帝	1
香港卡	1
矮行星	1
東非大裂谷	1
詼	1
長通粉	1
略奪	1
丹麥包	1
有冇圖	1
古井無波	1
吊銷執照	1
棄坑	1
使人唔使本	1
食得做得	1
差拳	1
泥口	1
克己奉公	1
不論怎麼	1
心哋	1
經綸	1
仿冒品	1
著邊	1
發畀你	1
南蘇丹	1
支應	1
連年不斷	1
太串	1
痍	1
九淺一深	1
大齋期	1
注釋	1
大而無當	1
雞仔蛋	1
祀神	1
加國	1
繁榮富強	1
顯懷	1
葉公好龍	1
補濕	1
水害	1
賣面光	1
零的突破	1
沭	1
西生菜	1
大鑒	1
擠來擠去	1
卡式帶	1
髮型設計師	1
矽	1
征衫	1
亙	1
亦應如此	1
有罪不罰	1
搶口	1
腳膠	1
分散式	1
誑	1
貿易行	1
睞	1
打風唔成三日雨	1
排後啲	1
慪	1
相對論性	1
合則來	1
可比價格	1
軟件平台	1
敝	1
中層階級	1
講經咩	1
應激性	1
唔同第個	1
症象	1
我辭工	1
有麝自然香	1
留後手	1
凍鴛鴦	1
擺鐘	1
要死不活	1
私人醒	1
學校設備	1
反誣	1
承歡	1
保安宿舍	1
架樑	1
放之四海而皆準	1
全優	1
快人快事	1
駝子	1
碎紙機	1
在光明	1
航空自衞隊	1
健身健美	1
病懨懨	1
英石	1
夾七夾八	1
風雷雨電	1
無線電視翡翠台	1
黨規	1
中灶	1
反射作用	1
放任自流	1
炒花甲	1
包到陷	1
罷黜	1
倒春寒	1
澡盆	1
借債人	1
勞動保護	1
攀援	1
嘶嘶聲	1
交響金屬	1
家庭作業	1
失雞無神	1
難以名狀	1
蓋利	1
綏中	1
耶穌受難日	1
盲公鏡	1
冰曲	1
合作版	1
搓皮	1
無限小	1
油灰	1
錶鏈	1
優閒	1
撈湯	1
我好夜瞓	1
香港醫學會	1
徑自	1
你夠係咯	1
習大大	1
快快趣	1
勒緊褲帶	1
去第度睇	1
知識庫	1
星期三四	1
自隊	1
積滯	1
聖盤	1
雞蛋裏挑骨頭	1
板書	1
蒲魚	1
弔民伐罪	1
管座	1
廢黜	1
煙腸	1
死而復活	1
住在香港	1
替更	1
尋釁滋事罪	1
一場歡喜一場空	1
佢好打得	1
造次	1
鴨腳扎	1
聚眾鬧事	1
擺攤子	1
婉言相勸	1
百慕大三角	1
聚飲	1
乳糖不耐症	1
合錢	1
打風打唔甩	1
不傷和氣	1
生理衞生	1
繰	1
課桌	1
閏日	1
付予	1
有冇假放	1
員工會議	1
従	1
盲人摸象	1
另用	1
舊故	1
大癲	1
中看不中用	1
身驕肉貴	1
不插電	1
電熱毯	1
儼	1
巧辯	1
開瓶器	1
叫牌	1
慧劍	1
趕鴨子上架	1
七言律詩	1
拍拖拖	1
入錶	1
銀匠	1
下麪	1
貨底	1
都幾充實	1
大型強子對撞機	1
才氣過人	1
桶蠔	1
觸媒作用	1
塔吉克	1
揾鬼要咩	1
胃蛋白酶	1
得閒嗎	1
海綿狀	1
麻醉狀態	1
雞哋	1
吃不開	1
補卡	1
親疏貴賤	1
培訓過	1
專利品	1
遮架	1
縮開啲	1
下芳村	1
魂飛天外	1
肯定好啦	1
房室	1
太陽活動	1
辣低	1
駐華使節	1
戰雲	1
南番順	1
優惠待遇	1
豆莢	1
可哀	1
酔	1
知道了嗎	1
論爭	1
着手於	1
北卡羅來納州	1
待用	1
提爾	1
隨伴	1
第二世界	1
食物衞生	1
開硬弓	1
餿	1
關你春事	1
測謊儀	1
拮親手	1
走為上着	1
希伯來語	1
半文盲	1
七星仔	1
旅行裝備	1
捨身求法	1
分水線	1
功過相抵	1
佛曆	1
叢密	1
大件夾抵食	1
牀笠	1
神經原	1
做咩突然	1
玄石	1
由天而降	1
浸浸涼	1
叛匪	1
折嘢	1
懵懵閉	1
盲目崇拜	1
雞糊	1
好行夾唔送	1
掉鏈子	1
多學科	1
不可終日	1
一世英名	1
虛詞	1
工作裝	1
連名帶姓	1
革命化	1
雀局	1
流氓罪	1
魚鍋	1
忘憂草	1
打靶鬼	1
豆腐潤咁細	1
忠犬	1
湯武革命	1
小泉純一郎	1
硬摑摑	1
教精你	1
吉澳	1
超聲波檢查	1
隱蔽青年	1
專家評價	1
炫目	1
為政清廉	1
積車	1
病株	1
絕無花假	1
擔餅	1
波批	1
陪聊	1
四端	1
崩毀	1
分裂法	1
善後處理	1
海峽羣島	1
手足口病	1
堅料	1
瞓覺喇你	1
求之過急	1
解悟	1
兒童世界	1
工裝褲	1
久病成良醫	1
生日賀卡	1
雞澤	1
儒術	1
花泥	1
勁烈	1
制訂	1
上址	1
游行	1
過載	1
開晴	1
涅瓦	1
粉蕉	1
壘球	1
循環賽	1
萬家生佛	1
堅壁	1
拂動	1
心眼大	1
牛角椒	1
滾球	1
袋返	1
梅窩警署	1
文種	1
摯誠	1
拳曲	1
彩彈	1
規正	1
雄蕊	1
風速計	1
廣寧縣	1
扦	1
山水詩	1
事旦	1
冇大錯	1
橫暴	1
閒情逸緻	1
入則	1
茶辦	1
點吐	1
錳	1
抌遠啲	1
勿忘國恥	1
蠢到加零一	1
次級抵押貸款	1
生態系	1
畢達哥拉斯	1
檢查哨	1
異邦	1
郁烈	1
六角匙	1
逐漸廢棄	1
一心向上	1
省招牌	1
吼實	1
磊磊	1
丟荒	1
迫視	1
照田雞	1
崩漏	1
大癮	1
藍絲	1
跳房子	1
雀巢咖啡	1
喵星人	1
電解液	1
驢打滾	1
看您	1
喺入便	1
相知相惜	1
躺槍	1
國際航空聯合會	1
越食越餓	1
胡想	1
坨子	1
稀土金屬	1
名着	1
飽和狀態	1
琴瑟和鳴	1
卡啦蘇	1
捋起	1
虛底	1
窯爐	1
益智仁	1
挨話	1
對陣圖	1
喀什米爾	1
越職	1
婪	1
三蛇肥	1
玉字邊	1
刪剪	1
上下牀	1
從容就義	1
踹門	1
賽過諸葛亮	1
板岩	1
理財之道	1
倒倉	1
有其師	1
靈灰	1
想死呀你	1
養狼狗	1
戴罪立功	1
頸子	1
不服來辯	1
公約數	1
撤消	1
留低腳毛	1
恐怖行動	1
叉燒餐包	1
嗦嗦聲	1
草體	1
華陀	1
後天免疫	1
丙等	1
暢流	1
兇相	1
硬繃繃	1
窒住窒住	1
釋名	1
正誤	1
娓娓動聽	1
噼咗	1
瑪多	1
失語症	1
探試	1
鏽蝕	1
危站	1
百樓	1
盞衰	1
葷素	1
進級	1
東莞臘腸	1
見過鬼怕黑	1
蠟台	1
凸鏡	1
風信子	1
曲筆	1
濕度計	1
副產物	1
神魔小説	1
手指拗出	1
指示精神	1
撞鎖	1
做家庭工	1
夜光錶	1
駁雜	1
泰然處之	1
中上階層	1
暴民	1
印台	1
倒買倒賣	1
與時間賽跑	1
雨刮水	1
香蕉糕	1
慘不忍聞	1
空額	1
放鬆管制	1
氣井	1
手中無權	1
掹得住	1
黐肺	1
兜車	1
查經	1
掛欠	1
地對空導彈	1
食咗份	1
掛望	1
雙襟	1
硬梆梆	1
轉珠	1
花花腸子	1
靜過太空	1
節拍器	1
深圳人民	1
攝灶罅	1
隔山買牛	1
孖住上	1
豐產	1
淡月	1
毛主席萬歲	1
來項	1
愈嚟愈	1
第五個現代化	1
耽時間	1
走船	1
聯繫匯率	1
老幺	1
真番郡	1
日蝕	1
哥林多前書	1
專業組織	1
開封地區	1
文如其人	1
思想意識	1
天涯若比鄰	1
三蛇	1
大藏經	1
農區	1
方命	1
審度	1
筆硯	1
批發業	1
討取	1
冇樣叻	1
弓弦	1
波羅蓋	1
拄着	1
玉米麪	1
英名	1
塗敷	1
版式	1
眯縫	1
統一新羅	1
哀訴	1
裸跑	1
申報單	1
勞動強度	1
古體詩	1
面目一新	1
生前友好	1
毛瓜	1
路邊店	1
唔顧面	1
動脈瘤	1
生意盎然	1
窮寇勿追	1
冷熱病	1
惹人心煩	1
遂平	1
一氧化二氮	1
由左向右	1
都在廣州	1
辯爭	1
囫圇吞下	1
堅牢	1
擺橫	1
老大婆	1
辯認	1
追尋現代中國	1
多束	1
展緩	1
步程	1
窩巴	1
埋街飲井水	1
牙帶魚	1
賭數	1
悦納	1
倒灶	1
推擋	1
睡未	1
婉惜	1
是藥三分毒	1
搞錯咗嘞	1
萬里長江	1
總方針	1
凍檸水	1
無話我	1
沉痾	1
查字	1
陀陀擰	1
心平如鏡	1
猛做	1
借以	1
字碼	1
阿維拉	1
無無端端	1
哲學思潮	1
老板	1
豬下水	1
沾寒沾凍	1
鞋筒	1
察察	1
好冇食	1
類星體	1
唔諗嘢	1
悍婦	1
不吵不鬧	1
五服	1
四眼龜	1
中國證監會	1
囊泡	1
山地車	1
暗香疏影	1
狗改不了吃屎	1
堊	1
盲聾啞	1
佐敦谷	1
夜船	1
三年唔發市	1
發市當三年	1
行檔	1
沾麪	1
朋黨	1
頗有同感	1
當年後生	1
生化學	1
食我夾棍	1
懶佬鞋	1
鴨叫	1
犯愁	1
講爛口	1
碼頭費	1
鄰座	1
挑拔	1
唔食力	1
公犬	1
透明漆	1
舞台燈光	1
繞嘴	1
弄僵	1
破壞分子	1
榮譽博士學位	1
死埋一邊啦	1
套繩	1
剣	1
貧賤夫妻百事哀	1
定音鼓	1
急板	1
住年妹	1
宏亮	1
洗盡鉛華	1
起返身	1
切丁	1
霧峯	1
衝斷層	1
文山會海	1
頂盡	1
遍身	1
揮霍浪費	1
為威喂	1
騒	1
槨	1
慣賊	1
順住條水	1
珠海關口	1
真係冇修	1
序數	1
冇咗男人	1
咁得閒㗎	1
陽曆年	1
唔下載	1
有理數	1
烏啄啄	1
轉動軸	1
黑箱操作	1
硬唔硬	1
現場會議	1
出公數	1
淫媒	1
社團組織	1
試身室	1
陰陽頭	1
多事實	1
計算機科學家	1
融爐	1
齊腳	1
性冷感	1
譯稿	1
街邊仔	1
生態資源	1
墳穴	1
握手位	1
鬥蟀	1
概況	1
仲爭啲啲	1
竹筐	1
魚漂	1
澱積	1
梭標	1
好矇	1
鴨胗	1
雲版	1
阿比西尼亞人	1
釋疑	1
空鏡	1
神譜	1
栓塞	1
白陶	1
鉛筆芯	1
統購統銷	1
乖僻	1
經濟前途	1
性禁忌	1
十進位法	1
開到通頂	1
使用條款	1
螺旋體	1
都市傳奇	1
游標	1
橫屍街頭	1
爛賤	1
十八鄉	1
銃	1
殉葬品	1
掛藍燈籠	1
培養液	1
前世唔修	1
激光唱片	1
蝦到上面	1
催稿	1
睇下戲啦	1
呻窮	1
日拱一卒	1
寶誌	1
白俄羅斯人	1
唔識嘟	1
屙爛屎	1
高速網絡	1
飩	1
五味架	1
斜釘	1
軟骨病	1
大器小用	1
闊葉樹	1
文風不動	1
執怪	1
密教	1
絕代美女	1
討吃	1
角釘	1
單親協會	1
勢成騎虎	1
白鴿黨	1
重碳酸鈣	1
不以為苦	1
合球	1
煮死佢	1
折壽	1
日本放送協會	1
有囉	1
甄用	1
謄	1
唔嫌少	1
套種	1
壓擠	1
安全燈	1
人氣榜	1
斥力	1
慘境	1
集體户	1
奏帖	1
第世	1
無敵金剛	1
葡汁	1
掌財	1
賺衰	1
温熟	1
引信	1
雹子	1
睇手掌	1
餛	1
門坎	1
癮到	1
爭客	1
糾察人員	1
泥膠	1
碎碎念	1
避彈	1
尼日爾河	1
鋌	1
讀書趁年輕	1
吐蕃王朝	1
風塵中人	1
狐狸座	1
射嘢	1
打仔明星	1
笑臉相迎	1
嚴唔嚴	1
污糟錢	1
煽陰風	1
霞霧	1
膀大腰圓	1
農場管理	1
流別	1
氧化銅	1
閂出	1
公然反對	1
學店	1
拿頂	1
輪更	1
名譽學位	1
爭臣	1
創辦者	1
分步驟	1
隊草	1
平尺	1
作記號	1
西高山	1
牛蠅	1
易門	1
播音室	1
呼之即來	1
鑽眼	1
形質	1
雜雜聲	1
害人反害己	1
斬到一頸血	1
外行看熱鬧	1
內行看門道	1
煮乜鬼飯	1
滿負荷	1
防火設備	1
茂物	1
彈詞	1
仲有事想	1
中學雞	1
苦麥	1
雙關語	1
教務長	1
腳手架	1
昏倒	1
作牙	1
脘	1
樺木	1
會仔	1
如鯁在喉	1
縮骨遮	1
疼死	1
鼓風	1
讀卡器	1
舌吻	1
喪亡	1
賣苦力	1
虧缺	1
龍川縣	1
收租佬	1
勸農	1
網絡管理	1
通氣口	1
犯睏	1
巴松	1
停車標誌	1
金邊粉	1
神治	1
簸箕	1
供銷商	1
磬	1
電石	1
畀人睇	1
民政署	1
請援	1
轉關係	1
膩子	1
外國投資	1
小造	1
大聲夾冇準	1
貓竇	1
食井水	1
打算點啫	1
一着不慎	1
近地天體	1
跳掣	1
殘黨	1
吮吸	1
穩壓	1
東西周	1
彈撥樂器	1
帳項	1
地面温度	1
嚇昏	1
觀察哨	1
烏口烏面	1
金毛狗	1
逆情	1
頻能	1
豆殼	1
有乜關照	1
瀕危野生動植物種國際貿易公約	1
酸牛奶	1
一大疊	1
架咋	1
飛翼船	1
扯風箱	1
倔情	1
少女十八	1
得著	1
噴氣發動機	1
翻撻	1
立方根	1
大百科全書	1
貽害無窮	1
轉抄	1
咀一啖	1
婚筵	1
奄尖聲悶	1
波恤	1
通氣會	1
昇降	1
我爭佢錢	1
一窿蛇	1
時刻表	1
陡峻	1
一等兵	1
朔風凜冽	1
有啲那個	1
連續集	1
相由心生	1
鋪襯	1
展眉	1
聽力理解	1
婚典	1
縱任	1
鉛球	1
粗率	1
滴蟲病	1
揾鬼揾馬	1
付之行動	1
緊集	1
好仔唔當差	1
郡會	1
外太公	1
魚尾夾	1
未含	1
嵬	1
關税同盟	1
濫竽	1
發誓當食生菜	1
抓姦	1
思謀	1
類似點	1
偌	1
沉船事故	1
現金流量表	1
醋罈子	1
型板	1
釘裝	1
世職	1
嗜慾	1
時顯時隱	1
庫克羣島	1
軍事委員	1
臨翔	1
拆蟹	1
藍移	1
探盤	1
好削	1
米走雞	1
外底	1
怯弱	1
政府合署	1
好記性不如爛筆頭	1
救濟糧	1
搭伴	1
狠命	1
免簽	1
小富由儉	1
七號碼頭	1
食好着好	1
提薪	1
憩	1
紊	1
神格	1
下頜骨	1
好無言	1
戇框	1
零存整取	1
鹹水樓	1
羣體性事件	1
説多次	1
有賭未為輸	1
您坐	1
跛腳女	1
名實相符	1
散兵坑	1
懶到死	1
打蘭	1
家長信	1
水晶包	1
寄方	1
驚恐失色	1
民用工業	1
自適應	1
硼砂	1
李漁	1
禁諗	1
寸土必爭	1
糗事	1
吭吭	1
生態危機	1
価	1
邪財	1
漢典	1
丟手	1
捐生	1
縈	1
修理工	1
啓發式	1
友誼比賽	1
傻瓜瓜	1
淮鹽	1
張雀仔	1
剎時	1
因乜解究	1
鞋嘴	1
走味	1
外貿業務	1
落腳處	1
啤殼	1
南方人才	1
不怕鬼敲門	1
孔子家語	1
深切關懷	1
滅音器	1
神秘化	1
打來回	1
惡創	1
鍵盤鼠標	1
玉不琢不成器	1
頭牲	1
哭喪着臉	1
搡	1
好呢味嘢	1
母難日	1
送灶	1
茄哩啡	1
羽毛波	1
睾	1
乙型腦炎	1
外圍馬	1
邊似我	1
燒瓶	1
幾複雜下	1
匡扶社稷	1
誤看	1
拉纜	1
鼠藥	1
目標地址	1
膊頭高過耳	1
潘婷	1
黃粟	1
泥刀	1
詰	1
是其是非其非	1
少忽肉	1
民主生活	1
連筆	1
教研室	1
萬年青	1
黐咩筋	1
胖墩墩	1
小時了了	1
眼鏡猴	1
衫屘	1
骨灰甕	1
頒白	1
直系血親	1
都嘥氣啦	1
丁字形	1
虛像	1
內詳	1
滾刀塊	1
晦澀	1
測知	1
滿腔熱忱	1
鬱鬱不樂	1
共棲	1
憋尿	1
預防接種	1
睦鄰	1
羋	1
夏禹	1
兵連禍結	1
懶闊佬	1
肄業	1
棺材頭燒炮仗	1
港銀	1
青年活動	1
脱空	1
阻留	1
丙氨酸	1
無聊緊	1
虛空藏菩薩	1
有神論者	1
茄汁豆	1
青原	1
攰死人咩	1
吸入器	1
藤野先生	1
曬熱頭	1
油跡	1
背倚	1
填補空白	1
猛發	1
林芝地區	1
放牧地	1
你話點頂	1
緩兵之計	1
內射	1
盞攪	1
揼濕身	1
佗仔	1
傍午	1
噩運	1
散紙包	1
不大於	1
賽龍船	1
不分伯仲	1
有冇聲氣	1
畀埋	1
複讀	1
累鬥累	1
相思子	1
負重擔	1
賣物會	1
鐵齒銅牙	1
兩面派	1
曾外祖父	1
曾外祖母	1
一己之見	1
滾瀉	1
慣性作用	1
體外受精	1
研製過程	1
細時偷針	1
燙衣	1
波子棋	1
煞食	1
揭人瘡疤	1
前一向	1
人道危機	1
吞吃	1
活到九十九	1
人無十全	1
通訊處	1
蓋印	1
攬生意	1
落鞋油	1
紅遍天	1
下一曲	1
棄將	1
此致敬禮	1
輻射冷卻	1
辛奇	1
臻	1
競技性	1
曠代	1
冷糕	1
卧軌	1
小三元	1
移動性	1
花臣	1
腰間盤	1
大漢堡	1
網開三面	1
挺屍	1
鬥醒	1
禮輕情意重	1
黑古勒掘	1
續保	1
情到濃時	1
雞鳴狗盜	1
組織觀念	1
低八度	1
乙卯	1
撐死你	1
原爆點	1
咒術	1
疾速	1
分憂解勞	1
豬咀	1
九天攬月	1
深喉唾液	1
講人事	1
打高爾夫	1
野合	1
全場一致	1
防水錶	1
螺旋粉	1
佢籠嘢	1
臨界狀態	1
放牛班	1
四捨五入	1
漏口風	1
你喺度嗎	1
電子鎖	1
咁噪	1
眼肚	1
內分泌系統	1
朝陽市	1
鬼中意佢	1
薩爾茨堡	1
班期	1
活龍活現	1
啋	1
華埠	1
異性相吸	1
味碟	1
植物脂肪	1
衍化	1
撻出嚟	1
俗到死	1
油麻哋	1
鬚子	1
壯陽藥	1
買空賣空	1
寶清縣	1
量化邏輯	1
彌勒菩薩	1
河工	1
反彈導彈	1
曲直難分	1
啤工	1
六隻牌	1
先帝遺詔	1
碌柒	1
落旗	1
放料	1
不登大雅之堂	1
冇尾飛陀	1
真菌類	1
抓耳撓腮	1
越食越開胃	1
倒把	1
甘之如飴	1
無往不利	1
露出狐狸尾巴	1
褻瀆神明	1
教唔聽	1
繼續諗下	1
麪撈	1
漢薩同盟	1
小兒麻痹	1
駕鶴西歸	1
蘇洵	1
脂肪瘤	1
消聲匿跡	1
探見	1
西裝友	1
扎破	1
死姣婆	1
幹羣	1
看菜吃飯	1
交易處理	1
主懷安息	1
整蠱弄怪	1
重新綁上	1
撐龍舟	1
大隻廣	1
乘鶴	1
傲視一切	1
四川火鍋	1
依屬	1
食祿	1
票站	1
指天椒	1
零丁洋	1
篤魚蛋	1
亥豬	1
爆破手	1
龜縮	1
着重點	1
蘇里南	1
憲報	1
和平啲	1
布加勒斯特	1
抄網	1
毛手毛腳	1
借指	1
裸地	1
恕不接待	1
附議	1
唔知米貴	1
呼拉圈	1
棉羊	1
聲囊	1
羣星拱照	1
講得出就講	1
引鬼上門	1
揀靚衫	1
血液病	1
施食	1
動植物品種	1
不容拒絕	1
法國嘢	1
罷喇	1
卡冚卡	1
凸面	1
超短波	1
眉豆	1
淤滯	1
夜闌珊	1
高章	1
暗斜	1
吊尾	1
顧面	1
小處着手	1
值得品味	1
佢唔制嘅	1
褲囊	1
褲口	1
有頭髮邊個想做癩痢	1
穩練	1
糞草	1
霹靂啪啦	1
非盈利組織	1
好低分	1
拖拖沓沓	1
柴車	1
編碼系統	1
君主專政	1
睇辦	1
吹波仔	1
電話冇人聽	1
莫衷一是	1
不得勁	1
華為技術	1
講嚟講去三幅被	1
穀糠	1
笨柒	1
瘋話	1
行唔埋	1
血塞	1
湯湯水水	1
盛譽	1
曬你冷	1
百年大計	1
方尺	1
科技體制	1
校章	1
毒爪	1
國際奧林匹克委員會	1
檔子	1
轉接頭	1
利多於弊	1
通貨緊縮	1
離天隔丈遠	1
凇	1
魚蛋河	1
執雞	1
棋譜	1
粗粗地	1
做咩咁遲	1
扣底	1
自我改造	1
唔憂食	1
負擔者	1
啤啤夫	1
潘通	1
食物成分	1
曲棍	1
忍下手	1
拼錯	1
飯鏟	1
發春夢	1
梗房	1
風韻猶存	1
繞組	1
順喉	1
活頁紙	1
地坪	1
息影	1
緩兵	1
後涼	1
顯性基因	1
攪大	1
碳酸鈉	1
口碑流傳	1
物欲	1
小部	1
暖唔暖	1
寬甸	1
硬櫃	1
岩石層	1
春袋	1
科名	1
鮮啤酒	1
多點休息	1
補助費	1
飯熱菜香	1
關門捉賊	1
腺樣	1
我在澳門	1
老想着	1
做工兵	1
地方主義	1
髮辮	1
壓韻	1
布施	1
滑胎	1
藥山	1
淡妝濃抹	1
傻豬嚟㗎	1
血胸	1
牛頭犬	1
眼證	1
山竹牛肉球	1
大袋子	1
人無再少年	1
分湯	1
擔架擡	1
遭蝦戲	1
科羅拉多州	1
抽筋菜	1
活見鬼	1
大武口	1
記敍文	1
大綱領	1
粘粘	1
傳種	1
一時一事	1
洋務學堂	1
周圍唱佢	1
淺深	1
低幫	1
帽子戲法	1
乾噌噌	1
失期	1
滯雞	1
低產量	1
現金流轉	1
切菜刀剃頭	1
武術比賽	1
唔慌好人	1
匍匐前進	1
八十丈	1
鼓埋泡腮	1
陸海空三軍	1
乾癟	1
綢繆	1
邊防要塞	1
刻唔到	1
臨急抱佛	1
死兜爛兜	1
僧尼	1
揾鹽醃	1
耐用品	1
輾轉流傳	1
晏嬰	1
另換	1
公共責任	1
吊起來賣	1
蝦子餅	1
放矢	1
生活秀	1
藹藹	1
狗毛蟲	1
腰椎間盤	1
女人湯圓	1
體能活動	1
開蒙	1
閔行區	1
年華虛度	1
精當	1
揃	1
人哋開會	1
日校	1
飲鹹水	1
咩嘢環境	1
偶像人物	1
笑中帶淚	1
吊窗	1
麪包渣	1
市場動態	1
育種	1
內分泌腺	1
亂世用重典	1
好似豬咁蠢	1
制掂	1
怕疼	1
長壽香	1
茶瓜	1
隨喜	1
磕磕絆絆	1
震筆	1
齲齒	1
豆潤咁細	1
逆全球化	1
白刃戰	1
糯米甜醋	1
隔音物料	1
埼	1
牛痘	1
雙程證	1
掰彎	1
特定場合	1
綜合藝術	1
十萬文	1
捉狂	1
囝	1
反攻大陸	1
條形碼	1
遊藝會	1
柴可夫司機	1
烏哩馬查	1
瑞士刀	1
棺材房	1
零蛋	1
衞星導航系統	1
折刀	1
老虎唔發威當病貓	1
唔發火當病貓	1
谷住度氣	1
翹曲	1
欺辱	1
黃原膠	1
施與	1
白雲石	1
防患未然	1
有冇錢使	1
仲敢駁嘴	1
湯姆斯杯	1
死咁做	1
薹	1
掃球	1
沉緩	1
哽住哽住	1
摩爾多瓦	1
聯宗	1
靈氣療法	1
兩彈一星	1
標題新聞	1
航空郵件	1
四紅一白	1
力量均衡	1
中高音	1
陰陰食	1
喪門星	1
配匙	1
迎合人心	1
落得一場空	1
回耗	1
留力	1
墨線	1
響螺	1
網絡成癮	1
高高哋	1
老饕	1
折縫	1
人之患	1
不説自明	1
花粉過敏	1
超界	1
熱門貨	1
兩眼濕濕	1
首映式	1
誨	1
後事之師	1
三幾兩	1
下鼻甲	1
睇佢幾好	1
小盡	1
高才生	1
好命水	1
三朋四友	1
絲母	1
執雞腳	1
唔夠銀	1
經濟倉	1
水至清則無魚	1
綠帽子	1
國棋	1
面謝	1
塊規	1
噹噹車	1
下半晝	1
兩棲部隊	1
瞓陣覺	1
蜂毒	1
博客圈	1
紫貂	1
不可再生資源	1
埃博拉病毒	1
瞎搞	1
歙縣	1
神權政治	1
魔鬼山	1
擰螺絲	1
目無組織	1
老虎鎖	1
贏咗粒糖	1
銷行	1
脱氧核糖核酸	1
控制板	1
齒輪箱	1
畫地為牢	1
發音體	1
解嘲	1
滿園春色	1
受人二分四	1
叢林戰	1
續任	1
木管樂器	1
防微杜漸	1
概觀	1
收針	1
家庭地址	1
鳳凰樓	1
總庫	1
步行區	1
傳輸設備	1
綠茵閣	1
老倌	1
瞓着眼	1
突然窒住	1
特別客串	1
沖曬	1
大男子主義者	1
太空褸	1
藍心	1
翻臉不認人	1
無搞	1
三十八度線	1
仙貝	1
栄	1
報道攝影師	1
寫花	1
屎忽撞棍	1
花假	1
戴唔落	1
締約方	1
疏略	1
黏黏地	1
佢好認叻	1
珍珠貝	1
古吉拉特	1
本地海鮮	1
積冰	1
次文化	1
財雄勢大	1
特惠關税	1
有皇氣	1
拿撒勒	1
揾個伴	1
摺咗	1
吊膀子	1
邊鄙	1
極為龐大	1
羌笛	1
不同部分	1
千周	1
悱惻	1
木糖醇	1
世維會	1
德薩斯	1
啞仔食黃蓮	1
蕾絲邊	1
鏟屎官	1
古義	1
好很多啦	1
阿崩買火石	1
光捋捋	1
委婉語	1
經緯儀	1
鴨記	1
下弦	1
青羊	1
頭崩額裂	1
死口咬實	1
邪骨	1
瞠	1
回樽	1
門栓	1
謀慮	1
聽出耳油	1
肥婆肥佬	1
油器	1
來得容易	1
校訓	1
醃鹹魚	1
威迫利誘	1
手爽	1
哈啾	1
鋤死佢	1
掹衫尾	1
大麻哈魚	1
乜劇	1
翻攪	1
畀咗你	1
抽痰	1
刀光血影	1
咪使驚	1
慢手	1
格子呢	1
洗定八月十五	1
爛花	1
重瓣	1
沖完涼	1
散仔強	1
北卡羅萊納	1
祖祠	1
圓氹氹	1
爐石	1
可以點搞	1
魏源	1
打困籠	1
插秧機	1
揸流灘	1
限奶令	1
唔去嘞	1
橫角	1
去夜街	1
嚴懲不貸	1
古今小説	1
一切如舊	1
野女	1
體重計	1
疑懼	1
驚羣動眾	1
退休工人	1
墨頭	1
冰糖雪耳	1
夾檔	1
發財立品	1
巴西美食	1
象聲詞	1
疏開	1
絕對零度	1
盎斯	1
風水生	1
巢咪掹	1
結扎	1
跳埋一份	1
鑽空子	1
唔夠算	1
駢	1
極低價	1
白璧無瑕	1
合桃酥	1
撫寧	1
招郎入舍	1
聯繫羣眾	1
阿米巴	1
捱鬧	1
拜祠堂	1
配補	1
夙	1
幾靚喔	1
戰鬥序列	1
何濟於事	1
著名牌	1
猛片	1
落葉植物	1
熊啤啤	1
大搞特搞	1
博大霧	1
疊水	1
常温常壓	1
多黨選舉	1
被鋪蚊帳	1
滑塊	1
結合能	1
實質問題	1
蠶沙	1
外勤人員	1
教壇	1
松露豬	1
舊知	1
鼓氣袋	1
比翼齊飛	1
持續性植物狀態	1
罠	1
助選	1
環太平洋火山帶	1
科摩羅	1
手機打唔到	1
谷針	1
國際貨幣基金	1
很想要吧	1
敬贈	1
倨	1
箴言	1
牙托	1
麪粉公仔	1
沖澡	1
倘能如此	1
以老賣老	1
是可忍	1
白棉紙	1
防衞大臣	1
紅杏出牆	1
星象圖	1
唔好預我	1
弱側	1
浮質	1
和平特使	1
荻	1
參量	1
射喱眼	1
浪口洗面	1
掹耳仔	1
電腦繪圖	1
唐寅	1
魚翅餃	1
悖亂	1
不如退而結網	1
満	1
虎落平陽被犬欺	1
勤謹	1
令行禁止	1
睬你都生臭狐	1
浮皮	1
邋裏邋遢	1
邊吃邊聊	1
電壓表	1
忒	1
幾餅	1
最姣	1
驗定	1
塊面紅紅哋	1
埋汰	1
聖馬力諾	1
廟主	1
猛嘢	1
潸然淚下	1
人貴自知	1
塗蓋	1
唔喺嘅話	1
表演過火	1
調檔	1
情急智生	1
好冇去	1
駁殼槍	1
別扭	1
宅子	1
愛過些	1
切痛	1
冇來由	1
雞數	1
同枱食飯	1
銀絲捲	1
戲橋	1
行過籠	1
亨利五世	1
三藩叛亂	1
買多一個	1
千兆	1
通約	1
流裏流氣	1
非法集結	1
鐵則	1
鞋抽	1
踩三輪	1
詞賦	1
拆骨	1
隔油湯壺	1
場區	1
常年累月	1
拖地板	1
生理特點	1
耐唔時	1
有心靠害	1
針冇兩頭利	1
批點	1
皇氣	1
積肥	1
花朝節	1
假條	1
樓契	1
憑條	1
跣咗一腳	1
以點帶面	1
打單泡	1
動詞重疊	1
數據面	1
死變態佬	1
死海古卷	1
鍥	1
明剃眼眉	1
寄生者	1
執人口水尾	1
轉鼓	1
巨嘢	1
右玉	1
日頭返工	1
最塞	1
透明程度	1
貴人出門招風雨	1
現代五項	1
點閲率	1
古文觀止	1
不吝賜教	1
三公消費	1
菲尼克斯	1
副相	1
弓身	1
梳辮	1
揸個扒	1
根除	1
主羣	1
冇嗜好	1
不能填	1
媒合	1
歹意	1
釘契	1
唔多夾	1
揾嚟講	1
竹升妹	1
監押	1
手鈪	1
數字信號	1
增為	1
找不找到	1
擾敵	1
爛東西	1
得一想二	1
香港賽馬會	1
洗髮乳	1
斷代史	1
金咭	1
舐大鑊	1
冬令	1
枕木	1
會東縣	1
旋風腳	1
老茶樹	1
食過返尋味	1
拆賬	1
反智	1
哀而不傷	1
屌死	1
赤誠相待	1
企業管理碩士	1
獸腳類恐龍	1
保持個人衞生	1
解決爭端	1
法國雪糕	1
胃臟	1
嘈住人哋	1
職業素質	1
中空寶	1
的確良	1
慣性定律	1
燴麪	1
説得上	1
梳打餅	1
忡	1
青提	1
易逝	1
懶人版	1
口輕	1
榕樹凹	1
偏微分	1
不定積分	1
中向性格	1
瞄一眼	1
淥熟	1
搶財產	1
防損	1
隊啤	1
低聲細語	1
成也蕭何	1
敗也蕭何	1
咁勤奮	1
由近而遠	1
凝固點	1
聞名遐邇	1
頂證	1
曼聯隊	1
埋門一腳	1
海上運動	1
薺	1
清玩	1
選種	1
平均水準	1
打手語	1
刑事訴訟法	1
芬蘭語	1
敲擊樂	1
里數	1
活雞活魚	1
支那	1
唔夠斤兩	1
做公德	1
愛沙尼亞人	1
立陶宛人	1
打包踭	1
開門未	1
諉過於人	1
推索	1
扒龍船	1
扯行鼻鼾	1
射釘槍	1
招徠	1
折本	1
風雨欲來	1
黃老吉	1
廚窗	1
玩興	1
玻璃瓦	1
白皮松	1
傾蓋	1
泵把	1
曾祖父母	1
魚貫而入	1
拿不出手	1
學生報	1
系咁意	1
近鄉情怯	1
稟賦	1
南音	1
賣埠	1
野男孩	1
晨歌	1
蝦毛仔	1
二十一時	1
美粒果	1
五四愛國運動	1
燕京大學	1
身心交瘁	1
校裙	1
泥尾	1
遺珠	1
冒名頂替	1
布隆迪	1
打響名號	1
羣言	1
五黃六月	1
畿內亞	1
箭竹	1
收奶	1
金魚黃	1
係你先至好講啊	1
氣壓表	1
八塊腹肌	1
脆角	1
揾啖食	1
中巴士	1
不平則鳴	1
為五斗米折腰	1
東京塔	1
諾伊曼	1
碌熟	1
主打品牌	1
佩掛	1
黑龍江河	1
立腳點	1
拘執	1
小灘	1
聚眾淫亂罪	1
豉油樽	1
散毒	1
黑燈瞎火	1
不可方物	1
一唔一致	1
畀啦	1
填列	1
後車之鑑	1
鵬鳥	1
戲詞	1
東揾西揾	1
好話嘞	1
大無畏精神	1
補假	1
差之千里	1
示恩	1
臭燻燻	1
輸到開巷	1
喑啞	1
刨工	1
跨河	1
厚生勞動省	1
人格神	1
下弦月	1
原子反應堆	1
冇個啱	1
爆肝	1
擋風板	1
滑音	1
萬丈光芒	1
薑是老的辣	1
負片	1
敬業樂業	1
骰盅	1
咩喳	1
扯哈	1
條件式	1
啞巴虧	1
啓蒙主義	1
黃忠澤	1
攪亂檔	1
耳綿	1
啦啦亂	1
特異性	1
行距	1
露富	1
獨個兒	1
撩耳仔	1
鍍銀	1
意見箱	1
離獨	1
一個大話冚一個大話	1
快沖涼	1
鋼絲鋸	1
強制令	1
象牙海岸	1
油症	1
靚抽	1
坊間傳言	1
力嬌酒	1
監硬	1
魂靈	1
抽動症	1
差劣	1
採珠人	1
口柴	1
嘎妹	1
蛇竇	1
語流	1
試版	1
斥退	1
姐手姐腳	1
採果	1
程子	1
真理褲	1
閒情逸致	1
發現物	1
共商大計	1
嫉惡如仇	1
界畫	1
絞刑架	1
自己更新	1
把口臭	1
最低音	1
追詢	1
廣結善緣	1
退伍軍人病	1
花鳥蟲魚	1
你做完未	1
折衝	1
埋碼	1
拉大條	1
鬆人	1
地下莖	1
春貼	1
螺桿	1
陸基導彈	1
筆心	1
合縫	1
評章	1
英制	1
講不通	1
呵責	1
流佈	1
鬥叻	1
七邊形	1
地底泥	1
緊密相聯	1
西哈努克	1
頂住條氣	1
你點知架	1
遠足户外	1
工效	1
宮縮	1
拉臣	1
凹處	1
剎不住	1
漆工	1
着述	1
香港人家	1
熱檸茶	1
散話	1
雅愛	1
亞洲足球聯合會	1
憑準	1
葳蕤	1
主從關係	1
冇咗女人	1
細胞毒性	1
整損手	1
吊沙煲	1
南召	1
一大嚿	1
富餘	1
禮教吃人	1
麒麟果	1
成敗在此一舉	1
終戰日	1
有力措施	1
包書紙	1
混子	1
諸多事幹	1
如廁	1
珠穆朗瑪	1
審慎行事	1
匆促	1
真係慘嘞	1
隨身侍從	1
死中求生	1
餓死事小失節事大	1
正朔	1
色誘	1
依順	1
聯絡簿	1
幸運抽獎	1
焗咳	1
貨櫃船	1
授勳	1
緩徵	1
千房	1
癩皮	1
荷蘭水蓋	1
扣擊	1
來廣州了	1
物輕情義重	1
邊際成本	1
叮熟	1
鼠膽	1
食言而肥	1
倒弄	1
不予考慮	1
你單車	1
中央處理器	1
螢光	1
獵獲	1
幽僻	1
蹭吃蹭喝	1
遲到好過冇到	1
萬能博士	1
你睇實佢	1
工具機	1
未吃飯	1
監誓	1
期油	1
弩兵	1
撥號上網	1
斯賓塞	1
美圓	1
拆拆拆	1
一般原則	1
洗牌疊	1
球狀物	1
小百科全書	1
冒着生命危險	1
唔使隨街摸	1
少少怕	1
滿處	1
歐若拉	1
張自忠	1
土庫	1
合縱連橫	1
可能掛	1
脊索動物門	1
針波	1
尿震	1
影快相	1
膠拖	1
喇臨	1
受勳	1
酸化	1
政情	1
內外兼修	1
當隱形	1
踴躍報名	1
橄欖石	1
提領	1
無準	1
飄蓬	1
碳氫化合物	1
能上能下	1
窮在鬧市無人問	1
少年先鋒隊	1
多義詞	1
料及	1
物各有主	1
樟腦	1
弄些	1
讓人羨慕	1
經常上落	1
波褲	1
藍營	1
滅火喉	1
減速器	1
越活越好	1
仿宋	1
水洗唔甩	1
側視	1
急需品	1
贖罪日戰爭	1
規劃人員	1
延聘	1
禮儀師	1
卡司	1
有背景人士	1
疾雷	1
賽德克族	1
邯鄲學步	1
智牙	1
月明星稀	1
瘀滯	1
過鐘	1
少一條頭髮	1
祈請	1
逛下逛下	1
塗改帶	1
逅	1
盤據	1
癩蝦蟆想食天鵝肉	1
咩都假	1
又吵又鬧	1
預防傳染病	1
導尿管	1
扎肉	1
疑忌	1
波陽	1
打奶	1
擔仔麪	1
勞役地租	1
顫音	1
槍閂	1
偷渡過境	1
閥門	1
圖畫冊	1
做架兩	1
跬	1
嚟齊未	1
轉氨酶	1
拈輕怕重	1
電緊	1
淳厚	1
搓圓撳扁	1
散渙	1
糞金龜	1
可以試啊	1
花之戀	1
污泥濁水	1
十常侍	1
九百畝	1
餌	1
不可避	1
布朗尼	1
身陷牢籠	1
返瞓	1
公一份婆一份	1
駟	1
異特龍	1
塔城地區	1
數據網絡	1
苦命鴛鴦	1
油隔	1
門可羅雀	1
反義字	1
巴膠	1
烏都語	1
標入去	1
番木瓜	1
公證行	1
好吃好住	1
藍哋	1
報佳音	1
簋	1
國際特赦組織	1
情報活動	1
輪唱	1
太陽拳	1
自願者	1
貽誤	1
翻耕	1
瞓著	1
哥基	1
反托拉斯	1
抽痛腳	1
你部門	1
過得自己過得人	1
沖身	1
使怒	1
拖曳	1
大嗱嗱	1
勁挺	1
中華人民共和國香港特別行政區	1
湊湊埋埋	1
仲齊	1
明串	1
巳	1
魚貫	1
抗癌性	1
硫酸鉀	1
通關密語	1
責死	1
共諧連理	1
通喇	1
嘈嘈震	1
白屈菜	1
招聘者	1
尋返	1
方興未艾	1
靈快	1
呆笨	1
萊索托	1
古典派	1
我國人民	1
爭住先	1
鑿壁偷光	1
鬱卒	1
文字改革	1
好漢不提當年勇	1
俄而	1
你到未	1
夷門	1
幾多更	1
差一皮	1
大口環	1
人情薄過紙	1
鯤鵬	1
藍藥水	1
邊個都制	1
樓座	1
亂作古仔	1
特更	1
不明飛行物	1
波霸奶茶	1
南召縣	1
少條頭髮	1
道德困境	1
長圓	1
安息香	1
片斷	1
民權縣	1
商調	1
數來寶	1
食物金字塔	1
署任	1
口痕友	1
車奴	1
清蒸雞	1
綏靖	1
省治	1
渠蓋	1
賣人情	1
拍賣商	1
墊補	1
橫傳	1
疑竇	1
打混	1
非洲統一組織	1
崆	1
審訊官	1
阿崩養狗	1
切雙飛	1
家陣嚟講	1
飯素	1
遙測	1
無線電報	1
開高叉	1
壺關	1
誨人不倦	1
營養衞生	1
幾姐妹	1
分配率	1
秋播	1
噤聲	1
避風處	1
蟻后	1
紙碟	1
簽名簿	1
體格檢查	1
做鬼做馬	1
祜	1
熱血動物	1
鮮奶油	1
宿夜	1
焗意粉	1
風琴袋	1
拉家常	1
軟木塞	1
飛上枝頭變鳳凰	1
齊刷刷	1
做就難	1
門邊框	1
黑鍵	1
柴哇哇	1
洛威拿	1
一雞鳴	1
攞嚟攪嘅	1
禾蟲	1
蠻纏	1
畸胎	1
有板你睇	1
好夜了	1
蘇菜	1
怵	1
唐生菜	1
入咗來	1
櫛	1
雞心領	1
忿忿不平	1
大王眼	1
校褲	1
凹透鏡	1
黃泡	1
周身八寶	1
學生機	1
單打一	1
搶通	1
燒溪錢	1
過了關	1
乾巴	1
實用階段	1
袒胸	1
來嘢	1
舞男	1
中國中央電視台	1
洪門子弟	1
選評	1
冇得駁	1
氤	1
三廂	1
霞氣	1
哀哭	1
首陀羅	1
聽捱打	1
犬儒主義	1
男仔衫	1
塞牙	1
牽念	1
值租	1
零仔	1
咿家	1
北柴胡	1
留尾巴	1
有買趁手	1
圍魏救趙	1
沖完	1
守活寡	1
睇見今日	1
家私	1
畏難	1
刻劃	1
穿反	1
信用等級	1
潸	1
晉見	1
鐵甲車	1
子模型	1
有志於此	1
審度時勢	1
壓平啲	1
凍餅	1
眉鉗	1
坎肩	1
通話錄音	1
民航班機	1
肯去啦嘛	1
耳挖	1
摸蜆	1
黑頸鶴	1
輕小説	1
燈着咗啦	1
納秒	1
黑駿馬	1
胞兄	1
唵	1
全錄	1
洗衣板	1
節能燈	1
給養	1
止損點	1
在深圳嗎	1
球彈	1
個肚有啲唔妥	1
喂到埋口	1
生物降解	1
爹利	1
八抬大轎	1
習得性	1
計時法	1
內流河	1
崗哨	1
單峯駝	1
閃眼	1
袖筒	1
黃簡	1
循環性	1
好趣致	1
崑腔	1
領收	1
定型水	1
彈到樹葉都落	1
油垢	1
結締組織	1
國企股	1
唔使咁火滾	1
鹹粒	1
叉嘢	1
渣甸	1
踢住腳	1
翻抄	1
放馬後炮	1
三人成虎	1
收郵件	1
好境	1
窩釘	1
上得山多遇着虎	1
香紙	1
縱情聲色	1
遺業	1
哀婉	1
海洛因	1
度稿	1
五月病	1
土窯	1
集體化	1
貴人善忘	1
足量	1
喜聯	1
洗血	1
胡椒噴霧	1
陰徑	1
爆星	1
納尼亞	1
財散人安樂	1
頒賜	1
纖塵不染	1
磁頭	1
臨清	1
拗斷	1
温良恭儉讓	1
雷公打豆腐	1
挽鞋	1
豬頭三	1
出身草莽	1
扁平足	1
逼肖	1
仰觀	1
單肩包	1
滯塞	1
私賣	1
死剩把口	1
教學機構	1
無主見	1
詐詐諦	1
煮一鍋	1
照約定	1
酪蛋白	1
借畀我	1
冇眼淚流	1
總路線	1
好盞	1
卸職	1
漯河	1
戴套	1
稀有元素	1
知過改過	1
微細血管	1
臉紅脖子粗	1
鸚鵡仔	1
濺射	1
層狀	1
撲滿	1
行百里者半九十	1
払	1
奠基石	1
七星茶	1
死光槍	1
押租	1
衡器	1
電位器	1
殺馬特	1
乘空	1
同類相殘	1
東中國海	1
四角褲	1
神砂	1
中非共和國	1
流輩	1
班別	1
推油	1
獸行	1
正義黨	1
揾勻	1
零度以上	1
賣剩蔗	1
洋片	1
七個我	1
一干嘢	1
愈來愈	1
勻巡	1
打拱	1
沿灘	1
蒸發器	1
熟鹽	1
睡眠呼吸暫停	1
鐵板牛柳	1
魂魄唔齊	1
油錐	1
弊家溜	1
恵	1
番薯糖	1
結疤	1
面色如土	1
貴格會	1
剛果河	1
私影	1
屎坑關刀	1
倒彩聲	1
摩頂	1
多層面	1
持證人	1
倒掛臘鴨	1
窮餓	1
帶薪休假	1
大階	1
註音	1
活期資金	1
氷	1
促動	1
薄絨	1
我手寫我口	1
陳腔濫調	1
調返嚟	1
開乜會	1
江之島	1
素昧平生	1
俏皮話	1
漸快	1
葱度	1
特稿	1
潰軍	1
精盡人亡	1
反蛋	1
朽木	1
冧班	1
冇嚟神氣	1
人民陣線	1
毛孩	1
天公造美	1
擲骰子	1
丟人現眼	1
大提琴手	1
全日早餐	1
到香港了	1
母蜂	1
蘇粉	1
輪齒	1
鴨苗	1
飽到上心口	1
夔	1
俯視圖	1
筆刨	1
激光器	1
火路	1
當冇到	1
行過龍	1
字庫	1
過把癮	1
再現美	1
抗水	1
鮫人	1
男左女右	1
多胎	1
毛巾架	1
悲惻	1
醋種	1
花枝亂顫	1
疾首	1
死氣喉	1
山頭文化	1
首辦	1
信田卷	1
皮部	1
芍	1
一大兩細	1
變裝皇后	1
囉氣	1
揠苗助長	1
片言隻語	1
食到應	1
卓識	1
杯中物	1
麪青青	1
回信地址	1
佢好高㗎	1
你儂我儂	1
安非他命	1
晩	1
冤口冤面	1
愛爾蘭海	1
埃博拉	1
公開討論會	1
罪性	1
丙子胡亂	1
預卜	1
藥流	1
雪帽	1
企求	1
哈巴雪山	1
下殼	1
浠水	1
香港機場管理局	1
得咁笑	1
守尾門	1
珠母	1
専	1
閩菜	1
頭泥	1
爛平爛賤	1
充大頭鬼	1
之乎者也	1
馬赫	1
撞角	1
動嘴	1
户口制度	1
反式脂肪酸	1
大屌	1
嗶嗶機	1
軍火交易	1
中國小説史略	1
不患寡而患不均	1
把舵	1
好路數	1
粗工	1
直性子	1
諗緊計啦	1
爬蟲類動物	1
坐枱小姐	1
舞小姐	1
棘輪	1
娃娃車	1
混行	1
百般奉承	1
老吹	1
恢弘	1
敢為人先	1
辛苦揾嚟自在食	1
挪威森林	1
婚喪喜慶	1
冰上曲棍球	1
可麗餅	1
焗親人	1
細微末節	1
捍衞戰	1
鑠	1
雅爾塔	1
淹滅	1
保不定	1
九不搭八	1
知恥	1
狹谷	1
星星問	1
蚯	1
棉褸	1
熱情周到	1
浪漫元素	1
拜老公	1
買路財	1
混合文	1
水汪	1
蕾絲花邊	1
當佢哋冇到	1
死死吓	1
過費	1
夜壺	1
志高氣揚	1
縮埋一二角	1
神髓	1
疍家雞見水	1
超平面	1
扯落水	1
選聽	1
洗咗啲衫	1
贈慶	1
型到跌渣	1
包辦代替	1
缺漏	1
卷層雲	1
水中撈月	1
刮料	1
需要服務	1
天搖地轉	1
老泥妹	1
買手提	1
平方呎	1
府幕	1
見縫插針	1
奠儀	1
飲到湯	1
搬鋪	1
庁	1
剤	1
心地純潔	1
揮斥	1
服務提供者	1
清逸	1
青斑	1
遠渡重洋	1
裸辭	1
唔喇	1
餅圖	1
邛	1
人類基因組計劃	1
舊隧	1
弊多於利	1
焗油機	1
唾液腺	1
抗凝血劑	1
續編	1
散買	1
意向書	1
南北對話	1
拆櫃	1
將軍帳	1
墓葬區	1
笑窩	1
抵你衰	1
困倦	1
隨訪	1
胸脅	1
雞春子	1
拋網	1
生物傳感器	1
不成話	1
易於反掌	1
暑瘟	1
山不轉路轉	1
打飛你	1
鱷魚類	1
礫石	1
真冇癮	1
前世姻緣	1
皂角	1
腔口	1
弗里斯蘭	1
狗嘴裏吐不出象牙	1
全部我嘅	1
海端	1
噪音污染	1
曏	1
服務提供商	1
序列號	1
陰陰寒	1
重辣	1
腹壁	1
斯科普里	1
罷斥	1
轉頭嚟過	1
大眾汽車	1
厭氧	1
個心好翳	1
埋櫃	1
暖氣片	1
底骨	1
破台	1
有師弟	1
電熱水煲	1
文科學生	1
壽錢	1
積埋啲錢	1
魚肉人民	1
視錯覺	1
聖胎	1
心臟搭橋手術	1
食物櫃	1
暈頭暈腦	1
實利主義	1
首席財務官	1
急性人	1
滿州話	1
魏瑪	1
破瓜	1
核桃糊	1
荔枝核	1
晏子春秋	1
明人不做暗事	1
台媒	1
外銷量	1
怒形於色	1
鼻青臉腫	1
穆罕默德六世	1
狂戀	1
上一次當	1
歌柄	1
裝萌	1
事有蹺蹊	1
卧龍自然保護區	1
複眼	1
鎖吶	1
作筆記	1
烤肉醬	1
販賣部	1
物換星移	1
潛沒	1
蘇格蘭女王瑪麗	1
沏茶	1
新瓶裝舊酒	1
更代	1
畀㗎	1
拾下拾下	1
點會恨	1
基進黨	1
釋迦佛	1
目迷五色	1
仗勢	1
閘低	1
賣炭翁	1
白色人種	1
死心踏地	1
北歐五國	1
黃腳立	1
北京青年報	1
登記員	1
烏溪沙	1
火山灰土	1
費事話佢	1
喇沙	1
虧損率	1
魯甸	1
地板磚	1
循環小數	1
衫夾	1
恂	1
爆咪	1
炒咗一鑊	1
導航員	1
掌握電腦	1
公寓式	1
仰躺	1
髮蠟	1
我帶你返	1
抔	1
砂布	1
醉聖	1
硝酸鉀	1
形神俱似	1
鹹水話	1
全文檢索	1
水磨功夫	1
撈拿	1
本調	1
盲鼻	1
躉船	1
四個全面	1
雙黃線	1
魚台	1
不問好歹	1
啱瞓醒覺	1
擘開兩隻腳	1
腳註	1
道岔	1
座次	1
耳聞不如目見	1
藍店	1
無套	1
背闊肌	1
洞徹	1
喝完早茶	1
老電	1
派帽	1
訥河	1
偏輕	1
羅拜	1
巴巴閉	1
售樓書	1
白角仔	1
啞劇	1
端木賜	1
鬆返下	1
迎新送舊	1
火焰噴射器	1
儘快咯	1
泛酸	1
衍生工具	1
鄙賤	1
溪水潺潺	1
淚水漣漣	1
議決	1
補血劑	1
出氣口	1
團結就是力量	1
黑森林蛋糕	1
正當年	1
鵝頸橋	1
長俸	1
止血帶	1
發送器	1
排架	1
好冇文化	1
日壇	1
信息素	1
畲	1
衰到唔衰	1
死賬	1
迎頭打擊	1
消息靈通人士	1
碎末	1
虛轉	1
地熱資源	1
嘈到拆天	1
弾	1
鳴放	1
角色扮演遊戲	1
旗校	1
諾魯	1
拮腳	1
水飯房	1
夜梟	1
打鑼咁揾	1
威迫	1
橫加指責	1
跌落坑渠	1
筆飯	1
老感	1
龍巾	1
分內事	1
震過貓王	1
吹漲	1
劫洗	1
妙訣	1
揼雞	1
扣發	1
跳價	1
花手巾	1
權宜之策	1
付之一笑	1
光影效	1
則師	1
出街了	1
韓國妹	1
越南共產黨	1
鋸末	1
野火春風	1
向錢看	1
寛	1
宇宙生成論	1
裁撤	1
結黨營私	1
掛起你	1
針孔攝影機	1
碘酒	1
美人胚子	1
發達國	1
你真係廢	1
青紅幫	1
唔想睬你	1
猶言	1
擅於	1
人而無信	1
電報通知	1
打耳光	1
有年頭	1
壽星仔	1
檐口	1
查水錶	1
巴比龍	1
掏盡	1
黃竹角海	1
中國人民政治協商會議	1
奼	1
輔料	1
天演論	1
磨拳	1
結繩記事	1
滅鼠藥	1
費利克斯	1
的咁大	1
通便藥	1
不經一事	1
蛇口港	1
征塵	1
跟身	1
勤耕	1
瓜農	1
應對如流	1
晚期癌症	1
疏堂姊妹	1
箬	1
撒手人寰	1
閃灼	1
黃龍病	1
鹿死誰手	1
全球物流	1
產科醫生	1
牧草地	1
針孔相機	1
掣肘	1
品頭論足	1
散心解悶	1
逆火	1
吃香喝辣	1
超小型	1
奇人異士	1
大肥妹	1
著火	1
幾草嘢	1
做個好學生	1
設計助理	1
聽日有咩	1
敵特	1
公公正正	1
辦證件	1
昌迪加爾	1
百夫長	1
微觀經濟	1
多元不飽和脂肪酸	1
唔夠道行	1
原產國	1
幕間	1
客務	1
書本知識	1
取整	1
在家千日好	1
好馬不吃回頭草	1
世嘉	1
較味	1
內啡肽	1
戰略重點	1
爆牙	1
鎩	1
金山客	1
袋錶	1
無神神	1
匯價	1
總體佈局	1
帷幄	1
錕	1
反坐	1
鎖匙佬	1
初生蛋	1
落屎	1
豬流感病毒	1
執碟	1
很低分	1
諸多借口	1
削削聲	1
孤寒到死	1
卒業	1
塊根	1
反人道罪	1
軍民兩用	1
語體	1
加工品	1
冶金工業	1
眼睛吃冰淇淋	1
浮財	1
萬古長青	1
小財唔出大財唔入	1
豈料	1
見人就鬧	1
草地滾球	1
籌出	1
筆湯	1
田土廳	1
部分值	1
墮落雞	1
夠薑	1
治外法權	1
定性分析	1
路不拾遺	1
乳臭	1
訴訟法	1
團扇	1
百花油	1
講波佬	1
拉長臉	1
戚屬	1
人口遷移	1
第個禮拜	1
水奶	1
唔知醜字點寫	1
識書	1
慘紅	1
下晏	1
徇眾要求	1
預謀殺人	1
熟稔	1
爆鏡	1
實情繫佢	1
端屎	1
電熱棒	1
弔祭	1
何必如此	1
合檔	1
打孖上	1
膠喉	1
莽草	1
合歡花	1
苦菜花	1
畀佢睇下	1
國務院港澳事務辦公室	1
作手腳	1
外籍華人	1
鎖掣	1
商業應用	1
炅	1
七葉樹	1
西頂	1
區選	1
活得不耐煩	1
印刷者	1
好唱口	1
懶骨頭	1
音櫃	1
教儀	1
倫琴	1
梗概	1
牛津鞋	1
因人成事	1
在深處	1
土着	1
踩鋼線	1
陸軍裝	1
要出貨	1
信筒	1
埋枱	1
口爽荷包立	1
烏哩單刀	1
蛀米大蟲	1
鑽圈	1
尖子生	1
窩蛋	1
乾癬	1
吧吧聲	1
護髮乳	1
冧嘢	1
角回	1
佢仔女多	1
微型小説	1
腔隙	1
鳥槍換炮	1
斜布	1
郢	1
小手小腳	1
插孔	1
隨風倒	1
口印	1
珍玩	1
塑膠粒	1
修面	1
單糖	1
魔難	1
浪鼓	1
租債	1
梳化椅	1
揾銀紙	1
課外讀物	1
反導系統	1
起辦	1
凶兆	1
亞利桑那	1
環幕	1
主幹網絡	1
著力	1
浮圖	1
羅姆人	1
唔使問阿桂	1
果脯	1
帶調	1
血栓形成	1
恆指	1
鬆脆餅	1
留針	1
字鎖	1
有身紀	1
尤甚	1
複變函數	1
橢圓函數	1
截拳道	1
愚弱	1
下逐客令	1
可慮	1
控制層	1
拍行心口	1
棉織	1
棉織業	1
神根	1
生筋	1
視盤	1
雞屙尿	1
崽	1
通信技術	1
可視電話	1
工尺	1
屈駕	1
僅僅如此	1
瓢潑大雨	1
獲益者	1
榻牀	1
折疊	1
企管碩士	1
暉映	1
外斜肌	1
沖塌	1
紋面	1
遵辦	1
抹胸	1
慢慢啜	1
獨角仙	1
度身做衫	1
緩延	1
月桂冠	1
幾啱身㗎	1
挑嘴	1
霸王鴨	1
低空飛過	1
説着玩	1
女低音	1
男低音	1
雕漆	1
陰陽手	1
兩把刷子	1
軍事部門	1
民用飛機	1
卸力	1
生活色彩	1
先敬羅衣後敬人	1
土生葡人	1
黐佬	1
凌日	1
攞定唔攞	1
心不煩	1
穿着講究	1
沒安好心	1
瑪竇	1
大癲大肺	1
間奏	1
出紅疹	1
肉好實	1
大屯火山	1
災情慘重	1
止到咳	1
領便當	1
威客	1
日掛夜掛	1
地下錢莊	1
攪禍	1
冧友	1
延接	1
等腰	1
加蓬	1
執輸行頭	1
審改	1
拳腳無眼	1
因此之故	1
移用	1
康樂棋	1
牙音	1
情不可卻	1
吊釘	1
輸卵管	1
民進黨	1
濕手巾	1
波皮都掂唔到	1
牙冠	1
消損	1
純奶	1
老番涼茶	1
點喔	1
塗寫	1
耳軟	1
副廠長	1
據料	1
金湯匙	1
聽其言而觀其行	1
息心	1
開暢	1
手指拗出唔拗入	1
一粒神	1
古坑	1
入夥紙	1
攙	1
胸襲	1
震旦	1
鳩佔雀巢	1
茄喱啡	1
中寧縣	1
蚊型	1
盤管	1
唔覺啵	1
邇	1
市民社會	1
嗌一場交	1
真激氣	1
揾囉	1
我想買樓	1
擠上去	1
打包單	1
隨吉	1
離教	1
我識有	1
莊稼漢	1
陡壁	1
荼毒生靈	1
茅山法術	1
菠菜豆腐	1
合眼緣	1
千佛洞	1
鋭敏	1
收拾書包	1
自悔	1
奶罩	1
儀表盤	1
委任統治	1
周敦頤	1
帶紅色	1
混合器	1
駐屯	1
引力波	1
耐洗	1
總覽	1
危險感	1
你做乜遮	1
原生生物	1
攤錢	1
前程無憂	1
拉鈎	1
不用裝	1
中咗肺炎	1
喺邊度呀	1
開坑	1
布萊尼	1
電結他	1
從戎	1
阿駝行路	1
懨	1
高速率	1
原子論	1
歪瓜裂棗	1
文竹	1
聊且	1
圖書證	1
慢駛	1
裝嚟用	1
走形式	1
亂棍打死老師傅	1
文學知識	1
對對糊	1
妙言妙語	1
培訓室	1
做滿月	1
黑體字	1
差仔	1
襪褲	1
燉鍋	1
右邊兒	1
畫虎不成反類犬	1
存儲器	1
安大略	1
眾寡	1
走形	1
幼雛	1
煤氣瓶	1
你同我鬥	1
痴頭芒	1
豬膏	1
絮絮叨叨	1
香港哋	1
孖煙囱	1
跌跌爬爬	1
弱智兒童	1
混凝	1
孖潤腸	1
違禁物品	1
定形	1
三分熟	1
落差你	1
滿目琳琅	1
萬惡淫為首	1
撩鬼攞病	1
國土資源部	1
大件抵食	1
化皮	1
魁偉	1
無嘅話	1
國策顧問	1
一天一個樣	1
智育	1
不疾不徐	1
燭架	1
寒寒凍凍	1
臨老入花叢	1
囊中物	1
朗屏	1
鋁磚	1
由此至終	1
照貓畫虎	1
娘炳	1
又幾似	1
插翅難飛	1
顯目	1
公器私用	1
大情大性	1
腳仔震震	1
働	1
孰能無過	1
右上左落	1
著用	1
濕潤劑	1
亞的斯亞貝巴	1
騎馬者	1
礙口	1
太半	1
認真吸取	1
要您請	1
怒江大峽谷	1
胺基酸	1
德律風	1
桶櫃	1
百頂	1
聯合國海洋法公約	1
受刑人	1
節育	1
賊窩	1
腰桿子	1
炒齋河	1
癲價	1
詐刑	1
宛轉	1
同班輩	1
薰風	1
廣東牌	1
走電	1
音樂團體	1
聲類	1
豬耳繩	1
雙週刊	1
名聲遠播	1
外國血統	1
恩同再造	1
埃爾福特	1
駁正	1
超級期待	1
心肺停止	1
食死蟹	1
假種皮	1
瘙癢症	1
見肚	1
留利	1
遇事不決	1
攪珠	1
呃蝦條	1
了卻此生	1
登六	1
狡黠	1
自動鉛筆	1
醒定啲嚟	1
一元復始	1
公共假期	1
我回深圳	1
工具架	1
乾包	1
地毯式轟炸	1
執枱	1
皮臉	1
羅巴切夫斯基	1
超得意	1
莫逆	1
派性	1
王八犢子	1
拒不接受	1
將棋	1
依法治理	1
輻射熱	1
流目	1
抑鬱不平	1
祭物	1
豬腦子	1
骨骨子子	1
謝皮	1
供應室	1
好咬口	1
楫	1
掠低	1
社會賢達	1
柔焦	1
增稠劑	1
屙噓噓	1
雜流	1
刨刀	1
険	1
猛擊一掌	1
卜帽	1
固定點	1
飲食天地	1
圍威喂	1
睇見未	1
罷黜百家	1
塞翁失馬焉知非福	1
擴張政策	1
花繩	1
延請	1
咖央	1
卜卜米	1
佰	1
和洽	1
擦鞋狗	1
故址	1
爪機	1
刀馬旦	1
粘米	1
大白鷺	1
獨奏曲	1
赫爾辛基	1
品質管制	1
今日打風	1
全球定位系統	1
地圖炮	1
爛用	1
丟書包	1
薩克森州	1
羅白仔	1
長命富貴	1
炒友	1
輸面	1
電腦網	1
呃錢呃糧票	1
指揮燈	1
公文書	1
鐵杵磨成針	1
儲值票	1
偷跳	1
掰手腕	1
不溜	1
優秀幹部	1
子京	1
私下交易	1
惡爺頭	1
迴轉壽司	1
埋底	1
截個圖	1
綠色森林	1
淚液	1
結膜	1
翻釘	1
幾點先	1
曲水	1
皮肉錢	1
灌溉渠	1
食得下	1
教職員工	1
頭炷香	1
盲音	1
過埠	1
卡加利	1
放咁多日	1
屌你老味	1
打字法	1
單值	1
你吹乜	1
黑狗得食	1
撈味	1
摸身摸勢	1
清潔器	1
伊斯蘭聖戰組織	1
白皮豬	1
許多工作	1
爆呔	1
破題	1
鐘樂	1
賜坐	1
吃得住	1
嚕邊	1
定編	1
有頭冇尾	1
咩圖片	1
漢藏語	1
請提意見	1
出門未	1
醫唔掂	1
軍官團	1
不孕症	1
扣題	1
偏勞	1
食撻	1
風火水電	1
圓形麪包	1
沒長眼	1
鐵血宰相	1
撳電掣	1
以物易物	1
智能設計	1
生物材料	1
唔寫得字	1
千面人	1
墟日	1
奇崛	1
遺志	1
電力機車	1
市牢	1
遺傳工程	1
燕尾蝶	1
實用工具	1
法屬波利尼西亞	1
清澗	1
穩厚	1
班駁	1
重抄	1
荊棘滿途	1
惹毛	1
即興發揮	1
平嘢冇好嘢	1
把托	1
擘畫	1
搭接	1
元太祖	1
俳	1
靶船	1
參看	1
企望	1
邊理得咁多	1
後燕	1
假頭髮	1
帶累	1
泰米爾語	1
忙音	1
白匪	1
巴之閉	1
蝦眼水	1
藍書	1
胡天胡帝	1
禁睇	1
大時偷金	1
大不列顛島	1
壽仔	1
孱弱書生	1
無記名	1
命不久已	1
不中不西	1
修鞋匠	1
高級職務	1
實屬無奈	1
言必信	1
行必果	1
醇酸	1
舊約全書	1
步搖	1
路寬	1
聒	1
藩國	1
哪壺不開提哪壺	1
熊熊燃燒	1
青豆角	1
多國部隊	1
碼線	1
實質質	1
學齡兒童	1
雪糕新地	1
攬頸	1
韓國話	1
三亂	1
有架勢	1
唯心論	1
酒暈	1
篡政	1
大姑姐	1
勻速運動	1
拋補	1
反問語氣	1
鎮靜藥	1
入牆櫃	1
現磨	1
口疏疏	1
商水	1
脱靶	1
急救知識	1
吹唔漲	1
強力部門	1
格勒諾布爾	1
雙糖	1
泄泄	1
前甲板	1
熠耀	1
抵賬	1
驚喜若狂	1
笙簫	1
跑跑顛顛	1
完滿無缺	1
走警報	1
切實有效	1
銀洋	1
肥雞餐	1
柒頭	1
逆温	1
虢	1
不吭一聲	1
吐訴	1
護著	1
地史	1
圖畫故事	1
上一號	1
寫菜	1
化學療法	1
係咪好傻	1
中華人民共和國主席	1
側便	1
異數	1
質次價高	1
詩興大發	1
樹大有枯枝	1
族大有乞兒	1
下欄貨	1
豬網油	1
展延	1
剝削階級	1
派勢	1
貨件	1
街交	1
水節	1
戴卓爾	1
紙屑	1
子彈仔	1
描紅	1
月圓花好	1
鹹碟	1
高下立判	1
基因修改	1
指甲水	1
超友誼關係	1
傳家寶	1
手鞠	1
盧瓦爾河	1
砂輪	1
奠祭	1
產程	1
快啲散水	1
準線	1
偽證	1
豬頭柄	1
年幾兩年前	1
一無可取	1
八字都冇一撇	1
聵	1
無似	1
找份工作	1
廣州也有	1
銀蝶	1
撥號盤	1
幽閉恐懼	1
發顫	1
嗒真下	1
機電設備	1
頭半天	1
咩也	1
溧	1
濟軍	1
小寫字母	1
勉力而為	1
做錯也	1
強烈願望	1
惡劣影響	1
煩勞	1
乜嘢料啊	1
暗井	1
圓謊	1
鐫	1
雜種仔	1
簡約主義	1
燕京啤酒	1
畀埋你	1
覲	1
好聽點	1
自殺式爆炸	1
原被告	1
唔講了	1
則王	1
等距離	1
章台	1
鹹豬骨粥	1
近親交配	1
泡沫塑料	1
東洋鬼子	1
大專會堂	1
石敢當	1
薯頭嘜	1
繼父母	1
易受攻擊	1
大家好做	1
倒返轉	1
游泳鏡	1
諗爛心肝	1
搏乜啊	1
第七聲	1
臉皮薄	1
瀨屎瀨尿	1
盲妹	1
觀音開庫	1
麝香草	1
油加利	1
教堂墓地	1
體系化	1
汗漬	1
鳥禽	1
短切切	1
樽鹽	1
戛	1
超距作用	1
空跑一趟	1
學乜似乜	1
兩害取其輕	1
濕濕哋	1
健忘症	1
扮裝	1
讀屎片	1
呎	1
提高效益	1
攞枱	1
私買	1
侍衞官	1
臨時校舍	1
官場現形記	1
炸壞	1
限界	1
他山之石可以攻玉	1
死艇	1
癖性	1
上揚趨勢	1
雞咳	1
令導人	1
蹲伏	1
弓足	1
嗻	1
尾欠	1
五柳魚	1
落葉松	1
蓓	1
慌得	1
橫九掂十	1
簽紙	1
克什米爾	1
真納	1
撥火棍	1
好漢做事一人當	1
蹩腳	1
搶鏡頭	1
自視清高	1
不要面	1
結焦	1
靈丘	1
笑到面黃	1
鬼畜	1
八百載	1
睥住	1
歷奇	1
繁密	1
放射病	1
草龜	1
藴結	1
啓市	1
紅褲仔出身	1
試吓	1
蛇足	1
黏米	1
徘徊不前	1
過態	1
矯詔	1
盲棋	1
膝頭蓋	1
好冇睇	1
睾丸	1
返學未	1
一色一樣	1
長命債長命還	1
褸裙	1
靠走廊	1
老懵董	1
三次曲線	1
譜帶	1
虛擬銀行	1
二八年華	1
潰膿	1
醉酒駕車	1
鑽窿	1
小毛蟲	1
湊腳	1
沙盆	1
異見	1
成則為王	1
徼	1
吃奶的力氣	1
三角肌	1
揼心	1
詞綴	1
弔文	1
文法學校	1
水土保持	1
按章工作	1
秘書工作	1
丙基	1
優惠貸款	1
燃放鞭炮	1
破蛹	1
相通點	1
徵稿	1
資生堂	1
塞豆窿	1
消費水準	1
零舍醒神	1
撥子	1
吹罰	1
惡名昭彰	1
騎呢怪	1
隨葬品	1
三步不出閨門	1
臭烘烘	1
蒸生瓜	1
隱情不報	1
波霎	1
風水尾	1
彈射座椅	1
出入口公司	1
釘書釘	1
冬菇雞	1
攤咗喺牀	1
陰溝裏翻船	1
拉丁語系	1
如有所失	1
擦錯鞋	1
人肉鬧鐘	1
三角板	1
空口説白話	1
失着	1
魚毛仔	1
入銀仔	1
曱甴屎	1
膠粘	1
彭澤縣	1
風眼牆	1
工薪族	1
社畜	1
怒火萬丈	1
氣筒	1
沖服	1
隱遁	1
錫石	1
多角形	1
十二角形	1
缺油	1
設圈套	1
青工	1
鍾意點就點	1
免票	1
唔受水	1
合皮	1
眼鏡套	1
缺額	1
黃金分割	1
叶韻	1
出古惑	1
翅展	1
表面活性劑	1
工蟻	1
自動恢復	1
插頁	1
由奢入儉難	1
英界	1
情人知己	1
砂盆	1
瞎猜	1
弒	1
舒慶春	1
前仆後繼	1
捕蟲	1
施予	1
徇私舞弊	1
拖線	1
譯寫	1
出去威	1
傳道者	1
一注香	1
亂扔垃圾	1
樣丙	1
妝扮	1
小公共	1
硬席	1
人口危機	1
月朔	1
有排衰	1
蒙蔽	1
中國地震台	1
真空管	1
今越	1
辺	1
烏蠅鏡	1
推拉門	1
雞乸竇	1
隱形戰車	1
供花	1
書卷獎	1
不足為訓	1
代扣	1
簿記	1
未詳細睇	1
招積	1
暈針	1
台港澳	1
白吃	1
哀榮	1
雅歌	1
冇密碼	1
雞血石	1
慘相	1
閬中	1
選輯	1
忍屎	1
十蚊銀	1
疙	1
秋水伊人	1
抱石	1
賴帳	1
叛教	1
引燃	1
責任事故	1
劇評人	1
躁狂抑鬱症	1
凍穿	1
七號差館	1
眼公仔	1
菁英	1
逆產	1
大山雀	1
主族	1
非條件反射	1
服喪	1
嘖嘖稱奇	1
略舉	1
國際換日線	1
麻骨	1
物理療法	1
打地氣	1
復合	1
排到尖沙嘴	1
飛機着火	1
義師	1
壓板	1
你快來	1
前緣未了	1
入門課程	1
挨踢	1
脂麻	1
文選集	1
淨高	1
黐食	1
有頭威	1
揞口費	1
風櫃	1
牛肉湯麪	1
水喉佬	1
安唔安排	1
蒲葵	1
金剛鸚鵡	1
潮勝	1
小盤尾	1
豉椒炒魷	1
酷似	1
福壽魚	1
多妻制	1
華界	1
無日無之	1
挨著	1
稍小	1
台步	1
筠連	1
沙葛	1
適應工作	1
歐泊	1
同一個鼻哥窿出氣	1
補針	1
單套	1
聶聶	1
儲存區	1
喪假	1
蟹爪蘭	1
貨到付款	1
怪唔之	1
活血止痛	1
合成體	1
抵減	1
高麗參	1
天青石	1
識錯咗佢	1
烈火乾柴	1
檔案名	1
邊恕	1
保母	1
請茶	1
圍讀	1
簽好名	1
發老脾	1
修憲	1
慣用手	1
政教分離	1
戥你開心	1
高炒	1
摩羅街	1
封相	1
齜牙	1
空郵	1
骨器	1
閉關政策	1
汀九橋	1
堅尼係數	1
淡定有錢剩	1
漏斗雲	1
優異性	1
亮藍	1
羥基丁酸	1
排咗期	1
斷纜	1
劃切	1
克羅地亞共和國	1
壑	1
轉虧為盈	1
錶的	1
遞句	1
香雞腳	1
裙褲	1
窒腳	1
牛屎龜	1
駁腳	1
敵對性	1
一妻制	1
神仙魚	1
生人霸死地	1
桌機	1
債户	1
幾時回去	1
咿啲	1
檔仔	1
亞洲電視本港台	1
魎	1
磨穿席	1
你走你的陽關道	1
衰鬼豆	1
貼生	1
會會地	1
不規則四邊形	1
所言甚是	1
顧盼自雄	1
噎住	1
中褸	1
夏威夷島	1
扁撻撻	1
有路數	1
驚慌失色	1
出伏	1
三段論	1
執筆忘字	1
罡	1
直屬機關	1
烏語	1
下中農	1
骨膜炎	1
遲頓	1
套問	1
飛短留長	1
海底撈針	1
無不達	1
你好賤格	1
你唔係呀嘛	1
近身妹	1
加州卷	1
擒上樹	1
排槍	1
二獎	1
向陽花	1
糅	1
眼蟲	1
去死啦你	1
作風正派	1
技倆	1
験	1
毆鬥	1
刀匠	1
置若罔聞	1
付款條件	1
戀家	1
光頭老	1
趨炎附勢	1
亂哄哄	1
麋	1
醋栗	1
脈口	1
沽空	1
叮噹貓	1
盪失路	1
灰皮諾	1
齁	1
執齊嘢	1
化德	1
自動自發	1
講心啫	1
光山縣	1
墊支	1
提權	1
脈診	1
税單	1
好嘅唔靈醜嘅靈	1
電扇	1
吊頸都要唞下氣	1
辟雍	1
常言説得好	1
見亮	1
通亮	1
出沖	1
諉過	1
交予	1
古道熱腸	1
周轉	1
眼鏡布	1
噴池	1
韻頭	1
捐命	1
警署警長	1
盤錯	1
金元券	1
咁惡頂	1
傳觀	1
戰略轟炸	1
慢出	1
橄欖山	1
啫係點	1
椰撻	1
蟹春	1
不長眼睛	1
難以出口	1
八十天環遊地球	1
西關美食	1
沙塵白霍	1
刻骨相思	1
祝枝山	1
篤波	1
掃雪車	1
長槍短炮	1
噏	1
童黨	1
胴體	1
石螺	1
中學後門	1
猜枚	1
申討	1
珊瑚石	1
翼然	1
棘腳	1
青年仔	1
緝獲	1
一盞香	1
豬郎	1
緊巴巴	1
打側坐	1
靚到暈	1
趕得起	1
鞣酸	1
配套改革	1
短衣幫	1
難喝	1
受氣包	1
打埋算盤	1
自然舒適	1
參觀團體	1
線民	1
單純皰疹病毒	1
開心仔	1
飄舉	1
陽極	1
攤攤腰	1
緊繃繃	1
景福宮	1
檢漏	1
十萬位	1
百萬位	1
膀胱氣化	1
打孔器	1
鷹擊長空	1
打悶雷	1
申訴書	1
你條蛋散	1
吃豆人	1
馬頭魚	1
模胡	1
腳板堂	1
上箭頭	1
遊學生	1
尊卑不分	1
秋老虎	1
飛起來咬	1
麗音	1
聖約翰大教堂	1
美工刀	1
訂書機	1
前胸貼後背	1
馬克思主義者	1
唱本	1
揸大旗	1
小括號	1
天人關係	1
鹽酸	1
租務管制	1
紅糖罐	1
彈結他	1
打耳	1
不以規矩	1
打倒褪	1
回到家啦	1
偉舉	1
回本菜	1
反面人物	1
怪念頭	1
輸少當贏	1
巧婦難為無米炊	1
伊雲斯	1
孿生姐妹	1
險遭不測	1
貪小失大	1
攀扯	1
捉蟲入屎窟	1
暈暈陀陀	1
種子植物	1
好重皮	1
個體經濟	1
妄説	1
泥足深陷	1
犬儒	1
蘇州屎	1
家肥屋潤	1
脈衝星	1
生長素	1
越秀公園站	1
一天一地	1
黨參	1
唉姐	1
所屬單位	1
包產到户	1
三足金烏	1
夾親隻手	1
彈撥	1
可以攻玉	1
合什	1
過火位	1
騾	1
公毫	1
冇訂企	1
坐包廂	1
遲誤	1
長徑	1
台灣獨立	1
傾頹	1
一把鑰匙開一把鎖	1
政棍	1
黐纏	1
敍述性	1
潤飲	1
代人受過	1
站穩扶好	1
卡尺	1
此伏彼起	1
磨嘴皮	1
先晚	1
一千幾百猶如垃圾	1
天生的一對	1
我好想嘔	1
沙煲咁大個膽	1
好柒啊	1
賣面子	1
至遲	1
戒飯	1
靈擎	1
復審	1
急呀	1
蔓生	1
基圍蝦	1
思思縮	1
打棋子	1
焗腳	1
脱除	1
秭	1
乞超	1
轉一趟	1
上雜	1
南薑	1
樓換樓	1
購票機	1
奇異鳥	1
無線電通信	1
即使間	1
外藩	1
改約	1
頭艙	1
迥然	1
唔搭嘅	1
行街紙	1
文創產業	1
戊戌六君子	1
參考書目	1
放大紙	1
牛乳餅	1
羅氏蝦	1
冒升	1
鼻屎咁大	1
唔游	1
跌水	1
旺蒼	1
縮尺	1
寄倉	1
小兒經	1
追訴時效	1
音拍	1
不切合實際	1
肆行	1
喝神喝鬼	1
暖調	1
霊	1
打豆	1
所多瑪	1
洋底	1
施洗	1
殫精竭慮	1
瞥見	1
低低切切	1
公共道德	1
富國安民	1
訕訕	1
蓋門	1
著錄	1
瘠	1
肇慶人	1
支撐架	1
層巒	1
結束時間	1
隨機過程	1
秦始皇帝陵	1
累死累活	1
怒漢	1
貼邊	1
組織生活	1
善風	1
公假	1
探雷	1
窮則思變	1
嶠	1
濾膜	1
驚歎號	1
殺牛宰羊	1
扯褲	1
訳	1
沙悟淨	1
布魯克海文國家實驗室	1
喊欄	1
爽快感	1
對立統一	1
底裙	1
襄陽區	1
戰棋	1
琴晚會	1
葡糖	1
遙距	1
曳嘢	1
十指纖纖	1
福利事業	1
飽死荷蘭豆	1
手跡	1
英國管	1
歐洲航天局	1
徒手搏擊	1
車唔到	1
冇乜好睇	1
到時到候	1
蒸發皿	1
媳婦熬成婆	1
鑽粉	1
磁感線	1
長頸龍	1
後擋板	1
花押	1
魘	1
油榨	1
以備不測	1
拱狀	1
剁走	1
窒口窒舌	1
豌豆尖	1
詐假意	1
禁止停車	1
杏壇	1
石印	1
好多喔	1
粘糊	1
破開兩邊	1
風乾機	1
物離鄉貴	1
射唔準	1
叢台	1
鏽斑	1
紙樣	1
極辣	1
妓寨	1
為得朋友	1
檸檬雞	1
拋個身出嚟做	1
大包米	1
犯難	1
寬窄	1
自淫	1
苦因	1
十字海	1
語言訓練	1
博鰲亞洲論壇	1
酬神	1
副駕駛員	1
複句	1
性別角色	1
支薪	1
好鬼嘈	1
隨由	1
發脾四	1
吹凍佢	1
萬古千秋	1
吸著	1
螺釘	1
坑窪	1
嘅嗟	1
裱花袋	1
拍演	1
左後方	1
歷史成本	1
既然之	1
倘或	1
冇咁快知	1
高視闊步	1
涼果	1
啊好無語	1
擔沙填海	1
未入世	1
敍利亞文	1
多角體	1
印刷量	1
屁顛屁顛	1
會幕	1
涪	1
繼續諗諗	1
疾馳而過	1
踩冰	1
直角三角形	1
自由意志主義	1
紙字	1
闘	1
金屬薄片	1
丹皮	1
米牛	1
險些	1
多明尼加共和國	1
戰略轟炸機	1
捍衞者	1
賊毛	1
組合技	1
笑貧不笑娼	1
攣弓蝦米	1
殫	1
瘟女	1
燒烤汁	1
保養證	1
死蛇爛鱔	1
海上鮮	1
君子之爭	1
太空步	1
小湧	1
劫持者	1
廁紙架	1
畀電話我	1
美國宇航局	1
水鹿	1
應辦	1
孭仔	1
搖曳多姿	1
做緊咩呀	1
代客泊車	1
耐火磚	1
編委會	1
鬥踩	1
老鼠跌落天秤	1
井號	1
捉痛腳	1
開襠褲	1
諫言	1
蠶蟲師爺	1
默書簿	1
肯定去啦	1
複合材料	1
抜	1
通櫃	1
簿冊	1
拉尺	1
拒絕毒品	1
射落海	1
扭計祖宗	1
含混	1
隨禮	1
亞仔	1
棄惡從善	1
阿巴拉契亞	1
市轄區	1
貨車專用	1
精雕細刻	1
違言	1
女傑	1
侵夜	1
黑啄木鳥	1
掌政	1
弊就弊在	1
紅三魚	1
擺闊佬	1
大撻	1
死硬撐	1
軟硬不吃	1
高粱粟	1
落簾	1
收支相抵	1
又要馬兒不吃草	1
散件	1
柳記	1
不沖涼	1
臭檔	1
內弟	1
任憑風浪起	1
掌握分寸	1
反語	1
讀音錯誤	1
盜亦有道	1
扳子	1
唔夠火	1
玫瑰咖啡	1
直達車	1
一子錯	1
匡復	1
寬廣度	1
要賬	1
搬箱	1
芩	1
五苓散	1
三日香	1
酒香不怕巷子深	1
渣哥	1
生榮死哀	1
拍子簿	1
憤怨	1
咁盟塞	1
直角尺	1
中提琴	1
電箱	1
唐古拉山脈	1
電壺	1
纖維瘤	1
數據機	1
磨折	1
絲料	1
切腹自殺	1
成個老襯	1
鵜	1
加載中	1
黠	1
詔命	1
蔑稱	1
脆皮雞	1
雞包仔	1
同場加映	1
還對我	1
墜子	1
初文	1
午時花	1
権	1
飯商	1
追撞	1
擠緊	1
征用	1
兩分法	1
樓身	1
發生器	1
電力工業	1
野菊	1
和胃	1
廿四史	1
做假數	1
晨間	1
衝擊鑽	1
嗲幾句	1
鱗次櫛比	1
心土	1
頂角	1
男性親屬	1
茶樓搬家	1
回函	1
憋氣	1
討便宜	1
周打蜆湯	1
無本事	1
細調	1
有則改之	1
無則加勉	1
艾比湖	1
危境	1
三蛇羹	1
黑管	1
銀針粉	1
老襟	1
冇咩大用	1
攞出來	1
胳膊肘	1
書壇	1
衣然	1
仁丹	1
連踢帶打	1
解像力	1
近體詩	1
服軟	1
本是同根生	1
艙房	1
